city,date,temperature,rain_probability,wind_speed,humidity
仙台,2019-01-01,2.7,70,2.6,75
仙台,2019-01-02,1.6,0,3.0,65
仙台,2019-01-03,1.9,10,3.0,60
仙台,2019-01-04,5.4,0,3.1,60
仙台,2019-01-05,4.4,80,4.7,62
仙台,2019-01-06,2.1,0,2.6,60
仙台,2019-01-07,2.6,10,2.5,63
仙台,2019-01-08,2.8,30,3.0,64
仙台,2019-01-09,1.0,0,5.2,51
仙台,2019-01-10,5.2,0,2.8,66
仙台,2019-01-11,2.8,0,4.4,54
仙台,2019-01-12,4.2,0,2.6,61
仙台,2019-01-13,2.9,0,2.2,63
仙台,2019-01-14,2.4,0,2.0,64
仙台,2019-01-15,5.1,0,3.9,59
仙台,2019-01-16,2.2,0,3.1,51
仙台,2019-01-17,3.3,80,4.1,63
仙台,2019-01-18,2.0,90,7.4,55
仙台,2019-01-19,3.8,0,5.2,51
仙台,2019-01-20,3.6,90,2.2,81
仙台,2019-01-21,1.1,50,6.9,51
仙台,2019-01-22,2.7,10,4.3,57
仙台,2019-01-23,5.3,50,3.7,58
仙台,2019-01-24,0.5,40,6.8,50
仙台,2019-01-25,1.7,50,1.2,62
仙台,2019-01-26,0.6,20,2.4,71
仙台,2019-01-27,2.7,0,3.9,58
仙台,2019-01-28,4.9,60,4.2,59
仙台,2019-01-29,3.4,20,7.7,60
仙台,2019-01-30,4.8,0,3.4,60
仙台,2019-01-31,4.9,40,3.5,60
仙台,2019-02-01,0.2,0,8.6,50
仙台,2019-02-02,5.0,30,6.0,47
仙台,2019-02-03,7.5,10,2.6,69
仙台,2019-02-04,6.9,10,7.8,55
仙台,2019-02-05,5.1,0,3.0,51
仙台,2019-02-06,6.0,0,1.3,63
仙台,2019-02-07,11.9,20,4.0,50
仙台,2019-02-08,-0.4,0,6.0,46
仙台,2019-02-09,-0.4,90,1.4,72
仙台,2019-02-10,0.6,0,4.4,47
仙台,2019-02-11,3.1,10,2.4,59
仙台,2019-02-12,1.8,0,5.9,46
仙台,2019-02-13,1.1,0,5.5,51
仙台,2019-02-14,1.3,0,5.2,47
仙台,2019-02-15,2.8,0,2.8,52
仙台,2019-02-16,5.0,10,5.5,52
仙台,2019-02-17,4.4,0,5.4,49
仙台,2019-02-18,6.6,0,3.7,53
仙台,2019-02-19,7.0,50,0.6,78
仙台,2019-02-20,5.8,90,2.2,94
仙台,2019-02-21,7.0,0,4.2,60
仙台,2019-02-22,7.9,0,4.3,51
仙台,2019-02-23,6.2,0,5.1,43
仙台,2019-02-24,7.4,0,2.4,57
仙台,2019-02-25,11.5,0,3.7,51
仙台,2019-02-26,6.4,0,4.3,43
仙台,2019-02-27,5.9,0,2.0,53
仙台,2019-02-28,6.7,60,1.6,77
仙台,2019-03-01,8.9,0,3.9,55
仙台,2019-03-02,8.5,0,4.9,37
仙台,2019-03-03,8.8,0,2.7,58
仙台,2019-03-04,7.0,90,3.3,71
仙台,2019-03-05,8.6,0,1.4,61
仙台,2019-03-06,12.2,0,3.6,49
仙台,2019-03-07,4.9,100,2.8,91
仙台,2019-03-08,5.2,0,5.7,47
仙台,2019-03-09,10.8,0,2.9,46
仙台,2019-03-10,13.6,0,2.4,50
仙台,2019-03-11,8.6,100,6.5,87
仙台,2019-03-12,11.1,20,4.7,53
仙台,2019-03-13,8.9,50,6.3,53
仙台,2019-03-14,6.0,30,8.0,48
仙台,2019-03-15,7.6,40,2.8,56
仙台,2019-03-16,8.7,20,4.3,46
仙台,2019-03-17,7.3,30,2.2,55
仙台,2019-03-18,8.1,0,3.3,53
仙台,2019-03-19,14.1,0,1.7,42
仙台,2019-03-20,12.9,0,2.6,56
仙台,2019-03-21,14.0,20,2.6,75
仙台,2019-03-22,8.8,0,3.4,56
仙台,2019-03-23,5.2,0,5.3,47
仙台,2019-03-24,4.4,0,7.2,43
仙台,2019-03-25,11.0,0,4.7,44
仙台,2019-03-26,13.9,0,3.5,48
仙台,2019-03-27,10.3,20,6.3,43
仙台,2019-03-28,6.4,0,7.3,38
仙台,2019-03-29,8.0,0,4.5,35
仙台,2019-03-30,3.5,70,3.4,82
仙台,2019-03-31,5.5,90,2.0,81
仙台,2019-04-01,5.2,80,1.7,74
仙台,2019-04-02,4.7,40,5.8,48
仙台,2019-04-03,6.5,0,6.3,42
仙台,2019-04-04,10.1,30,5.3,52
仙台,2019-04-05,16.8,0,6.3,35
仙台,2019-04-06,10.6,0,8.4,39
仙台,2019-04-07,12.9,20,5.0,52
仙台,2019-04-08,8.5,20,2.7,54
仙台,2019-04-09,9.6,0,7.0,44
仙台,2019-04-10,5.2,70,2.6,74
仙台,2019-04-11,7.4,50,3.2,60
仙台,2019-04-12,11.6,50,2.3,41
仙台,2019-04-13,13.3,0,2.7,40
仙台,2019-04-14,14.1,0,3.7,63
仙台,2019-04-15,12.3,40,9.8,54
仙台,2019-04-16,15.6,0,3.3,43
仙台,2019-04-17,16.0,0,2.0,58
仙台,2019-04-18,17.0,0,2.8,60
仙台,2019-04-19,15.6,10,4.4,51
仙台,2019-04-20,14.2,0,3.3,34
仙台,2019-04-21,13.4,0,2.5,51
仙台,2019-04-22,18.2,0,4.3,38
仙台,2019-04-23,15.4,0,3.9,56
仙台,2019-04-24,19.9,0,3.8,68
仙台,2019-04-25,21.6,50,2.2,73
仙台,2019-04-26,6.3,90,2.6,84
仙台,2019-04-27,7.6,70,2.7,76
仙台,2019-04-28,13.5,0,3.2,43
仙台,2019-04-29,14.6,0,2.6,61
仙台,2019-04-30,12.1,100,3.7,95
仙台,2019-05-01,18.5,10,2.0,76
仙台,2019-05-02,15.5,0,7.4,39
仙台,2019-05-03,18.8,10,2.2,42
仙台,2019-05-04,19.8,0,1.6,46
仙台,2019-05-05,19.4,0,2.6,56
仙台,2019-05-06,19.1,70,5.0,71
仙台,2019-05-07,13.8,0,6.1,36
仙台,2019-05-08,18.9,0,4.8,31
仙台,2019-05-09,21.5,0,3.1,34
仙台,2019-05-10,22.4,0,3.8,38
仙台,2019-05-11,16.6,0,3.1,59
仙台,2019-05-12,13.4,0,3.2,57
仙台,2019-05-13,14.4,0,2.9,55
仙台,2019-05-14,18.5,0,1.6,71
仙台,2019-05-15,17.8,40,2.2,77
仙台,2019-05-16,19.2,0,3.1,67
仙台,2019-05-17,19.8,0,3.9,66
仙台,2019-05-18,20.0,0,5.2,58
仙台,2019-05-19,20.3,0,6.4,62
仙台,2019-05-20,20.0,0,9.2,64
仙台,2019-05-21,18.1,100,4.2,90
仙台,2019-05-22,20.7,0,1.4,51
仙台,2019-05-23,22.3,0,2.0,41
仙台,2019-05-24,24.9,0,3.3,36
仙台,2019-05-25,23.8,0,2.7,49
仙台,2019-05-26,28.4,0,2.0,47
仙台,2019-05-27,27.3,0,2.0,46
仙台,2019-05-28,26.0,30,2.9,51
仙台,2019-05-29,20.1,10,3.3,51
仙台,2019-05-30,23.3,0,3.4,36
仙台,2019-05-31,22.2,30,3.1,60
仙台,2019-06-01,21.0,40,2.8,59
仙台,2019-06-02,22.6,0,3.1,57
仙台,2019-06-03,23.6,20,2.5,66
仙台,2019-06-04,24.8,0,2.3,62
仙台,2019-06-05,26.2,0,1.7,61
仙台,2019-06-06,21.8,40,3.0,69
仙台,2019-06-07,18.2,30,1.6,85
仙台,2019-06-08,18.6,70,2.5,85
仙台,2019-06-09,17.6,0,3.4,68
仙台,2019-06-10,16.4,60,4.7,77
仙台,2019-06-11,17.1,40,5.0,66
仙台,2019-06-12,17.6,0,2.7,65
仙台,2019-06-13,22.2,0,2.2,55
仙台,2019-06-14,22.7,0,3.4,69
仙台,2019-06-15,17.3,100,4.9,92
仙台,2019-06-16,20.4,60,3.9,78
仙台,2019-06-17,19.4,0,6.6,59
仙台,2019-06-18,21.0,30,2.6,69
仙台,2019-06-19,20.6,80,1.3,82
仙台,2019-06-20,21.5,50,2.3,76
仙台,2019-06-21,20.1,50,2.8,84
仙台,2019-06-22,21.5,100,4.2,85
仙台,2019-06-23,20.6,50,2.6,79
仙台,2019-06-24,16.6,100,2.0,92
仙台,2019-06-25,22.2,60,2.3,74
仙台,2019-06-26,25.2,0,2.4,70
仙台,2019-06-27,24.6,30,1.4,72
仙台,2019-06-28,20.5,100,2.4,86
仙台,2019-06-29,18.5,80,2.9,88
仙台,2019-06-30,19.1,100,2.2,93
仙台,2019-07-01,23.4,30,2.5,81
仙台,2019-07-02,27.1,0,2.9,57
仙台,2019-07-03,22.9,0,2.6,73
仙台,2019-07-04,21.5,70,3.0,85
仙台,2019-07-05,21.3,0,2.3,76
仙台,2019-07-06,20.3,60,4.7,83
仙台,2019-07-07,19.2,90,5.4,77
仙台,2019-07-08,18.6,0,2.3,73
仙台,2019-07-09,17.9,20,2.2,77
仙台,2019-07-10,19.0,10,3.1,73
仙台,2019-07-11,19.4,30,3.7,76
仙台,2019-07-12,20.4,70,3.7,90
仙台,2019-07-13,25.8,60,1.8,68
仙台,2019-07-14,20.7,80,3.5,92
仙台,2019-07-15,22.1,30,2.4,80
仙台,2019-07-16,20.9,60,3.1,88
仙台,2019-07-17,23.4,50,2.3,85
仙台,2019-07-18,22.9,50,2.7,88
仙台,2019-07-19,27.1,30,2.0,75
仙台,2019-07-20,25.0,60,2.6,83
仙台,2019-07-21,20.5,70,3.3,88
仙台,2019-07-22,21.1,80,2.4,87
仙台,2019-07-23,22.6,100,4.0,93
仙台,2019-07-24,25.3,80,2.8,86
仙台,2019-07-25,26.5,0,2.0,81
仙台,2019-07-26,27.8,0,1.8,82
仙台,2019-07-27,28.6,20,2.5,83
仙台,2019-07-28,30.8,30,2.2,68
仙台,2019-07-29,30.8,30,1.8,68
仙台,2019-07-30,31.5,30,1.9,66
仙台,2019-07-31,31.4,0,2.0,67
仙台,2019-08-01,32.0,0,2.2,64
仙台,2019-08-02,31.3,0,1.9,68
仙台,2019-08-03,30.8,0,2.1,68
仙台,2019-08-04,27.6,0,2.4,78
仙台,2019-08-05,29.0,0,2.1,75
仙台,2019-08-06,30.6,10,1.6,74
仙台,2019-08-07,29.8,0,1.9,77
仙台,2019-08-08,30.3,30,1.9,79
仙台,2019-08-09,31.1,0,2.4,66
仙台,2019-08-10,26.6,30,1.8,80
仙台,2019-08-11,24.7,60,3.5,82
仙台,2019-08-12,27.5,40,2.6,83
仙台,2019-08-13,27.8,0,3.2,81
仙台,2019-08-14,25.9,100,3.8,91
仙台,2019-08-15,28.7,30,6.3,83
仙台,2019-08-16,26.8,80,4.4,91
仙台,2019-08-17,31.1,0,4.2,59
仙台,2019-08-18,29.5,0,2.2,65
仙台,2019-08-19,25.8,10,3.5,78
仙台,2019-08-20,23.3,100,3.8,95
仙台,2019-08-21,25.1,90,2.1,85
仙台,2019-08-22,24.4,40,2.3,86
仙台,2019-08-23,27.0,0,3.2,72
仙台,2019-08-24,26.8,0,3.9,56
仙台,2019-08-25,25.6,70,1.1,67
仙台,2019-08-26,23.5,100,1.6,77
仙台,2019-08-27,23.6,100,2.4,85
仙台,2019-08-28,23.4,70,2.2,86
仙台,2019-08-29,28.0,0,2.2,70
仙台,2019-08-30,23.8,90,1.5,91
仙台,2019-08-31,28.2,20,1.9,60
仙台,2019-09-01,27.6,0,2.6,59
仙台,2019-09-02,22.3,100,1.6,87
仙台,2019-09-03,22.7,10,1.4,82
仙台,2019-09-04,23.7,20,2.4,76
仙台,2019-09-05,24.1,20,2.4,78
仙台,2019-09-06,26.8,0,1.8,79
仙台,2019-09-07,26.7,0,2.6,82
仙台,2019-09-08,28.4,0,3.6,80
仙台,2019-09-09,26.3,80,3.7,91
仙台,2019-09-10,30.4,0,2.8,62
仙台,2019-09-11,25.4,100,2.2,85
仙台,2019-09-12,22.6,0,3.4,56
仙台,2019-09-13,21.0,50,2.7,72
仙台,2019-09-14,22.0,50,3.5,79
仙台,2019-09-15,24.4,0,2.3,72
仙台,2019-09-16,22.5,90,2.4,90
仙台,2019-09-17,25.6,0,2.7,60
仙台,2019-09-18,21.6,10,1.5,74
仙台,2019-09-19,19.9,0,3.5,52
仙台,2019-09-20,20.7,0,2.4,60
仙台,2019-09-21,19.6,20,1.7,73
仙台,2019-09-22,20.0,90,2.5,88
仙台,2019-09-23,21.8,60,2.2,92
仙台,2019-09-24,24.4,0,3.7,62
仙台,2019-09-25,21.6,10,3.7,56
仙台,2019-09-26,20.0,0,1.9,60
仙台,2019-09-27,21.0,0,2.1,75
仙台,2019-09-28,22.1,0,1.1,80
仙台,2019-09-29,24.9,20,2.1,70
仙台,2019-09-30,25.1,0,1.3,66
仙台,2019-10-01,23.3,0,1.3,65
仙台,2019-10-02,23.5,0,1.5,68
仙台,2019-10-03,21.7,50,3.8,80
仙台,2019-10-04,22.4,100,6.3,87
仙台,2019-10-05,21.5,0,3.6,67
仙台,2019-10-06,18.3,40,2.7,72
仙台,2019-10-07,17.4,100,2.5,84
仙台,2019-10-08,20.9,60,2.7,83
仙台,2019-10-09,18.1,0,4.7,52
仙台,2019-10-10,18.0,0,2.1,70
仙台,2019-10-11,19.4,40,1.1,89
仙台,2019-10-12,17.7,100,7.2,93
仙台,2019-10-13,19.5,0,5.7,58
仙台,2019-10-14,14.4,50,1.5,88
仙台,2019-10-15,15.8,0,3.3,54
仙台,2019-10-16,14.1,0,1.9,65
仙台,2019-10-17,16.9,0,2.5,59
仙台,2019-10-18,14.1,10,2.3,74
仙台,2019-10-19,17.7,100,3.3,94
仙台,2019-10-20,18.5,0,2.8,62
仙台,2019-10-21,16.3,0,1.9,75
仙台,2019-10-22,13.8,100,3.4,90
仙台,2019-10-23,19.3,0,3.1,66
仙台,2019-10-24,16.4,40,3.7,80
仙台,2019-10-25,15.2,60,5.7,80
仙台,2019-10-26,19.5,0,3.2,69
仙台,2019-10-27,16.2,20,2.2,68
仙台,2019-10-28,15.5,0,2.5,60
仙台,2019-10-29,14.3,70,1.1,83
仙台,2019-10-30,16.9,0,3.0,62
仙台,2019-10-31,15.4,0,3.2,76
仙台,2019-11-01,16.8,40,3.6,60
仙台,2019-11-02,14.4,0,2.9,59
仙台,2019-11-03,15.0,0,1.4,66
仙台,2019-11-04,11.6,0,3.2,52
仙台,2019-11-05,13.2,0,3.6,55
仙台,2019-11-06,14.3,0,3.6,55
仙台,2019-11-07,15.3,0,2.9,65
仙台,2019-11-08,10.4,0,4.6,51
仙台,2019-11-09,12.1,0,2.7,62
仙台,2019-11-10,11.5,0,3.3,59
仙台,2019-11-11,10.2,100,1.9,91
仙台,2019-11-12,13.9,0,5.2,58
仙台,2019-11-13,13.6,0,2.7,66
仙台,2019-11-14,10.7,60,5.0,69
仙台,2019-11-15,11.7,0,4.2,54
仙台,2019-11-16,10.0,0,2.5,62
仙台,2019-11-17,9.2,0,5.5,49
仙台,2019-11-18,12.7,20,2.4,77
仙台,2019-11-19,11.8,50,6.0,60
仙台,2019-11-20,5.6,0,5.5,56
仙台,2019-11-21,8.3,0,4.2,50
仙台,2019-11-22,7.8,0,1.3,68
仙台,2019-11-23,9.0,40,2.0,93
仙台,2019-11-24,14.6,80,2.0,96
仙台,2019-11-25,11.6,0,4.5,67
仙台,2019-11-26,5.4,0,2.1,58
仙台,2019-11-27,6.6,0,1.0,79
仙台,2019-11-28,3.5,0,4.3,53
仙台,2019-11-29,3.3,20,1.4,65
仙台,2019-11-30,5.1,0,2.5,59
仙台,2019-12-01,6.2,0,2.0,61
仙台,2019-12-02,11.4,60,3.4,84
仙台,2019-12-03,5.6,40,3.9,65
仙台,2019-12-04,4.6,100,2.9,72
仙台,2019-12-05,3.0,100,2.9,74
仙台,2019-12-06,3.8,20,4.4,59
仙台,2019-12-07,5.9,0,1.7,64
仙台,2019-12-08,4.7,0,2.9,57
仙台,2019-12-09,3.6,0,1.7,69
仙台,2019-12-10,8.5,0,1.4,67
仙台,2019-12-11,10.3,0,1.3,75
仙台,2019-12-12,7.2,90,5.6,64
仙台,2019-12-13,5.6,0,2.1,56
仙台,2019-12-14,9.1,40,3.9,63
仙台,2019-12-15,4.3,0,3.1,56
仙台,2019-12-16,5.0,0,1.7,62
仙台,2019-12-17,8.1,70,2.3,88
仙台,2019-12-18,9.6,10,2.9,67
仙台,2019-12-19,5.3,0,1.7,65
仙台,2019-12-20,6.1,0,4.6,57
仙台,2019-12-21,5.4,0,2.3,73
仙台,2019-12-22,4.9,0,1.7,69
仙台,2019-12-23,6.8,20,0.9,81
仙台,2019-12-24,3.9,0,6.5,50
仙台,2019-12-25,6.0,0,3.0,62
仙台,2019-12-26,4.5,80,2.3,87
仙台,2019-12-27,6.0,10,6.1,67
仙台,2019-12-28,4.2,0,4.1,53
仙台,2019-12-29,6.6,0,3.4,52
仙台,2019-12-30,3.6,80,1.0,87
仙台,2019-12-31,5.7,70,6.0,66
仙台,2020-01-01,3.9,50,3.7,62
仙台,2020-01-02,4.8,0,7.3,46
仙台,2020-01-03,4.4,20,2.1,69
仙台,2020-01-04,4.0,0,2.9,56
仙台,2020-01-05,3.0,20,4.8,52
仙台,2020-01-06,5.9,0,3.9,55
仙台,2020-01-07,2.8,10,2.3,57
仙台,2020-01-08,4.3,90,3.3,92
仙台,2020-01-09,6.0,40,2.3,74
仙台,2020-01-10,4.3,50,2.1,75
仙台,2020-01-11,6.5,40,3.3,71
仙台,2020-01-12,6.1,20,1.5,73
仙台,2020-01-13,4.4,40,2.4,77
仙台,2020-01-14,5.4,0,1.8,80
仙台,2020-01-15,2.3,80,3.2,93
仙台,2020-01-16,4.6,20,3.1,61
仙台,2020-01-17,5.0,0,3.3,57
仙台,2020-01-18,1.2,0,3.6,67
仙台,2020-01-19,5.3,0,1.8,64
仙台,2020-01-20,6.3,10,3.9,60
仙台,2020-01-21,3.3,10,5.6,55
仙台,2020-01-22,4.4,0,2.4,64
仙台,2020-01-23,3.5,70,1.0,82
仙台,2020-01-24,7.3,0,3.9,68
仙台,2020-01-25,3.8,0,4.1,51
仙台,2020-01-26,5.5,0,3.2,44
仙台,2020-01-27,3.5,0,2.4,59
仙台,2020-01-28,5.5,100,4.6,83
仙台,2020-01-29,8.0,100,6.8,91
仙台,2020-01-30,9.9,0,3.4,65
仙台,2020-01-31,5.2,20,6.0,56
仙台,2020-02-01,6.3,0,3.2,62
仙台,2020-02-02,6.3,10,3.5,51
仙台,2020-02-03,8.1,30,3.8,59
仙台,2020-02-04,4.9,0,4.0,43
仙台,2020-02-05,3.8,50,4.2,65
仙台,2020-02-06,-2.0,40,6.5,47
仙台,2020-02-07,3.1,0,3.7,47
仙台,2020-02-08,2.6,0,3.1,61
仙台,2020-02-09,-0.2,10,5.2,50
仙台,2020-02-10,2.3,40,1.8,57
仙台,2020-02-11,2.3,0,3.8,60
仙台,2020-02-12,6.3,0,2.0,55
仙台,2020-02-13,8.4,10,1.5,76
仙台,2020-02-14,12.3,0,1.4,70
仙台,2020-02-15,10.7,0,2.7,63
仙台,2020-02-16,4.6,100,3.2,91
仙台,2020-02-17,8.1,0,3.0,63
仙台,2020-02-18,4.2,60,6.1,54
仙台,2020-02-19,6.1,0,4.6,48
仙台,2020-02-20,6.9,10,2.7,58
仙台,2020-02-21,9.1,0,2.8,47
仙台,2020-02-22,7.4,40,1.9,88
仙台,2020-02-23,5.5,90,7.8,52
仙台,2020-02-24,8.8,20,4.9,53
仙台,2020-02-25,8.6,40,1.8,68
仙台,2020-02-26,3.2,90,2.9,89
仙台,2020-02-27,3.6,40,1.9,66
仙台,2020-02-28,4.2,0,3.7,51
仙台,2020-02-29,5.6,0,3.3,67
仙台,2020-03-01,7.8,0,4.7,53
仙台,2020-03-02,4.4,80,1.2,86
仙台,2020-03-03,9.0,0,5.7,51
仙台,2020-03-04,5.1,90,2.0,89
仙台,2020-03-05,6.2,50,7.5,56
仙台,2020-03-06,5.6,0,4.9,53
仙台,2020-03-07,7.2,0,2.5,57
仙台,2020-03-08,6.0,70,2.4,85
仙台,2020-03-09,11.5,0,1.0,85
仙台,2020-03-10,12.2,100,2.3,96
仙台,2020-03-11,10.4,30,5.1,58
仙台,2020-03-12,8.6,0,4.5,42
仙台,2020-03-13,13.1,0,4.8,46
仙台,2020-03-14,3.3,70,1.0,68
仙台,2020-03-15,7.3,0,3.2,45
仙台,2020-03-16,6.7,30,6.1,52
仙台,2020-03-17,7.2,20,3.0,53
仙台,2020-03-18,10.8,0,5.2,52
仙台,2020-03-19,13.2,0,2.8,62
仙台,2020-03-20,9.1,60,10.2,51
仙台,2020-03-21,13.5,10,6.2,45
仙台,2020-03-22,10.9,50,3.2,73
仙台,2020-03-23,8.4,10,5.7,36
仙台,2020-03-24,6.7,20,5.1,41
仙台,2020-03-25,8.7,0,4.9,41
仙台,2020-03-26,14.5,0,3.6,37
仙台,2020-03-27,12.7,20,1.3,64
仙台,2020-03-28,12.0,0,3.8,45
仙台,2020-03-29,3.0,80,1.2,84
仙台,2020-03-30,7.3,0,2.6,58
仙台,2020-03-31,10.4,0,2.5,69
仙台,2020-04-01,11.7,70,1.9,87
仙台,2020-04-02,9.4,50,6.8,61
仙台,2020-04-03,14.1,0,3.4,47
仙台,2020-04-04,14.3,0,2.2,74
仙台,2020-04-05,8.5,10,4.6,51
仙台,2020-04-06,8.2,50,9.3,54
仙台,2020-04-07,12.7,0,3.5,45
仙台,2020-04-08,13.5,0,3.7,52
仙台,2020-04-09,11.2,0,5.0,43
仙台,2020-04-10,8.1,0,6.5,49
仙台,2020-04-11,10.7,10,2.6,46
仙台,2020-04-12,11.0,30,2.8,61
仙台,2020-04-13,6.3,100,7.2,90
仙台,2020-04-14,9.6,0,7.6,50
仙台,2020-04-15,16.3,0,4.4,41
仙台,2020-04-16,9.0,0,3.5,57
仙台,2020-04-17,9.9,0,3.6,58
仙台,2020-04-18,10.6,100,6.3,87
仙台,2020-04-19,10.2,0,7.3,68
仙台,2020-04-20,10.0,100,3.6,95
仙台,2020-04-21,13.8,0,4.4,59
仙台,2020-04-22,9.3,50,5.7,57
仙台,2020-04-23,10.3,60,4.7,53
仙台,2020-04-24,10.4,50,2.7,59
仙台,2020-04-25,13.8,0,4.2,62
仙台,2020-04-26,15.3,30,5.3,56
仙台,2020-04-27,13.8,20,4.7,43
仙台,2020-04-28,13.3,30,2.2,53
仙台,2020-04-29,16.3,0,4.4,50
仙台,2020-04-30,15.2,0,2.7,63
仙台,2020-05-01,20.0,0,2.7,60
仙台,2020-05-02,26.5,0,4.6,48
仙台,2020-05-03,22.6,0,2.0,64
仙台,2020-05-04,21.2,0,2.3,70
仙台,2020-05-05,18.8,0,4.0,50
仙台,2020-05-06,12.1,50,2.1,82
仙台,2020-05-07,15.4,0,5.0,47
仙台,2020-05-08,16.7,0,2.4,50
仙台,2020-05-09,18.8,0,1.8,66
仙台,2020-05-10,18.5,50,2.6,80
仙台,2020-05-11,22.4,0,5.9,48
仙台,2020-05-12,18.1,30,2.9,55
仙台,2020-05-13,19.3,0,6.0,47
仙台,2020-05-14,20.1,0,5.5,32
仙台,2020-05-15,21.4,0,2.1,52
仙台,2020-05-16,18.3,50,2.0,77
仙台,2020-05-17,20.7,70,2.5,69
仙台,2020-05-18,15.7,30,2.9,79
仙台,2020-05-19,11.7,100,6.1,94
仙台,2020-05-20,8.6,60,4.9,83
仙台,2020-05-21,11.1,80,2.7,79
仙台,2020-05-22,12.8,30,2.5,83
仙台,2020-05-23,18.3,80,2.7,86
仙台,2020-05-24,20.9,0,1.9,78
仙台,2020-05-25,24.3,20,3.0,55
仙台,2020-05-26,18.7,20,2.2,73
仙台,2020-05-27,21.7,0,3.8,56
仙台,2020-05-28,21.3,0,3.7,45
仙台,2020-05-29,22.6,0,3.1,48
仙台,2020-05-30,22.8,0,2.0,53
仙台,2020-05-31,22.7,0,2.5,66
仙台,2020-06-01,21.5,20,4.0,72
仙台,2020-06-02,25.2,20,1.9,52
仙台,2020-06-03,22.4,0,2.1,70
仙台,2020-06-04,22.4,0,2.7,78
仙台,2020-06-05,25.4,20,2.1,67
仙台,2020-06-06,23.3,0,2.4,55
仙台,2020-06-07,19.6,0,3.2,68
仙台,2020-06-08,21.8,0,2.7,64
仙台,2020-06-09,24.0,0,2.2,56
仙台,2020-06-10,27.2,0,2.1,58
仙台,2020-06-11,26.8,30,1.8,72
仙台,2020-06-12,28.1,0,3.2,49
仙台,2020-06-13,20.4,40,2.5,73
仙台,2020-06-14,22.8,40,2.5,78
仙台,2020-06-15,28.5,0,3.6,48
仙台,2020-06-16,25.9,20,3.8,51
仙台,2020-06-17,23.6,0,3.0,53
仙台,2020-06-18,22.0,0,2.8,70
仙台,2020-06-19,19.8,90,1.9,92
仙台,2020-06-20,22.9,0,4.6,50
仙台,2020-06-21,20.5,0,3.6,68
仙台,2020-06-22,20.6,60,3.3,81
仙台,2020-06-23,22.7,20,3.2,73
仙台,2020-06-24,18.5,40,3.0,84
仙台,2020-06-25,18.3,100,2.9,88
仙台,2020-06-26,18.8,80,1.8,92
仙台,2020-06-27,25.9,0,2.6,65
仙台,2020-06-28,22.7,70,1.4,78
仙台,2020-06-29,23.1,100,2.3,73
仙台,2020-06-30,22.0,50,2.9,87
仙台,2020-07-01,24.8,80,1.7,86
仙台,2020-07-02,26.4,60,3.2,68
仙台,2020-07-03,22.3,0,3.2,74
仙台,2020-07-04,19.7,90,2.9,87
仙台,2020-07-05,20.4,70,2.0,88
仙台,2020-07-06,21.8,90,1.0,91
仙台,2020-07-07,25.9,80,1.3,87
仙台,2020-07-08,24.9,60,1.6,81
仙台,2020-07-09,24.8,10,1.5,83
仙台,2020-07-10,23.2,60,1.8,91
仙台,2020-07-11,27.9,70,2.0,78
仙台,2020-07-12,20.2,100,2.9,90
仙台,2020-07-13,19.6,90,3.0,84
仙台,2020-07-14,19.5,100,4.2,95
仙台,2020-07-15,18.6,100,2.7,87
仙台,2020-07-16,18.6,100,3.6,87
仙台,2020-07-17,20.1,60,2.5,85
仙台,2020-07-18,21.1,80,2.4,89
仙台,2020-07-19,25.8,80,1.8,80
仙台,2020-07-20,23.6,0,2.3,84
仙台,2020-07-21,22.2,80,2.6,90
仙台,2020-07-22,26.8,80,2.3,79
仙台,2020-07-23,25.8,70,1.4,81
仙台,2020-07-24,23.5,20,2.4,80
仙台,2020-07-25,23.6,90,2.0,91
仙台,2020-07-26,23.1,80,2.4,91
仙台,2020-07-27,24.8,60,2.0,88
仙台,2020-07-28,20.6,100,2.3,96
仙台,2020-07-29,21.1,40,3.1,84
仙台,2020-07-30,22.2,40,2.6,79
仙台,2020-07-31,22.9,100,1.7,88
仙台,2020-08-01,24.5,40,3.0,86
仙台,2020-08-02,24.6,10,2.7,76
仙台,2020-08-03,25.6,30,2.3,81
仙台,2020-08-04,28.0,10,2.1,80
仙台,2020-08-05,29.9,0,2.0,74
仙台,2020-08-06,28.7,0,2.1,79
仙台,2020-08-07,28.8,20,2.3,69
仙台,2020-08-08,22.1,100,1.5,90
仙台,2020-08-09,23.9,100,2.2,94
仙台,2020-08-10,30.1,0,2.2,73
仙台,2020-08-11,32.0,10,1.3,81
仙台,2020-08-12,29.8,10,2.6,74
仙台,2020-08-13,31.2,0,1.8,58
仙台,2020-08-14,25.9,50,2.6,78
仙台,2020-08-15,31.4,70,3.5,68
仙台,2020-08-16,29.6,80,1.5,73
仙台,2020-08-17,30.2,30,2.9,67
仙台,2020-08-18,26.6,90,2.6,81
仙台,2020-08-19,28.2,0,2.1,76
仙台,2020-08-20,30.5,0,1.9,74
仙台,2020-08-21,28.4,0,2.2,76
仙台,2020-08-22,26.8,90,2.5,80
仙台,2020-08-23,26.9,50,2.6,82
仙台,2020-08-24,26.2,50,3.1,79
仙台,2020-08-25,26.5,0,2.1,75
仙台,2020-08-26,27.2,0,2.3,78
仙台,2020-08-27,28.6,10,3.1,81
仙台,2020-08-28,30.6,0,1.9,76
仙台,2020-08-29,30.9,70,1.3,74
仙台,2020-08-30,27.2,90,2.1,86
仙台,2020-08-31,22.1,90,3.9,85
仙台,2020-09-01,23.4,100,4.2,90
仙台,2020-09-02,25.5,100,4.1,84
仙台,2020-09-03,28.0,30,5.7,86
仙台,2020-09-04,28.8,60,2.4,78
仙台,2020-09-05,25.5,90,3.2,91
仙台,2020-09-06,26.0,100,3.6,81
仙台,2020-09-07,29.6,0,4.7,76
仙台,2020-09-08,30.6,0,1.4,74
仙台,2020-09-09,27.9,60,1.9,73
仙台,2020-09-10,25.9,90,1.2,82
仙台,2020-09-11,25.4,80,2.0,82
仙台,2020-09-12,21.2,100,6.4,94
仙台,2020-09-13,23.1,70,3.7,79
仙台,2020-09-14,21.1,60,3.8,83
仙台,2020-09-15,23.2,80,1.4,76
仙台,2020-09-16,23.2,10,2.2,78
仙台,2020-09-17,24.3,40,2.3,81
仙台,2020-09-18,25.6,30,2.6,76
仙台,2020-09-19,23.8,0,3.5,59
仙台,2020-09-20,22.9,0,1.8,66
仙台,2020-09-21,22.0,30,1.3,78
仙台,2020-09-22,20.9,0,2.2,74
仙台,2020-09-23,21.6,100,3.4,76
仙台,2020-09-24,18.5,10,5.2,72
仙台,2020-09-25,17.8,100,7.3,92
仙台,2020-09-26,19.8,20,1.4,71
仙台,2020-09-27,18.6,70,2.0,83
仙台,2020-09-28,20.8,0,3.3,60
仙台,2020-09-29,18.1,0,2.2,73
仙台,2020-09-30,18.8,20,2.2,71
仙台,2020-10-01,17.5,100,1.1,87
仙台,2020-10-02,20.0,40,2.0,77
仙台,2020-10-03,19.8,20,1.5,81
仙台,2020-10-04,19.9,0,1.4,82
仙台,2020-10-05,18.9,30,3.3,67
仙台,2020-10-06,18.1,0,2.1,58
仙台,2020-10-07,18.3,0,1.5,60
仙台,2020-10-08,13.4,90,1.1,93
仙台,2020-10-09,16.0,0,2.9,72
仙台,2020-10-10,17.4,100,2.9,92
仙台,2020-10-11,18.7,90,3.3,91
仙台,2020-10-12,20.0,100,1.7,90
仙台,2020-10-13,20.5,0,3.0,60
仙台,2020-10-14,18.4,50,1.5,70
仙台,2020-10-15,15.0,0,2.9,57
仙台,2020-10-16,14.1,0,1.6,64
仙台,2020-10-17,12.9,100,0.9,86
仙台,2020-10-18,15.6,0,1.3,72
仙台,2020-10-19,16.8,0,1.1,74
仙台,2020-10-20,17.4,20,2.5,56
仙台,2020-10-21,15.2,20,2.7,67
仙台,2020-10-22,17.2,0,2.4,76
仙台,2020-10-23,16.0,90,1.4,94
仙台,2020-10-24,14.4,20,4.4,57
仙台,2020-10-25,14.7,10,4.8,54
仙台,2020-10-26,15.7,10,2.2,63
仙台,2020-10-27,14.3,30,1.8,74
仙台,2020-10-28,14.1,0,1.8,75
仙台,2020-10-29,14.2,0,4.3,52
仙台,2020-10-30,11.4,10,4.1,59
仙台,2020-10-31,14.2,0,2.4,61
仙台,2020-11-01,13.9,0,1.5,70
仙台,2020-11-02,14.8,60,1.3,86
仙台,2020-11-03,14.5,10,2.8,62
仙台,2020-11-04,9.8,20,5.2,62
仙台,2020-11-05,13.2,0,4.3,58
仙台,2020-11-06,14.5,0,1.9,65
仙台,2020-11-07,18.4,0,2.2,61
仙台,2020-11-08,16.4,0,5.7,54
仙台,2020-11-09,8.9,0,4.9,57
仙台,2020-11-10,7.3,10,3.6,60
仙台,2020-11-11,7.1,30,3.0,62
仙台,2020-11-12,7.5,0,1.6,66
仙台,2020-11-13,11.0,0,1.6,78
仙台,2020-11-14,12.1,0,3.9,57
仙台,2020-11-15,11.8,0,1.9,64
仙台,2020-11-16,15.8,0,3.6,61
仙台,2020-11-17,12.7,0,1.9,60
仙台,2020-11-18,15.4,0,1.4,72
仙台,2020-11-19,17.4,0,1.7,79
仙台,2020-11-20,19.7,70,2.7,76
仙台,2020-11-21,10.6,30,5.0,62
仙台,2020-11-22,12.0,0,2.5,68
仙台,2020-11-23,9.2,0,4.5,57
仙台,2020-11-24,10.1,0,3.0,53
仙台,2020-11-25,9.0,0,1.3,78
仙台,2020-11-26,11.3,0,2.1,64
仙台,2020-11-27,7.0,0,1.9,66
仙台,2020-11-28,7.3,40,3.9,69
仙台,2020-11-29,8.4,0,2.5,62
仙台,2020-11-30,7.9,0,2.3,64
仙台,2020-12-01,6.6,0,3.4,60
仙台,2020-12-02,7.8,0,2.9,54
仙台,2020-12-03,5.0,0,2.1,72
仙台,2020-12-04,6.5,0,4.1,52
仙台,2020-12-05,7.8,30,2.2,72
仙台,2020-12-06,7.5,0,1.7,75
仙台,2020-12-07,10.1,20,2.1,68
仙台,2020-12-08,7.1,10,3.4,57
仙台,2020-12-09,8.1,0,3.1,49
仙台,2020-12-10,6.4,0,1.5,84
仙台,2020-12-11,9.3,0,0.9,78
仙台,2020-12-12,8.8,0,2.4,68
仙台,2020-12-13,3.3,30,3.2,68
仙台,2020-12-14,1.7,90,4.1,60
仙台,2020-12-15,0.0,100,2.8,65
仙台,2020-12-16,1.1,60,3.2,50
仙台,2020-12-17,1.2,70,4.1,58
仙台,2020-12-18,4.1,0,2.2,64
仙台,2020-12-19,1.3,30,4.1,50
仙台,2020-12-20,-1.2,60,3.8,62
仙台,2020-12-21,2.6,0,1.4,66
仙台,2020-12-22,4.1,0,1.9,74
仙台,2020-12-23,6.2,0,2.0,74
仙台,2020-12-24,9.4,0,3.3,54
仙台,2020-12-25,3.4,50,3.6,65
仙台,2020-12-26,4.0,10,4.0,53
仙台,2020-12-27,3.9,0,1.8,67
仙台,2020-12-28,7.4,0,1.8,72
仙台,2020-12-29,5.4,0,2.5,82
仙台,2020-12-30,1.9,100,4.5,91
仙台,2020-12-31,-1.9,40,4.4,53
仙台,2021-01-01,-1.5,100,1.6,71
仙台,2021-01-02,-1.8,0,2.4,70
仙台,2021-01-03,0.8,90,4.2,63
仙台,2021-01-04,1.8,50,3.0,65
仙台,2021-01-05,0.3,40,2.3,72
仙台,2021-01-06,-0.9,0,1.9,67
仙台,2021-01-07,3.4,40,5.7,65
仙台,2021-01-08,-3.8,90,3.2,65
仙台,2021-01-09,-4.0,0,1.6,74
仙台,2021-01-10,-1.3,40,2.0,64
仙台,2021-01-11,-0.2,0,3.3,69
仙台,2021-01-12,0.1,100,1.7,87
仙台,2021-01-13,3.6,20,2.3,74
仙台,2021-01-14,4.5,50,3.5,67
仙台,2021-01-15,2.6,0,1.9,66
仙台,2021-01-16,5.8,90,1.9,77
仙台,2021-01-17,1.8,0,4.2,58
仙台,2021-01-18,1.2,10,2.3,68
仙台,2021-01-19,-1.5,10,8.9,48
仙台,2021-01-20,1.5,0,2.0,56
仙台,2021-01-21,6.0,0,1.6,42
仙台,2021-01-22,7.9,0,2.2,68
仙台,2021-01-23,4.2,0,3.2,60
仙台,2021-01-24,4.3,0,3.1,69
仙台,2021-01-25,7.2,0,1.9,54
仙台,2021-01-26,5.1,0,1.3,80
仙台,2021-01-27,8.2,0,2.3,68
仙台,2021-01-28,2.6,10,3.1,61
仙台,2021-01-29,1.6,40,6.7,52
仙台,2021-01-30,0.8,70,6.1,53
仙台,2021-01-31,1.0,0,7.2,50
仙台,2021-02-01,5.8,10,3.9,58
仙台,2021-02-02,4.2,70,5.3,58
仙台,2021-02-03,0.0,100,4.5,54
仙台,2021-02-04,1.2,80,4.9,64
仙台,2021-02-05,3.5,0,3.9,56
仙台,2021-02-06,9.0,0,3.7,60
仙台,2021-02-07,6.5,50,5.1,67
仙台,2021-02-08,0.4,100,5.0,45
仙台,2021-02-09,0.6,0,8.2,46
仙台,2021-02-10,5.2,10,2.6,66
仙台,2021-02-11,5.2,10,5.4,53
仙台,2021-02-12,5.5,0,2.2,60
仙台,2021-02-13,7.2,0,1.8,58
仙台,2021-02-14,14.3,0,2.1,59
仙台,2021-02-15,8.4,100,4.5,92
仙台,2021-02-16,3.7,100,6.5,49
仙台,2021-02-17,1.0,100,4.0,56
仙台,2021-02-18,1.1,50,6.0,52
仙台,2021-02-19,5.2,0,4.4,59
仙台,2021-02-20,10.7,20,5.4,54
仙台,2021-02-21,8.8,0,2.1,76
仙台,2021-02-22,15.4,0,4.4,52
仙台,2021-02-23,3.3,0,8.8,45
仙台,2021-02-24,2.1,0,7.2,45
仙台,2021-02-25,4.4,0,5.0,46
仙台,2021-02-26,5.3,0,4.9,45
仙台,2021-02-27,2.6,0,4.6,40
仙台,2021-02-28,5.8,0,2.3,51
仙台,2021-03-01,12.4,0,2.3,49
仙台,2021-03-02,12.0,90,6.2,80
仙台,2021-03-03,4.2,0,5.0,45
仙台,2021-03-04,7.2,0,3.0,66
仙台,2021-03-05,11.5,0,1.2,72
仙台,2021-03-06,8.7,0,3.5,59
仙台,2021-03-07,4.5,0,2.7,50
仙台,2021-03-08,6.7,0,4.0,45
仙台,2021-03-09,6.2,0,2.2,63
仙台,2021-03-10,7.0,0,4.3,46
仙台,2021-03-11,9.0,0,2.0,52
仙台,2021-03-12,10.8,0,1.9,59
仙台,2021-03-13,6.4,100,5.6,92
仙台,2021-03-14,8.3,80,6.8,70
仙台,2021-03-15,11.2,0,8.0,44
仙台,2021-03-16,9.8,50,1.4,69
仙台,2021-03-17,6.9,0,6.0,48
仙台,2021-03-18,9.1,0,4.4,52
仙台,2021-03-19,10.4,0,2.8,46
仙台,2021-03-20,7.4,10,2.7,73
仙台,2021-03-21,12.7,100,3.5,95
仙台,2021-03-22,9.2,0,5.4,48
仙台,2021-03-23,9.2,30,4.6,44
仙台,2021-03-24,15.0,0,2.9,53
仙台,2021-03-25,13.2,20,2.0,75
仙台,2021-03-26,12.6,10,5.6,49
仙台,2021-03-27,10.9,0,2.7,59
仙台,2021-03-28,13.6,50,2.8,79
仙台,2021-03-29,20.1,20,2.7,54
仙台,2021-03-30,15.5,0,2.1,55
仙台,2021-03-31,15.4,0,4.2,47
仙台,2021-04-01,14.6,0,3.0,45
仙台,2021-04-02,12.1,0,2.8,66
仙台,2021-04-03,16.0,0,4.0,64
仙台,2021-04-04,15.4,80,1.5,86
仙台,2021-04-05,10.5,10,3.5,66
仙台,2021-04-06,7.7,0,2.9,62
仙台,2021-04-07,12.3,0,2.2,56
仙台,2021-04-08,11.4,10,4.7,40
仙台,2021-04-09,7.1,20,5.9,39
仙台,2021-04-10,10.2,10,3.6,42
仙台,2021-04-11,11.1,0,2.3,51
仙台,2021-04-12,14.8,0,5.1,60
仙台,2021-04-13,17.0,0,6.9,59
仙台,2021-04-14,10.8,60,3.5,67
仙台,2021-04-15,11.9,0,2.9,38
仙台,2021-04-16,13.8,0,6.9,60
仙台,2021-04-17,13.5,100,4.5,91
仙台,2021-04-18,12.6,60,7.1,52
仙台,2021-04-19,13.3,20,6.5,50
仙台,2021-04-20,19.0,0,5.3,45
仙台,2021-04-21,15.5,0,5.1,31
仙台,2021-04-22,15.3,0,5.4,44
仙台,2021-04-23,12.3,0,2.3,55
仙台,2021-04-24,15.1,0,2.4,60
仙台,2021-04-25,13.6,0,3.9,52
仙台,2021-04-26,10.8,10,5.7,37
仙台,2021-04-27,12.1,0,3.0,44
仙台,2021-04-28,18.9,0,2.5,54
仙台,2021-04-29,12.9,100,2.4,93
仙台,2021-04-30,16.0,0,4.6,56
仙台,2021-05-01,14.1,70,2.9,77
仙台,2021-05-02,12.7,100,2.2,85
仙台,2021-05-03,13.7,50,6.0,56
仙台,2021-05-04,19.5,0,4.1,40
仙台,2021-05-05,16.7,70,2.8,77
仙台,2021-05-06,20.5,0,3.3,42
仙台,2021-05-07,17.2,0,2.5,65
仙台,2021-05-08,21.7,0,4.1,49
仙台,2021-05-09,19.6,30,6.0,50
仙台,2021-05-10,17.0,0,9.0,43
仙台,2021-05-11,17.6,0,5.0,39
仙台,2021-05-12,15.4,0,3.3,61
仙台,2021-05-13,19.2,0,5.8,70
仙台,2021-05-14,23.5,10,3.6,48
仙台,2021-05-15,18.3,0,3.5,64
仙台,2021-05-16,22.2,20,5.2,60
仙台,2021-05-17,23.4,0,3.0,74
仙台,2021-05-18,19.6,10,2.7,66
仙台,2021-05-19,16.2,90,2.1,88
仙台,2021-05-20,20.6,0,2.7,64
仙台,2021-05-21,17.1,70,1.4,88
仙台,2021-05-22,16.4,100,2.8,93
仙台,2021-05-23,17.3,90,2.4,86
仙台,2021-05-24,19.5,0,2.4,74
仙台,2021-05-25,22.2,0,4.0,47
仙台,2021-05-26,19.3,0,3.7,47
仙台,2021-05-27,15.9,100,1.9,85
仙台,2021-05-28,22.3,0,3.5,56
仙台,2021-05-29,22.0,10,3.9,56
仙台,2021-05-30,19.7,0,4.8,52
仙台,2021-05-31,20.4,0,3.0,55
仙台,2021-06-01,18.4,10,3.1,72
仙台,2021-06-02,21.4,30,1.7,72
仙台,2021-06-03,22.2,0,5.2,71
仙台,2021-06-04,19.0,100,6.7,94
仙台,2021-06-05,21.2,0,2.8,69
仙台,2021-06-06,24.0,0,2.2,70
仙台,2021-06-07,24.6,10,1.8,65
仙台,2021-06-08,22.7,20,1.7,71
仙台,2021-06-09,23.1,0,2.8,64
仙台,2021-06-10,23.0,0,2.2,71
仙台,2021-06-11,23.6,0,3.1,71
仙台,2021-06-12,23.3,0,1.7,71
仙台,2021-06-13,24.4,30,1.9,71
仙台,2021-06-14,23.1,30,2.2,79
仙台,2021-06-15,21.6,80,2.5,84
仙台,2021-06-16,21.4,90,3.0,83
仙台,2021-06-17,21.2,50,3.7,75
仙台,2021-06-18,21.0,0,3.1,74
仙台,2021-06-19,19.1,100,3.5,93
仙台,2021-06-20,23.5,60,2.2,70
仙台,2021-06-21,21.4,10,3.2,68
仙台,2021-06-22,21.9,100,3.7,79
仙台,2021-06-23,20.0,100,3.0,89
仙台,2021-06-24,20.0,70,2.4,84
仙台,2021-06-25,23.2,30,2.1,74
仙台,2021-06-26,23.3,30,2.0,77
仙台,2021-06-27,23.3,0,2.8,76
仙台,2021-06-28,23.3,0,3.2,72
仙台,2021-06-29,20.4,80,4.5,88
仙台,2021-06-30,22.2,0,3.6,69
仙台,2021-07-01,21.3,90,5.7,86
仙台,2021-07-02,21.6,50,3.6,86
仙台,2021-07-03,21.0,100,2.9,83
仙台,2021-07-04,18.6,90,3.2,88
仙台,2021-07-05,24.1,10,2.1,84
仙台,2021-07-06,26.7,10,2.6,66
仙台,2021-07-07,21.4,100,2.7,97
仙台,2021-07-08,21.4,90,3.6,94
仙台,2021-07-09,21.7,100,3.8,98
仙台,2021-07-10,23.2,100,2.3,88
仙台,2021-07-11,23.5,80,1.9,91
仙台,2021-07-12,26.1,90,1.8,80
仙台,2021-07-13,24.3,80,2.6,83
仙台,2021-07-14,23.4,30,3.1,82
仙台,2021-07-15,23.7,40,3.1,84
仙台,2021-07-16,27.6,0,1.7,79
仙台,2021-07-17,29.1,0,1.9,76
仙台,2021-07-18,29.7,0,1.8,74
仙台,2021-07-19,29.6,0,2.0,74
仙台,2021-07-20,29.9,0,1.9,72
仙台,2021-07-21,28.0,0,2.2,72
仙台,2021-07-22,25.6,80,2.6,85
仙台,2021-07-23,26.2,100,3.1,82
仙台,2021-07-24,27.5,40,3.2,76
仙台,2021-07-25,27.1,10,3.2,74
仙台,2021-07-26,26.1,20,2.9,66
仙台,2021-07-27,25.1,90,4.8,81
仙台,2021-07-28,27.1,80,3.0,79
仙台,2021-07-29,26.8,90,2.1,80
仙台,2021-07-30,26.4,70,3.1,81
仙台,2021-07-31,26.3,40,2.6,79
仙台,2021-08-01,28.9,70,1.5,78
仙台,2021-08-02,28.8,10,3.4,79
仙台,2021-08-03,30.7,0,3.6,74
仙台,2021-08-04,31.0,40,1.4,76
仙台,2021-08-05,30.2,10,2.0,75
仙台,2021-08-06,28.7,0,2.8,76
仙台,2021-08-07,28.1,60,4.7,80
仙台,2021-08-08,26.9,100,3.1,87
仙台,2021-08-09,25.7,100,6.2,92
仙台,2021-08-10,27.4,20,6.6,68
仙台,2021-08-11,24.0,100,2.8,79
仙台,2021-08-12,21.3,100,4.3,91
仙台,2021-08-13,19.9,100,3.8,94
仙台,2021-08-14,18.7,100,4.2,93
仙台,2021-08-15,19.5,60,3.7,85
仙台,2021-08-16,20.4,50,2.3,83
仙台,2021-08-17,21.7,80,3.1,92
仙台,2021-08-18,28.6,20,3.2,74
仙台,2021-08-19,28.0,0,1.5,80
仙台,2021-08-20,26.4,0,2.2,80
仙台,2021-08-21,25.3,50,1.5,84
仙台,2021-08-22,25.5,40,1.3,86
仙台,2021-08-23,28.4,30,2.3,65
仙台,2021-08-24,23.9,80,2.5,84
仙台,2021-08-25,28.6,60,2.1,77
仙台,2021-08-26,30.9,70,1.7,65
仙台,2021-08-27,29.8,0,2.5,66
仙台,2021-08-28,27.6,30,2.6,70
仙台,2021-08-29,26.7,0,2.4,70
仙台,2021-08-30,27.0,40,1.8,71
仙台,2021-08-31,26.4,0,2.9,56
仙台,2021-09-01,19.8,90,2.2,86
仙台,2021-09-02,21.7,40,2.5,74
仙台,2021-09-03,22.0,30,3.2,70
仙台,2021-09-04,19.8,60,3.7,79
仙台,2021-09-05,20.7,50,4.0,75
仙台,2021-09-06,19.2,90,3.5,76
仙台,2021-09-07,19.3,0,2.4,65
仙台,2021-09-08,19.0,90,3.2,88
仙台,2021-09-09,24.0,40,1.8,80
仙台,2021-09-10,24.7,0,2.3,74
仙台,2021-09-11,23.9,90,1.9,82
仙台,2021-09-12,25.7,0,2.6,72
仙台,2021-09-13,23.4,0,3.8,56
仙台,2021-09-14,20.7,0,1.8,76
仙台,2021-09-15,21.3,50,3.0,73
仙台,2021-09-16,19.2,20,3.6,70
仙台,2021-09-17,21.1,0,2.8,77
仙台,2021-09-18,22.1,90,1.8,94
仙台,2021-09-19,23.9,0,2.5,58
仙台,2021-09-20,22.2,0,1.8,68
仙台,2021-09-21,21.6,30,3.3,75
仙台,2021-09-22,24.8,10,1.6,78
仙台,2021-09-23,25.3,20,2.2,68
仙台,2021-09-24,23.5,0,3.0,61
仙台,2021-09-25,19.0,60,2.6,77
仙台,2021-09-26,18.9,0,3.0,68
仙台,2021-09-27,19.7,20,2.8,67
仙台,2021-09-28,20.2,20,2.3,70
仙台,2021-09-29,21.3,30,3.9,76
仙台,2021-09-30,24.7,0,2.4,72
仙台,2021-10-01,17.4,100,4.3,90
仙台,2021-10-02,22.6,0,4.2,63
仙台,2021-10-03,21.0,20,2.2,69
仙台,2021-10-04,24.7,0,2.0,71
仙台,2021-10-05,25.0,0,2.1,66
仙台,2021-10-06,18.4,80,2.2,81
仙台,2021-10-07,18.8,30,2.3,84
仙台,2021-10-08,23.3,20,1.9,74
仙台,2021-10-09,18.7,50,3.7,82
仙台,2021-10-10,21.2,10,1.8,83
仙台,2021-10-11,23.7,0,3.7,66
仙台,2021-10-12,15.1,100,2.4,90
仙台,2021-10-13,16.1,60,2.7,85
仙台,2021-10-14,18.7,0,2.2,71
仙台,2021-10-15,21.4,0,1.3,68
仙台,2021-10-16,14.4,80,3.0,92
仙台,2021-10-17,10.9,20,3.1,68
仙台,2021-10-18,12.2,0,1.5,67
仙台,2021-10-19,13.9,20,1.4,75
仙台,2021-10-20,14.5,70,6.8,66
仙台,2021-10-21,13.2,0,3.9,50
仙台,2021-10-22,12.2,0,1.7,70
仙台,2021-10-23,11.1,30,4.0,63
仙台,2021-10-24,15.0,10,2.4,60
仙台,2021-10-25,14.4,0,1.5,77
仙台,2021-10-26,12.5,70,4.4,86
仙台,2021-10-27,15.2,0,1.6,80
仙台,2021-10-28,16.3,0,3.3,57
仙台,2021-10-29,14.4,0,3.5,58
仙台,2021-10-30,13.5,0,2.0,74
仙台,2021-10-31,14.3,0,1.5,76
仙台,2021-11-01,15.8,40,1.4,78
仙台,2021-11-02,16.8,20,1.6,78
仙台,2021-11-03,15.5,0,2.9,62
仙台,2021-11-04,15.2,0,3.2,58
仙台,2021-11-05,14.4,20,2.6,64
仙台,2021-11-06,13.3,0,1.3,75
仙台,2021-11-07,13.7,0,1.9,74
仙台,2021-11-08,14.4,40,1.9,86
仙台,2021-11-09,17.0,90,3.7,94
仙台,2021-11-10,14.3,0,3.6,60
仙台,2021-11-11,14.4,20,4.1,60
仙台,2021-11-12,11.6,20,3.0,64
仙台,2021-11-13,12.5,0,3.4,62
仙台,2021-11-14,13.6,0,2.2,57
仙台,2021-11-15,13.8,20,2.4,69
仙台,2021-11-16,11.9,0,3.1,56
仙台,2021-11-17,11.5,0,2.9,60
仙台,2021-11-18,11.3,0,1.6,77
仙台,2021-11-19,15.1,0,2.5,62
仙台,2021-11-20,11.6,0,1.8,60
仙台,2021-11-21,9.6,0,1.4,68
仙台,2021-11-22,11.0,100,1.3,96
仙台,2021-11-23,10.5,20,5.4,56
仙台,2021-11-24,7.4,100,4.5,70
仙台,2021-11-25,9.1,90,2.1,82
仙台,2021-11-26,7.8,20,3.4,61
仙台,2021-11-27,6.4,10,4.4,63
仙台,2021-11-28,7.7,20,3.0,63
仙台,2021-11-29,8.1,0,1.8,63
仙台,2021-11-30,9.4,0,1.2,68
仙台,2021-12-01,11.0,30,8.1,66
仙台,2021-12-02,5.7,10,4.7,58
仙台,2021-12-03,9.6,0,1.3,71
仙台,2021-12-04,7.6,20,1.4,72
仙台,2021-12-05,5.2,0,2.8,58
仙台,2021-12-06,6.8,30,1.3,80
仙台,2021-12-07,9.9,50,2.9,87
仙台,2021-12-08,8.3,100,4.6,88
仙台,2021-12-09,8.4,0,1.7,64
仙台,2021-12-10,7.1,0,1.0,80
仙台,2021-12-11,10.7,0,1.6,69
仙台,2021-12-12,10.6,20,2.2,76
仙台,2021-12-13,3.8,0,7.7,48
仙台,2021-12-14,7.2,0,2.3,66
仙台,2021-12-15,9.3,10,2.7,70
仙台,2021-12-16,9.8,20,2.2,74
仙台,2021-12-17,7.8,70,1.2,84
仙台,2021-12-18,-0.4,40,4.7,53
仙台,2021-12-19,0.4,70,1.7,83
仙台,2021-12-20,5.5,0,2.8,60
仙台,2021-12-21,9.9,0,3.2,70
仙台,2021-12-22,3.6,0,5.4,54
仙台,2021-12-23,4.9,0,5.2,55
仙台,2021-12-24,4.5,0,2.2,77
仙台,2021-12-25,0.6,50,5.0,66
仙台,2021-12-26,-1.4,70,5.3,46
仙台,2021-12-27,-0.3,70,4.1,51
仙台,2021-12-28,0.2,20,3.9,54
仙台,2021-12-29,4.5,0,3.6,61
仙台,2021-12-30,4.8,40,2.8,75
仙台,2021-12-31,-1.8,100,4.6,57
仙台,2022-01-01,-0.8,80,5.2,57
仙台,2022-01-02,4.4,10,3.2,58
仙台,2022-01-03,2.4,10,4.8,56
仙台,2022-01-04,-0.0,100,3.9,58
仙台,2022-01-05,0.2,0,5.7,56
仙台,2022-01-06,2.5,0,1.1,56
仙台,2022-01-07,1.4,10,4.7,57
仙台,2022-01-08,3.8,0,3.3,64
仙台,2022-01-09,5.6,20,3.7,66
仙台,2022-01-10,3.9,0,2.2,60
仙台,2022-01-11,1.0,90,2.5,94
仙台,2022-01-12,1.3,90,6.2,55
仙台,2022-01-13,2.0,80,4.0,61
仙台,2022-01-14,1.0,60,5.0,59
仙台,2022-01-15,4.0,0,4.0,58
仙台,2022-01-16,2.6,20,1.5,72
仙台,2022-01-17,3.2,0,5.0,54
仙台,2022-01-18,0.5,80,6.4,51
仙台,2022-01-19,3.2,0,2.8,58
仙台,2022-01-20,3.4,10,4.3,54
仙台,2022-01-21,1.6,0,4.3,54
仙台,2022-01-22,3.2,30,3.0,62
仙台,2022-01-23,3.5,0,1.3,71
仙台,2022-01-24,3.2,0,4.8,54
仙台,2022-01-25,4.1,0,1.3,58
仙台,2022-01-26,4.0,10,1.9,73
仙台,2022-01-27,4.3,0,6.3,50
仙台,2022-01-28,3.4,20,4.4,53
仙台,2022-01-29,3.3,20,4.6,51
仙台,2022-01-30,1.9,0,4.9,50
仙台,2022-01-31,1.4,10,4.7,52
仙台,2022-02-01,3.2,10,4.9,49
仙台,2022-02-02,3.0,20,5.7,52
仙台,2022-02-03,2.7,70,4.1,59
仙台,2022-02-04,2.1,0,2.9,53
仙台,2022-02-05,0.2,20,4.5,51
仙台,2022-02-06,0.2,30,5.2,50
仙台,2022-02-07,2.1,30,4.9,52
仙台,2022-02-08,3.8,0,3.4,58
仙台,2022-02-09,3.9,0,3.8,56
仙台,2022-02-10,0.8,100,2.0,82
仙台,2022-02-11,3.4,0,2.5,62
仙台,2022-02-12,4.1,0,2.3,63
仙台,2022-02-13,5.4,0,3.2,50
仙台,2022-02-14,4.4,0,3.5,49
仙台,2022-02-15,2.8,70,4.0,77
仙台,2022-02-16,4.8,10,3.3,61
仙台,2022-02-17,3.4,0,3.9,48
仙台,2022-02-18,3.9,20,3.1,59
仙台,2022-02-19,4.0,0,2.7,71
仙台,2022-02-20,3.6,0,5.3,63
仙台,2022-02-21,-0.2,100,6.5,43
仙台,2022-02-22,0.1,90,4.2,46
仙台,2022-02-23,1.4,20,6.4,42
仙台,2022-02-24,3.2,0,4.8,51
仙台,2022-02-25,5.6,0,5.5,51
仙台,2022-02-26,9.0,0,4.8,50
仙台,2022-02-27,8.1,50,7.5,54
仙台,2022-02-28,8.3,0,4.5,50
仙台,2022-03-01,7.7,40,2.9,69
仙台,2022-03-02,7.5,10,4.5,43
仙台,2022-03-03,6.4,20,6.5,53
仙台,2022-03-04,6.4,10,3.5,47
仙台,2022-03-05,8.0,40,3.3,70
仙台,2022-03-06,3.7,60,9.0,52
仙台,2022-03-07,5.6,0,5.3,52
仙台,2022-03-08,6.9,0,4.3,46
仙台,2022-03-09,7.5,20,1.9,59
仙台,2022-03-10,8.8,0,1.2,57
仙台,2022-03-11,10.2,0,2.6,70
仙台,2022-03-12,11.9,0,5.7,40
仙台,2022-03-13,7.5,0,1.6,69
仙台,2022-03-14,9.8,10,2.8,83
仙台,2022-03-15,9.7,30,5.4,67
仙台,2022-03-16,8.7,0,2.7,68
仙台,2022-03-17,9.6,0,5.9,51
仙台,2022-03-18,2.0,100,2.2,92
仙台,2022-03-19,8.2,10,3.9,66
仙台,2022-03-20,6.8,0,5.1,51
仙台,2022-03-21,6.9,30,5.7,49
仙台,2022-03-22,1.6,70,1.8,78
仙台,2022-03-23,6.0,0,2.3,46
仙台,2022-03-24,10.2,10,2.4,50
仙台,2022-03-25,10.6,0,2.8,50
仙台,2022-03-26,11.2,60,4.3,86
仙台,2022-03-27,10.9,0,3.7,60
仙台,2022-03-28,9.4,0,5.8,40
仙台,2022-03-29,7.5,0,3.2,60
仙台,2022-03-30,17.7,0,2.8,47
仙台,2022-03-31,9.9,30,3.4,71
仙台,2022-04-01,7.1,0,6.2,38
仙台,2022-04-02,7.3,0,2.8,50
仙台,2022-04-03,9.9,0,2.4,63
仙台,2022-04-04,9.6,100,2.1,88
仙台,2022-04-05,10.8,0,1.8,79
仙台,2022-04-06,17.3,0,4.1,39
仙台,2022-04-07,8.6,0,3.5,64
仙台,2022-04-08,10.9,0,5.0,49
仙台,2022-04-09,18.3,0,2.9,50
仙台,2022-04-10,20.0,0,2.4,58
仙台,2022-04-11,21.5,0,2.4,57
仙台,2022-04-12,20.6,0,2.8,56
仙台,2022-04-13,23.0,0,2.2,55
仙台,2022-04-14,7.2,100,3.1,86
仙台,2022-04-15,7.8,90,2.2,90
仙台,2022-04-16,11.0,50,3.3,68
仙台,2022-04-17,12.2,0,3.0,55
仙台,2022-04-18,15.4,30,2.3,70
仙台,2022-04-19,12.4,10,3.3,62
仙台,2022-04-20,12.7,0,2.7,63
仙台,2022-04-21,17.9,0,2.8,68
仙台,2022-04-22,20.0,0,4.4,58
仙台,2022-04-23,18.2,10,4.7,55
仙台,2022-04-24,15.3,0,1.9,58
仙台,2022-04-25,22.0,0,2.8,58
仙台,2022-04-26,17.4,40,0.8,88
仙台,2022-04-27,17.5,0,4.4,53
仙台,2022-04-28,15.0,0,2.8,44
仙台,2022-04-29,9.8,50,4.2,65
仙台,2022-04-30,13.2,0,2.4,47
仙台,2022-05-01,11.0,80,2.2,77
仙台,2022-05-02,14.6,0,4.0,43
仙台,2022-05-03,13.6,20,5.4,46
仙台,2022-05-04,21.3,0,4.9,39
仙台,2022-05-05,20.4,0,2.7,54
仙台,2022-05-06,20.6,0,2.5,70
仙台,2022-05-07,20.4,0,5.3,68
仙台,2022-05-08,16.1,0,5.1,39
仙台,2022-05-09,17.0,0,2.8,49
仙台,2022-05-10,17.8,0,1.9,48
仙台,2022-05-11,18.8,0,2.3,68
仙台,2022-05-12,19.9,0,2.4,76
仙台,2022-05-13,18.4,100,4.1,91
仙台,2022-05-14,21.4,30,4.4,66
仙台,2022-05-15,17.5,0,3.8,42
仙台,2022-05-16,12.5,60,1.4,77
仙台,2022-05-17,15.5,0,1.4,80
仙台,2022-05-18,19.4,0,2.7,54
仙台,2022-05-19,22.4,0,3.0,56
仙台,2022-05-20,24.8,0,2.7,38
仙台,2022-05-21,21.7,0,2.2,62
仙台,2022-05-22,16.8,70,2.5,83
仙台,2022-05-23,16.6,30,2.1,74
仙台,2022-05-24,21.2,0,2.5,57
仙台,2022-05-25,21.4,0,2.7,74
仙台,2022-05-26,21.4,0,5.1,71
仙台,2022-05-27,18.9,70,4.0,88
仙台,2022-05-28,20.0,0,6.5,51
仙台,2022-05-29,25.7,0,4.4,45
仙台,2022-05-30,15.9,0,3.9,71
仙台,2022-05-31,15.3,90,2.3,91
仙台,2022-06-01,22.0,0,3.0,52
仙台,2022-06-02,21.2,40,2.0,68
仙台,2022-06-03,17.4,90,2.3,80
仙台,2022-06-04,20.5,30,3.0,53
仙台,2022-06-05,16.7,0,3.1,67
仙台,2022-06-06,12.9,100,5.8,92
仙台,2022-06-07,14.2,90,3.9,88
仙台,2022-06-08,13.1,100,3.0,84
仙台,2022-06-09,16.4,50,2.5,79
仙台,2022-06-10,19.4,80,2.4,79
仙台,2022-06-11,21.0,30,1.8,78
仙台,2022-06-12,18.8,90,2.7,87
仙台,2022-06-13,18.6,0,3.8,63
仙台,2022-06-14,15.0,0,3.3,72
仙台,2022-06-15,18.0,50,4.8,78
仙台,2022-06-16,24.0,40,1.9,71
仙台,2022-06-17,24.6,10,3.2,64
仙台,2022-06-18,27.2,60,2.0,63
仙台,2022-06-19,27.0,40,2.1,65
仙台,2022-06-20,27.7,30,2.8,56
仙台,2022-06-21,21.9,0,2.8,76
仙台,2022-06-22,21.4,0,2.5,76
仙台,2022-06-23,20.7,70,3.5,85
仙台,2022-06-24,24.7,30,2.7,86
仙台,2022-06-25,30.6,0,3.5,54
仙台,2022-06-26,30.9,20,2.2,52
仙台,2022-06-27,28.2,0,5.1,66
仙台,2022-06-28,29.5,10,2.1,67
仙台,2022-06-29,32.0,0,4.1,51
仙台,2022-06-30,31.2,0,5.5,54
仙台,2022-07-01,31.2,20,2.3,56
仙台,2022-07-02,30.9,30,2.5,62
仙台,2022-07-03,31.4,0,2.0,58
仙台,2022-07-04,29.2,30,1.7,63
仙台,2022-07-05,27.4,50,2.4,75
仙台,2022-07-06,23.6,80,4.4,88
仙台,2022-07-07,24.3,80,2.8,81
仙台,2022-07-08,24.9,40,3.8,70
仙台,2022-07-09,24.4,100,3.1,80
仙台,2022-07-10,28.8,10,2.0,69
仙台,2022-07-11,25.3,60,3.3,84
仙台,2022-07-12,24.2,90,3.3,86
仙台,2022-07-13,21.4,100,3.7,96
仙台,2022-07-14,21.6,20,3.9,82
仙台,2022-07-15,22.5,100,4.5,90
仙台,2022-07-16,24.0,30,2.0,85
仙台,2022-07-17,25.2,60,2.0,84
仙台,2022-07-18,28.5,50,1.8,67
仙台,2022-07-19,25.0,80,2.0,86
仙台,2022-07-20,28.3,30,3.2,65
仙台,2022-07-21,26.1,80,1.7,77
仙台,2022-07-22,24.3,100,2.9,94
仙台,2022-07-23,27.3,90,1.5,78
仙台,2022-07-24,26.4,0,2.8,73
仙台,2022-07-25,26.6,40,2.1,81
仙台,2022-07-26,28.0,60,1.8,82
仙台,2022-07-27,27.7,100,1.4,84
仙台,2022-07-28,27.3,40,2.4,80
仙台,2022-07-29,27.0,40,2.3,84
仙台,2022-07-30,26.6,50,2.7,85
仙台,2022-07-31,32.7,0,1.0,59
仙台,2022-08-01,29.0,20,2.0,76
仙台,2022-08-02,31.5,0,3.0,64
仙台,2022-08-03,27.7,60,2.3,81
仙台,2022-08-04,22.7,20,3.0,80
仙台,2022-08-05,22.4,10,2.8,74
仙台,2022-08-06,23.5,0,2.4,73
仙台,2022-08-07,26.1,10,2.1,79
仙台,2022-08-08,29.4,30,2.1,78
仙台,2022-08-09,32.8,0,2.8,57
仙台,2022-08-10,32.8,10,2.1,57
仙台,2022-08-11,30.1,30,1.3,74
仙台,2022-08-12,30.3,0,4.0,71
仙台,2022-08-13,29.3,80,4.0,73
仙台,2022-08-14,28.3,50,1.9,76
仙台,2022-08-15,25.8,70,2.9,88
仙台,2022-08-16,29.4,40,3.5,69
仙台,2022-08-17,26.7,70,2.0,71
仙台,2022-08-18,26.4,70,4.2,76
仙台,2022-08-19,27.4,0,3.1,54
仙台,2022-08-20,25.6,50,2.9,79
仙台,2022-08-21,26.6,0,2.6,76
仙台,2022-08-22,24.8,30,3.0,80
仙台,2022-08-23,29.4,70,2.3,79
仙台,2022-08-24,25.8,0,2.6,61
仙台,2022-08-25,24.0,50,2.7,70
仙台,2022-08-26,24.9,0,1.7,79
仙台,2022-08-27,25.8,50,1.6,84
仙台,2022-08-28,19.9,80,1.5,89
仙台,2022-08-29,22.8,0,2.2,67
仙台,2022-08-30,22.4,30,1.4,82
仙台,2022-08-31,23.7,10,0.8,86
仙台,2022-09-01,28.4,40,1.8,79
仙台,2022-09-02,25.3,0,1.8,72
仙台,2022-09-03,23.2,40,2.8,82
仙台,2022-09-04,22.8,80,3.3,88
仙台,2022-09-05,23.3,40,3.2,82
仙台,2022-09-06,25.4,40,7.9,83
仙台,2022-09-07,25.8,40,1.6,80
仙台,2022-09-08,21.1,100,1.6,88
仙台,2022-09-09,24.0,0,1.7,81
仙台,2022-09-10,25.0,0,1.9,67
仙台,2022-09-11,23.1,0,2.1,74
仙台,2022-09-12,24.3,60,2.9,79
仙台,2022-09-13,25.5,0,1.8,81
仙台,2022-09-14,24.3,0,3.2,66
仙台,2022-09-15,21.5,20,2.8,72
仙台,2022-09-16,24.1,0,2.8,71
仙台,2022-09-17,25.2,30,3.2,79
仙台,2022-09-18,27.3,40,5.0,79
仙台,2022-09-19,27.1,60,5.9,85
仙台,2022-09-20,19.7,70,3.5,74
仙台,2022-09-21,18.4,0,3.0,58
仙台,2022-09-22,18.5,60,1.5,81
仙台,2022-09-23,22.4,70,1.1,91
仙台,2022-09-24,23.6,50,2.3,81
仙台,2022-09-25,21.8,0,2.1,69
仙台,2022-09-26,21.8,0,2.1,78
仙台,2022-09-27,21.2,0,1.6,77
仙台,2022-09-28,21.6,0,1.7,64
仙台,2022-09-29,24.1,0,1.1,61
仙台,2022-09-30,22.5,0,1.7,70
仙台,2022-10-01,22.5,0,1.5,74
仙台,2022-10-02,22.4,0,2.3,70
仙台,2022-10-03,21.0,0,2.1,80
仙台,2022-10-04,23.3,0,3.6,73
仙台,2022-10-05,15.1,30,2.0,65
仙台,2022-10-06,12.1,40,1.6,77
仙台,2022-10-07,11.9,90,2.5,84
仙台,2022-10-08,18.4,0,3.1,62
仙台,2022-10-09,16.9,10,2.7,72
仙台,2022-10-10,19.2,40,2.1,89
仙台,2022-10-11,19.1,0,4.5,59
仙台,2022-10-12,18.5,0,2.0,59
仙台,2022-10-13,15.5,0,2.4,79
仙台,2022-10-14,17.6,0,1.4,75
仙台,2022-10-15,19.8,0,1.8,78
仙台,2022-10-16,18.0,40,2.3,79
仙台,2022-10-17,21.9,40,1.8,70
仙台,2022-10-18,15.3,0,3.8,51
仙台,2022-10-19,14.9,0,3.5,50
仙台,2022-10-20,16.0,0,3.3,58
仙台,2022-10-21,17.5,0,2.2,64
仙台,2022-10-22,17.8,30,2.5,72
仙台,2022-10-23,17.9,60,2.2,72
仙台,2022-10-24,12.2,0,2.2,54
仙台,2022-10-25,12.4,30,3.7,59
仙台,2022-10-26,12.1,0,3.2,60
仙台,2022-10-27,12.1,0,1.5,60
仙台,2022-10-28,14.0,0,1.3,70
仙台,2022-10-29,14.6,10,3.0,62
仙台,2022-10-30,14.8,0,2.7,59
仙台,2022-10-31,14.4,0,2.4,66
仙台,2022-11-01,14.9,0,1.2,73
仙台,2022-11-02,18.0,20,1.0,65
仙台,2022-11-03,17.5,20,2.4,64
仙台,2022-11-04,11.3,20,3.9,64
仙台,2022-11-05,11.6,10,3.5,56
仙台,2022-11-06,13.6,0,2.6,60
仙台,2022-11-07,13.0,0,1.6,71
仙台,2022-11-08,14.5,10,3.5,62
仙台,2022-11-09,14.5,0,3.2,57
仙台,2022-11-10,16.1,0,2.3,56
仙台,2022-11-11,13.8,0,2.4,67
仙台,2022-11-12,17.0,0,2.8,71
仙台,2022-11-13,17.5,20,3.0,71
仙台,2022-11-14,11.8,0,3.1,55
仙台,2022-11-15,9.6,0,1.8,72
仙台,2022-11-16,10.4,0,3.8,52
仙台,2022-11-17,10.3,0,2.6,56
仙台,2022-11-18,9.4,0,2.0,63
仙台,2022-11-19,11.1,0,2.3,62
仙台,2022-11-20,11.9,0,0.9,72
仙台,2022-11-21,12.7,30,1.7,88
仙台,2022-11-22,13.1,10,2.9,60
仙台,2022-11-23,8.4,90,3.2,86
仙台,2022-11-24,12.9,0,3.8,62
仙台,2022-11-25,11.9,0,2.3,62
仙台,2022-11-26,14.8,0,3.8,75
仙台,2022-11-27,9.7,0,2.6,52
仙台,2022-11-28,9.2,0,1.7,66
仙台,2022-11-29,17.8,10,6.6,71
仙台,2022-11-30,12.4,0,3.9,65
仙台,2022-12-01,4.4,50,2.3,73
仙台,2022-12-02,3.7,0,3.9,57
仙台,2022-12-03,6.4,0,2.3,76
仙台,2022-12-04,7.3,70,4.4,72
仙台,2022-12-05,4.8,10,2.5,61
仙台,2022-12-06,2.4,40,1.5,85
仙台,2022-12-07,5.7,60,1.5,85
仙台,2022-12-08,5.8,30,4.3,63
仙台,2022-12-09,6.4,10,1.1,75
仙台,2022-12-10,8.5,0,2.0,70
仙台,2022-12-11,5.0,30,1.5,80
仙台,2022-12-12,5.4,0,1.9,66
仙台,2022-12-13,9.7,10,3.6,75
仙台,2022-12-14,4.4,100,4.1,67
仙台,2022-12-15,2.9,100,3.2,68
仙台,2022-12-16,2.9,90,3.0,64
仙台,2022-12-17,1.6,60,2.0,80
仙台,2022-12-18,0.4,100,4.5,67
仙台,2022-12-19,-0.4,30,2.3,69
仙台,2022-12-20,1.1,0,1.3,78
仙台,2022-12-21,3.5,0,1.8,79
仙台,2022-12-22,6.9,80,5.7,88
仙台,2022-12-23,3.7,20,8.9,47
仙台,2022-12-24,5.3,40,4.9,68
仙台,2022-12-25,4.4,10,3.7,66
仙台,2022-12-26,5.6,0,5.5,63
仙台,2022-12-27,6.5,0,4.6,65
仙台,2022-12-28,8.4,0,2.6,58
仙台,2022-12-29,3.4,70,2.5,63
仙台,2022-12-30,4.8,0,3.1,60
仙台,2022-12-31,5.1,0,3.4,59
仙台,2023-01-01,6.2,60,4.8,66
仙台,2023-01-02,1.8,0,4.9,52
仙台,2023-01-03,2.2,0,6.0,56
仙台,2023-01-04,2.2,0,6.0,54
仙台,2023-01-05,2.6,0,6.7,53
仙台,2023-01-06,4.0,0,3.0,54
仙台,2023-01-07,3.4,10,1.0,67
仙台,2023-01-08,4.5,0,2.6,64
仙台,2023-01-09,6.2,20,1.9,73
仙台,2023-01-10,1.4,40,5.6,54
仙台,2023-01-11,6.2,0,3.5,58
仙台,2023-01-12,9.6,0,2.8,65
仙台,2023-01-13,11.0,0,2.4,59
仙台,2023-01-14,11.5,30,1.2,86
仙台,2023-01-15,6.8,30,2.5,69
仙台,2023-01-16,4.3,0,3.4,61
仙台,2023-01-17,4.4,20,2.9,52
仙台,2023-01-18,5.5,0,3.6,58
仙台,2023-01-19,3.1,0,2.2,59
仙台,2023-01-20,8.6,0,3.0,58
仙台,2023-01-21,1.9,20,4.0,55
仙台,2023-01-22,1.1,0,2.4,61
仙台,2023-01-23,1.1,0,2.1,71
仙台,2023-01-24,0.7,70,4.6,72
仙台,2023-01-25,-3.7,90,5.8,38
仙台,2023-01-26,-0.5,40,3.9,64
仙台,2023-01-27,0.2,50,1.9,74
仙台,2023-01-28,-0.9,30,3.2,50
仙台,2023-01-29,-2.2,0,2.3,68
仙台,2023-01-30,0.6,20,1.9,72
仙台,2023-01-31,-0.1,0,3.3,60
仙台,2023-02-01,6.3,30,4.4,47
仙台,2023-02-02,2.3,0,5.3,51
仙台,2023-02-03,1.6,0,3.4,54
仙台,2023-02-04,2.9,40,2.6,72
仙台,2023-02-05,3.8,0,3.3,56
仙台,2023-02-06,7.1,0,2.7,62
仙台,2023-02-07,7.1,0,2.2,73
仙台,2023-02-08,5.6,10,3.0,57
仙台,2023-02-09,2.1,0,6.0,50
仙台,2023-02-10,-0.8,90,1.7,78
仙台,2023-02-11,3.4,0,2.6,69
仙台,2023-02-12,5.6,0,2.0,68
仙台,2023-02-13,2.4,80,2.5,96
仙台,2023-02-14,1.4,60,4.6,54
仙台,2023-02-15,0.6,20,4.6,51
仙台,2023-02-16,1.6,0,3.5,54
仙台,2023-02-17,6.5,0,3.1,53
仙台,2023-02-18,9.7,10,1.7,57
仙台,2023-02-19,7.5,100,2.1,83
仙台,2023-02-20,2.9,10,5.6,44
仙台,2023-02-21,0.9,60,5.0,50
仙台,2023-02-22,2.5,0,3.0,55
仙台,2023-02-23,6.2,0,1.5,58
仙台,2023-02-24,8.6,20,2.5,63
仙台,2023-02-25,3.9,0,4.7,52
仙台,2023-02-26,3.3,10,6.8,49
仙台,2023-02-27,6.3,0,4.6,46
仙台,2023-02-28,12.1,0,3.6,36
仙台,2023-03-01,14.1,0,4.6,48
仙台,2023-03-02,6.9,10,4.4,59
仙台,2023-03-03,6.4,20,4.2,51
仙台,2023-03-04,8.2,0,4.0,49
仙台,2023-03-05,5.6,0,2.0,56
仙台,2023-03-06,9.4,10,1.6,66
仙台,2023-03-07,13.5,0,3.0,39
仙台,2023-03-08,16.9,0,3.3,38
仙台,2023-03-09,13.8,0,2.2,59
仙台,2023-03-10,13.4,10,3.9,59
仙台,2023-03-11,13.2,0,1.7,50
仙台,2023-03-12,9.8,0,2.5,76
仙台,2023-03-13,10.8,70,5.1,74
仙台,2023-03-14,8.3,10,3.5,50
仙台,2023-03-15,8.4,0,2.3,66
仙台,2023-03-16,13.3,0,2.9,72
仙台,2023-03-17,9.2,0,3.9,44
仙台,2023-03-18,2.3,100,2.5,96
仙台,2023-03-19,9.6,10,4.5,48
仙台,2023-03-20,13.1,0,2.0,44
仙台,2023-03-21,14.8,0,2.1,64
仙台,2023-03-22,16.1,0,2.3,62
仙台,2023-03-23,16.6,40,5.4,79
仙台,2023-03-24,14.7,0,3.2,62
仙台,2023-03-25,7.1,0,0.9,72
仙台,2023-03-26,8.3,100,2.0,92
仙台,2023-03-27,10.7,0,4.2,46
仙台,2023-03-28,9.4,0,2.3,64
仙台,2023-03-29,9.8,20,1.7,73
仙台,2023-03-30,12.2,0,2.3,68
仙台,2023-03-31,18.1,0,2.8,40
仙台,2023-04-01,15.6,0,3.3,38
仙台,2023-04-02,9.6,30,2.2,70
仙台,2023-04-03,10.7,0,2.0,63
仙台,2023-04-04,14.4,0,2.5,57
仙台,2023-04-05,17.2,0,1.9,56
仙台,2023-04-06,18.1,10,2.8,61
仙台,2023-04-07,18.5,70,5.5,78
仙台,2023-04-08,13.1,30,3.3,59
仙台,2023-04-09,10.1,10,7.3,38
仙台,2023-04-10,16.6,0,2.2,40
仙台,2023-04-11,20.2,0,2.6,43
仙台,2023-04-12,13.6,50,3.5,70
仙台,2023-04-13,16.3,0,5.0,33
仙台,2023-04-14,19.7,0,4.2,35
仙台,2023-04-15,13.0,70,4.0,81
仙台,2023-04-16,16.2,0,6.1,56
仙台,2023-04-17,10.3,0,5.7,53
仙台,2023-04-18,13.5,0,2.9,57
仙台,2023-04-19,18.6,0,4.7,45
仙台,2023-04-20,17.9,0,2.9,68
仙台,2023-04-21,20.5,0,5.1,41
仙台,2023-04-22,12.6,0,5.9,31
仙台,2023-04-23,13.7,0,6.7,30
仙台,2023-04-24,12.4,0,6.1,30
仙台,2023-04-25,12.3,0,3.7,42
仙台,2023-04-26,13.5,100,1.8,91
仙台,2023-04-27,15.7,0,4.9,45
仙台,2023-04-28,19.4,0,2.4,54
仙台,2023-04-29,19.5,0,3.6,66
仙台,2023-04-30,18.6,30,3.5,66
仙台,2023-05-01,18.0,0,3.3,50
仙台,2023-05-02,15.6,0,5.3,42
仙台,2023-05-03,18.3,0,2.7,52
仙台,2023-05-04,22.9,0,2.5,38
仙台,2023-05-05,22.4,0,2.3,44
仙台,2023-05-06,19.0,100,2.2,85
仙台,2023-05-07,9.7,100,3.1,87
仙台,2023-05-08,9.9,40,4.0,70
仙台,2023-05-09,15.2,0,2.9,54
仙台,2023-05-10,18.7,30,2.1,51
仙台,2023-05-11,17.2,10,4.1,36
仙台,2023-05-12,14.6,0,2.5,56
仙台,2023-05-13,17.0,0,2.6,69
仙台,2023-05-14,18.0,30,6.4,62
仙台,2023-05-15,15.6,100,2.4,89
仙台,2023-05-16,18.2,40,3.3,72
仙台,2023-05-17,24.2,0,3.2,60
仙台,2023-05-18,26.9,0,2.3,56
仙台,2023-05-19,19.7,70,2.1,76
仙台,2023-05-20,17.3,10,2.7,75
仙台,2023-05-21,20.9,0,3.4,76
仙台,2023-05-22,23.0,0,2.4,46
仙台,2023-05-23,14.5,70,2.0,82
仙台,2023-05-24,16.7,50,4.8,54
仙台,2023-05-25,19.4,0,2.3,51
仙台,2023-05-26,20.1,0,2.6,64
仙台,2023-05-27,22.8,40,2.5,60
仙台,2023-05-28,19.6,90,1.9,84
仙台,2023-05-29,19.8,100,1.3,88
仙台,2023-05-30,22.2,20,4.0,54
仙台,2023-05-31,19.6,0,2.9,50
仙台,2023-06-01,21.0,0,3.2,58
仙台,2023-06-02,18.8,100,2.0,95
仙台,2023-06-03,21.7,0,5.3,54
仙台,2023-06-04,22.6,0,7.2,46
仙台,2023-06-05,24.1,0,3.6,49
仙台,2023-06-06,23.1,0,2.6,68
仙台,2023-06-07,25.7,10,1.6,50
仙台,2023-06-08,22.3,0,2.7,71
仙台,2023-06-09,18.4,70,4.6,88
仙台,2023-06-10,23.5,40,2.2,75
仙台,2023-06-11,19.8,100,2.5,96
仙台,2023-06-12,22.0,20,1.2,81
仙台,2023-06-13,24.3,50,1.2,77
仙台,2023-06-14,22.1,50,2.6,87
仙台,2023-06-15,20.5,100,1.9,90
仙台,2023-06-16,19.8,100,3.3,84
仙台,2023-06-17,27.3,0,3.7,53
仙台,2023-06-18,27.8,0,4.5,55
仙台,2023-06-19,20.9,10,2.5,63
仙台,2023-06-20,22.5,0,1.8,62
仙台,2023-06-21,22.2,0,3.5,67
仙台,2023-06-22,20.3,40,4.3,76
仙台,2023-06-23,21.3,40,1.7,81
仙台,2023-06-24,23.1,100,2.2,81
仙台,2023-06-25,23.8,70,2.1,75
仙台,2023-06-26,23.1,70,3.5,80
仙台,2023-06-27,25.9,30,1.8,79
仙台,2023-06-28,27.5,0,2.1,76
仙台,2023-06-29,27.1,30,1.5,64
仙台,2023-06-30,24.1,60,1.9,86
仙台,2023-07-01,25.5,40,1.7,80
仙台,2023-07-02,25.3,0,2.7,76
仙台,2023-07-03,27.2,20,1.9,59
仙台,2023-07-04,23.6,40,2.8,72
仙台,2023-07-05,23.8,50,3.8,79
仙台,2023-07-06,27.8,10,3.5,77
仙台,2023-07-07,29.2,0,1.8,65
仙台,2023-07-08,21.1,90,1.5,83
仙台,2023-07-09,27.3,60,2.4,85
仙台,2023-07-10,29.9,50,2.6,70
仙台,2023-07-11,30.0,20,2.7,64
仙台,2023-07-12,28.3,40,3.4,69
仙台,2023-07-13,28.9,10,3.6,54
仙台,2023-07-14,26.2,50,1.8,72
仙台,2023-07-15,23.5,100,3.5,88
仙台,2023-07-16,31.6,30,3.4,62
仙台,2023-07-17,32.6,10,3.6,55
仙台,2023-07-18,28.0,30,1.4,72
仙台,2023-07-19,24.3,100,2.0,91
仙台,2023-07-20,25.1,90,2.6,75
仙台,2023-07-21,22.9,60,2.6,85
仙台,2023-07-22,25.4,50,2.9,78
仙台,2023-07-23,26.1,10,2.7,76
仙台,2023-07-24,28.1,0,1.7,76
仙台,2023-07-25,31.2,10,2.1,70
仙台,2023-07-26,32.0,30,1.7,61
仙台,2023-07-27,32.0,50,1.5,61
仙台,2023-07-28,31.1,10,2.1,66
仙台,2023-07-29,31.4,0,2.4,64
仙台,2023-07-30,32.8,20,1.8,63
仙台,2023-07-31,33.2,10,2.2,53
仙台,2023-08-01,29.2,10,1.7,68
仙台,2023-08-02,31.7,20,2.0,57
仙台,2023-08-03,31.1,20,1.8,67
仙台,2023-08-04,32.5,30,1.6,58
仙台,2023-08-05,33.0,10,2.5,57
仙台,2023-08-06,31.5,10,4.0,64
仙台,2023-08-07,30.1,50,3.8,72
仙台,2023-08-08,29.0,90,4.7,73
仙台,2023-08-09,29.8,60,5.8,74
仙台,2023-08-10,29.2,0,6.5,66
仙台,2023-08-11,29.2,30,3.6,67
仙台,2023-08-12,27.0,90,2.1,83
仙台,2023-08-13,28.4,90,3.2,80
仙台,2023-08-14,28.1,90,3.4,83
仙台,2023-08-15,28.4,90,5.2,79
仙台,2023-08-16,28.8,50,6.4,76
仙台,2023-08-17,29.9,30,1.9,76
仙台,2023-08-18,29.6,60,1.7,77
仙台,2023-08-19,29.3,80,1.2,77
仙台,2023-08-20,30.1,90,0.7,76
仙台,2023-08-21,29.6,20,2.7,76
仙台,2023-08-22,29.6,70,3.9,77
仙台,2023-08-23,30.1,60,4.7,76
仙台,2023-08-24,31.8,0,3.5,67
仙台,2023-08-25,30.0,0,2.4,73
仙台,2023-08-26,29.4,40,3.1,72
仙台,2023-08-27,27.9,30,2.7,73
仙台,2023-08-28,32.1,10,3.5,54
仙台,2023-08-29,28.5,70,2.8,76
仙台,2023-08-30,29.3,30,3.2,71
仙台,2023-08-31,30.2,0,2.9,70
仙台,2023-09-01,29.8,0,1.8,69
仙台,2023-09-02,30.0,10,1.6,64
仙台,2023-09-03,28.0,30,3.0,72
仙台,2023-09-04,25.5,100,3.6,91
仙台,2023-09-05,28.2,70,1.1,79
仙台,2023-09-06,23.7,100,1.0,92
仙台,2023-09-07,27.2,0,2.4,66
仙台,2023-09-08,23.4,60,3.1,81
仙台,2023-09-09,28.5,60,2.5,81
仙台,2023-09-10,28.4,80,1.9,77
仙台,2023-09-11,27.9,30,3.2,79
仙台,2023-09-12,27.4,90,3.3,77
仙台,2023-09-13,27.5,20,1.3,74
仙台,2023-09-14,27.9,10,2.1,76
仙台,2023-09-15,25.7,90,3.2,78
仙台,2023-09-16,26.8,50,1.9,79
仙台,2023-09-17,26.5,90,2.6,84
仙台,2023-09-18,29.6,40,1.8,76
仙台,2023-09-19,27.0,50,1.6,82
仙台,2023-09-20,27.1,10,1.9,66
仙台,2023-09-21,23.2,90,2.8,90
仙台,2023-09-22,24.3,20,1.5,69
仙台,2023-09-23,22.7,0,1.8,58
仙台,2023-09-24,21.7,0,2.0,63
仙台,2023-09-25,22.2,30,2.2,72
仙台,2023-09-26,23.1,20,1.8,76
仙台,2023-09-27,20.8,80,1.5,87
仙台,2023-09-28,25.0,50,3.7,76
仙台,2023-09-29,24.4,0,3.4,61
仙台,2023-09-30,20.7,30,1.0,79
仙台,2023-10-01,23.8,50,1.8,77
仙台,2023-10-02,21.1,0,4.2,51
仙台,2023-10-03,21.8,0,2.8,52
仙台,2023-10-04,18.7,10,1.6,78
仙台,2023-10-05,19.6,70,5.2,67
仙台,2023-10-06,17.7,0,9.3,52
仙台,2023-10-07,17.7,30,4.0,59
仙台,2023-10-08,17.2,10,1.7,66
仙台,2023-10-09,15.9,100,1.4,90
仙台,2023-10-10,20.5,50,2.1,76
仙台,2023-10-11,18.6,50,2.7,58
仙台,2023-10-12,18.8,10,1.8,53
仙台,2023-10-13,19.1,0,2.8,57
仙台,2023-10-14,20.2,0,1.4,57
仙台,2023-10-15,13.5,90,1.3,90
仙台,2023-10-16,19.5,0,3.8,58
仙台,2023-10-17,17.4,0,5.2,55
仙台,2023-10-18,17.4,0,1.9,67
仙台,2023-10-19,21.6,0,2.4,63
仙台,2023-10-20,19.2,10,2.0,72
仙台,2023-10-21,13.3,60,4.4,62
仙台,2023-10-22,13.7,0,4.1,53
仙台,2023-10-23,17.6,0,2.6,57
仙台,2023-10-24,16.9,0,1.3,66
仙台,2023-10-25,17.6,30,1.3,75
仙台,2023-10-26,18.6,10,2.0,61
仙台,2023-10-27,16.8,0,1.3,71
仙台,2023-10-28,16.9,30,1.3,72
仙台,2023-10-29,16.7,0,3.1,66
仙台,2023-10-30,15.7,0,2.3,68
仙台,2023-10-31,16.4,0,1.7,70
仙台,2023-11-01,18.3,0,2.4,68
仙台,2023-11-02,19.5,10,1.7,67
仙台,2023-11-03,20.3,0,1.9,68
仙台,2023-11-04,17.9,20,1.7,77
仙台,2023-11-05,15.3,50,2.1,85
仙台,2023-11-06,21.6,0,4.5,71
仙台,2023-11-07,18.2,20,4.5,66
仙台,2023-11-08,13.9,0,3.9,57
仙台,2023-11-09,14.4,0,1.8,72
仙台,2023-11-10,15.4,50,1.8,82
仙台,2023-11-11,9.2,0,3.8,49
仙台,2023-11-12,7.3,30,2.0,71
仙台,2023-11-13,8.0,40,4.0,61
仙台,2023-11-14,11.0,0,3.6,55
仙台,2023-11-15,10.7,0,2.1,68
仙台,2023-11-16,12.0,0,1.2,69
仙台,2023-11-17,12.0,90,1.6,93
仙台,2023-11-18,10.7,0,4.2,55
仙台,2023-11-19,13.5,0,4.2,58
仙台,2023-11-20,9.5,10,6.2,61
仙台,2023-11-21,11.2,0,2.2,63
仙台,2023-11-22,12.7,0,1.7,70
仙台,2023-11-23,13.9,0,0.8,71
仙台,2023-11-24,12.4,80,5.2,66
仙台,2023-11-25,5.3,0,4.7,50
仙台,2023-11-26,7.7,0,1.9,67
仙台,2023-11-27,10.2,0,1.4,79
仙台,2023-11-28,12.5,50,7.3,64
仙台,2023-11-29,6.3,100,2.6,83
仙台,2023-11-30,4.4,40,3.0,66
仙台,2023-12-01,5.3,10,3.3,62
仙台,2023-12-02,5.6,0,2.3,68
仙台,2023-12-03,7.3,40,1.3,76
仙台,2023-12-04,8.0,0,2.1,67
仙台,2023-12-05,8.0,0,1.0,64
仙台,2023-12-06,8.8,40,1.3,93
仙台,2023-12-07,10.5,60,5.0,69
仙台,2023-12-08,11.0,0,3.3,65
仙台,2023-12-09,13.4,0,1.1,67
仙台,2023-12-10,13.7,30,2.4,69
仙台,2023-12-11,9.2,0,1.6,60
仙台,2023-12-12,9.4,20,3.1,80
仙台,2023-12-13,7.6,0,6.6,53
仙台,2023-12-14,7.8,20,3.1,65
仙台,2023-12-15,4.7,100,1.4,92
仙台,2023-12-16,11.6,10,2.0,93
仙台,2023-12-17,3.2,90,4.3,58
仙台,2023-12-18,2.2,0,5.4,51
仙台,2023-12-19,4.0,0,1.5,66
仙台,2023-12-20,4.9,30,3.3,68
仙台,2023-12-21,3.0,40,2.7,60
仙台,2023-12-22,2.2,50,2.0,53
仙台,2023-12-23,2.0,10,5.2,51
仙台,2023-12-24,2.7,0,1.5,69
仙台,2023-12-25,4.3,30,1.2,78
仙台,2023-12-26,7.2,20,2.7,68
仙台,2023-12-27,4.4,0,4.9,54
仙台,2023-12-28,4.8,0,1.5,60
仙台,2023-12-29,7.9,0,2.4,68
仙台,2023-12-30,7.7,0,1.1,73
仙台,2023-12-31,8.7,40,0.9,81
仙台,2024-01-01,5.1,0,4.8,57
仙台,2024-01-02,5.2,0,1.0,69
仙台,2024-01-03,7.2,50,1.2,83
仙台,2024-01-04,6.8,0,4.1,60
仙台,2024-01-05,7.5,0,3.0,59
仙台,2024-01-06,7.6,50,0.9,84
仙台,2024-01-07,3.4,0,2.9,55
仙台,2024-01-08,1.3,30,4.6,57
仙台,2024-01-09,6.6,10,3.2,59
仙台,2024-01-10,3.4,20,5.4,59
仙台,2024-01-11,2.5,0,1.4,67
仙台,2024-01-12,4.9,80,3.2,66
仙台,2024-01-13,2.5,30,2.6,63
仙台,2024-01-14,4.9,0,2.3,56
仙台,2024-01-15,0.7,10,8.1,50
仙台,2024-01-16,-0.5,60,6.1,51
仙台,2024-01-17,6.9,0,2.5,56
仙台,2024-01-18,8.4,0,1.3,74
仙台,2024-01-19,5.0,0,3.8,58
仙台,2024-01-20,4.1,0,1.8,65
仙台,2024-01-21,7.8,100,6.6,89
仙台,2024-01-22,7.4,40,2.1,88
仙台,2024-01-23,5.2,0,4.7,59
仙台,2024-01-24,1.9,50,9.1,54
仙台,2024-01-25,-0.4,0,3.9,66
仙台,2024-01-26,2.7,0,2.9,65
仙台,2024-01-27,4.1,0,3.6,61
仙台,2024-01-28,4.8,0,2.3,61
仙台,2024-01-29,5.9,0,2.5,57
仙台,2024-01-30,5.7,0,3.2,60
仙台,2024-01-31,8.7,0,2.0,54
仙台,2024-02-01,3.2,0,8.2,58
仙台,2024-02-02,2.9,0,5.7,51
仙台,2024-02-03,2.8,0,4.9,56
仙台,2024-02-04,5.2,0,5.6,50
仙台,2024-02-05,2.3,30,2.5,67
仙台,2024-02-06,1.4,30,2.2,66
仙台,2024-02-07,4.6,10,2.7,55
仙台,2024-02-08,5.0,10,2.7,60
仙台,2024-02-09,5.4,0,2.7,57
仙台,2024-02-10,5.3,10,1.6,54
仙台,2024-02-11,4.0,40,3.6,59
仙台,2024-02-12,5.4,0,3.9,52
仙台,2024-02-13,9.4,0,2.2,49
仙台,2024-02-14,13.6,0,5.3,55
仙台,2024-02-15,15.9,0,3.4,56
仙台,2024-02-16,3.0,0,5.3,52
仙台,2024-02-17,5.7,0,1.1,55
仙台,2024-02-18,11.4,0,2.0,71
仙台,2024-02-19,15.4,0,6.2,69
仙台,2024-02-20,8.8,10,5.2,65
仙台,2024-02-21,0.7,100,1.9,91
仙台,2024-02-22,1.0,30,2.8,70
仙台,2024-02-23,1.2,30,2.1,74
仙台,2024-02-24,1.5,0,3.2,65
仙台,2024-02-25,3.5,20,1.1,60
仙台,2024-02-26,6.3,0,5.6,56
仙台,2024-02-27,4.1,70,5.2,70
仙台,2024-02-28,6.0,0,6.4,53
仙台,2024-02-29,7.0,0,2.4,54
仙台,2024-03-01,7.4,30,4.9,70
仙台,2024-03-02,1.6,0,4.9,47
仙台,2024-03-03,6.1,40,4.1,59
仙台,2024-03-04,3.4,80,3.9,57
仙台,2024-03-05,5.6,10,1.8,55
仙台,2024-03-06,3.2,40,2.5,76
仙台,2024-03-07,4.7,0,3.4,52
仙台,2024-03-08,3.4,30,3.2,74
仙台,2024-03-09,4.2,60,5.3,55
仙台,2024-03-10,4.4,40,4.9,53
仙台,2024-03-11,9.6,0,2.1,50
仙台,2024-03-12,7.4,60,1.4,69
仙台,2024-03-13,5.4,0,6.3,53
仙台,2024-03-14,9.4,30,6.3,55
仙台,2024-03-15,12.7,0,5.8,42
仙台,2024-03-16,10.0,0,4.7,48
仙台,2024-03-17,14.1,0,4.8,53
仙台,2024-03-18,3.9,30,7.9,48
仙台,2024-03-19,7.6,0,4.0,42
仙台,2024-03-20,3.6,80,5.1,81
仙台,2024-03-21,5.0,20,5.8,48
仙台,2024-03-22,6.6,20,5.0,48
仙台,2024-03-23,5.7,60,0.9,74
仙台,2024-03-24,13.5,0,1.7,59
仙台,2024-03-25,13.4,0,1.5,60
仙台,2024-03-26,2.6,100,4.9,95
仙台,2024-03-27,8.3,0,3.8,50
仙台,2024-03-28,10.4,0,4.0,57
仙台,2024-03-29,14.5,60,3.6,81
仙台,2024-03-30,13.5,0,6.1,49
仙台,2024-03-31,13.6,0,5.7,45
仙台,2024-04-01,11.7,0,3.8,40
仙台,2024-04-02,12.7,0,6.2,34
仙台,2024-04-03,12.3,0,1.6,62
仙台,2024-04-04,16.3,0,3.5,52
仙台,2024-04-05,12.2,0,2.4,49
仙台,2024-04-06,13.2,50,3.3,78
仙台,2024-04-07,17.6,0,2.1,74
仙台,2024-04-08,17.5,70,4.1,82
仙台,2024-04-09,10.5,100,6.3,82
仙台,2024-04-10,12.3,0,2.2,50
仙台,2024-04-11,13.6,0,3.5,64
仙台,2024-04-12,15.8,30,2.9,67
仙台,2024-04-13,17.6,0,1.9,63
仙台,2024-04-14,18.6,0,2.4,67
仙台,2024-04-15,20.6,0,2.1,55
仙台,2024-04-16,19.0,0,1.8,69
仙台,2024-04-17,19.2,20,3.0,54
仙台,2024-04-18,17.4,0,2.4,59
仙台,2024-04-19,13.8,0,6.2,62
仙台,2024-04-20,15.4,0,5.3,49
仙台,2024-04-21,16.7,10,2.3,51
仙台,2024-04-22,16.6,10,3.2,64
仙台,2024-04-23,14.2,40,3.5,74
仙台,2024-04-24,14.2,100,6.1,83
仙台,2024-04-25,18.7,0,6.2,55
仙台,2024-04-26,21.1,0,2.4,61
仙台,2024-04-27,20.6,0,2.3,78
仙台,2024-04-28,23.8,0,1.9,54
仙台,2024-04-29,19.0,0,3.1,64
仙台,2024-04-30,22.1,10,2.8,64
仙台,2024-05-01,14.9,0,3.2,52
仙台,2024-05-02,16.6,0,3.2,47
仙台,2024-05-03,22.2,0,2.8,32
仙台,2024-05-04,23.7,0,1.9,41
仙台,2024-05-05,24.3,0,2.1,52
仙台,2024-05-06,22.7,0,3.2,50
仙台,2024-05-07,20.3,50,4.3,68
仙台,2024-05-08,15.0,0,5.0,55
仙台,2024-05-09,14.6,0,3.4,46
仙台,2024-05-10,22.0,0,3.3,33
仙台,2024-05-11,23.5,0,2.1,50
仙台,2024-05-12,23.2,0,5.2,54
仙台,2024-05-13,17.6,100,1.7,87
仙台,2024-05-14,17.5,0,2.5,55
仙台,2024-05-15,19.0,0,2.8,70
仙台,2024-05-16,18.6,60,1.8,78
仙台,2024-05-17,18.5,0,5.4,53
仙台,2024-05-18,23.5,0,2.6,52
仙台,2024-05-19,23.6,0,1.8,52
仙台,2024-05-20,17.8,70,2.1,84
仙台,2024-05-21,19.0,0,5.9,52
仙台,2024-05-22,18.5,0,3.3,54
仙台,2024-05-23,23.9,0,2.7,64
仙台,2024-05-24,25.5,40,3.4,53
仙台,2024-05-25,18.3,0,4.9,43
仙台,2024-05-26,21.7,0,3.7,55
仙台,2024-05-27,24.4,20,4.9,60
仙台,2024-05-28,17.5,100,2.1,89
仙台,2024-05-29,19.4,0,5.8,56
仙台,2024-05-30,22.5,0,1.9,66
仙台,2024-05-31,18.0,60,1.6,82
仙台,2024-06-01,17.7,90,2.9,80
仙台,2024-06-02,16.2,100,3.9,87
仙台,2024-06-03,17.1,50,5.1,80
仙台,2024-06-04,18.5,60,3.2,68
仙台,2024-06-05,21.0,50,2.1,66
仙台,2024-06-06,20.1,0,2.8,70
仙台,2024-06-07,20.3,0,2.1,78
仙台,2024-06-08,21.9,0,3.5,67
仙台,2024-06-09,21.7,20,3.7,75
仙台,2024-06-10,22.7,40,3.0,67
仙台,2024-06-11,24.2,50,2.5,69
仙台,2024-06-12,26.8,0,2.0,67
仙台,2024-06-13,25.7,0,1.7,73
仙台,2024-06-14,26.6,0,2.4,60
仙台,2024-06-15,23.5,0,3.2,76
仙台,2024-06-16,25.3,30,2.2,70
仙台,2024-06-17,27.4,0,3.7,42
仙台,2024-06-18,21.2,70,1.9,83
仙台,2024-06-19,26.8,0,2.8,50
仙台,2024-06-20,25.5,0,2.4,58
仙台,2024-06-21,24.0,20,1.9,77
仙台,2024-06-22,28.2,0,2.3,51
仙台,2024-06-23,21.0,100,4.5,90
仙台,2024-06-24,27.6,50,4.0,64
仙台,2024-06-25,26.9,40,2.2,68
仙台,2024-06-26,24.8,50,4.3,57
仙台,2024-06-27,24.5,0,2.7,55
仙台,2024-06-28,23.0,0,2.1,76
仙台,2024-06-29,26.0,0,2.3,64
仙台,2024-06-30,25.1,40,1.4,79
仙台,2024-07-01,26.8,20,5.0,64
仙台,2024-07-02,26.8,50,3.2,59
仙台,2024-07-03,25.4,50,1.9,75
仙台,2024-07-04,29.8,10,4.9,54
仙台,2024-07-05,28.4,0,2.2,62
仙台,2024-07-06,29.6,0,2.0,59
仙台,2024-07-07,32.4,0,5.1,50
仙台,2024-07-08,25.4,100,1.6,89
仙台,2024-07-09,25.7,80,1.6,89
仙台,2024-07-10,25.6,90,1.6,85
仙台,2024-07-11,24.7,80,1.9,87
仙台,2024-07-12,24.4,20,2.3,83
仙台,2024-07-13,26.7,0,2.3,70
仙台,2024-07-14,24.4,50,2.5,82
仙台,2024-07-15,24.5,20,2.0,73
仙台,2024-07-16,24.2,0,2.5,78
仙台,2024-07-17,25.0,80,1.8,83
仙台,2024-07-18,25.0,50,1.6,88
仙台,2024-07-19,26.8,0,1.2,85
仙台,2024-07-20,29.8,30,1.6,71
仙台,2024-07-21,29.6,0,2.4,69
仙台,2024-07-22,31.9,0,4.3,54
仙台,2024-07-23,32.7,10,1.2,58
仙台,2024-07-24,28.8,0,3.2,69
仙台,2024-07-25,27.0,90,1.7,85
仙台,2024-07-26,30.2,60,2.3,69
仙台,2024-07-27,26.4,90,2.4,86
仙台,2024-07-28,29.8,20,2.5,71
仙台,2024-07-29,30.4,0,2.7,66
仙台,2024-07-30,31.4,0,4.4,56
仙台,2024-07-31,29.1,90,1.0,70
仙台,2024-08-01,27.3,0,2.3,73
仙台,2024-08-02,28.3,10,2.3,71
仙台,2024-08-03,28.8,0,2.6,71
仙台,2024-08-04,29.6,50,1.5,74
仙台,2024-08-05,29.3,50,2.1,77
仙台,2024-08-06,28.7,20,2.5,72
仙台,2024-08-07,28.6,90,1.1,74
仙台,2024-08-08,29.8,50,2.3,66
仙台,2024-08-09,29.7,80,1.6,68
仙台,2024-08-10,29.8,30,3.6,64
仙台,2024-08-11,31.0,20,6.6,60
仙台,2024-08-12,27.0,70,3.4,92
仙台,2024-08-13,28.9,100,2.4,80
仙台,2024-08-14,29.3,90,1.7,79
仙台,2024-08-15,29.4,80,1.5,75
仙台,2024-08-16,26.8,70,4.1,88
仙台,2024-08-17,29.7,50,3.6,72
仙台,2024-08-18,27.8,70,2.4,81
仙台,2024-08-19,27.4,50,2.4,81
仙台,2024-08-20,27.6,90,2.7,80
仙台,2024-08-21,26.2,80,2.4,79
仙台,2024-08-22,26.8,50,3.4,81
仙台,2024-08-23,30.1,0,2.2,77
仙台,2024-08-24,30.2,80,1.2,75
仙台,2024-08-25,25.4,100,1.9,92
仙台,2024-08-26,28.4,50,1.6,78
仙台,2024-08-27,30.2,0,5.6,68
仙台,2024-08-28,26.8,80,1.3,83
仙台,2024-08-29,27.3,0,1.9,81
仙台,2024-08-30,27.3,70,5.0,85
仙台,2024-08-31,28.8,40,3.1,82
仙台,2024-09-01,27.9,30,2.1,82
仙台,2024-09-02,29.4,50,2.9,74
仙台,2024-09-03,23.4,50,0.9,77
仙台,2024-09-04,24.8,10,2.4,72
仙台,2024-09-05,26.2,20,2.4,78
仙台,2024-09-06,28.6,0,2.5,66
仙台,2024-09-07,27.0,60,1.9,79
仙台,2024-09-08,24.3,70,2.1,84
仙台,2024-09-09,26.1,0,2.1,77
仙台,2024-09-10,27.4,40,2.9,80
仙台,2024-09-11,30.3,20,1.2,73
仙台,2024-09-12,28.3,80,2.2,80
仙台,2024-09-13,28.1,90,1.5,79
仙台,2024-09-14,23.6,90,2.5,85
仙台,2024-09-15,27.6,90,1.6,87
仙台,2024-09-16,21.8,30,2.5,78
仙台,2024-09-17,28.4,0,2.0,69
仙台,2024-09-18,26.2,80,1.7,80
仙台,2024-09-19,27.2,50,1.3,70
仙台,2024-09-20,26.4,80,2.7,82
仙台,2024-09-21,16.3,100,3.3,92
仙台,2024-09-22,18.5,70,4.0,89
仙台,2024-09-23,19.2,60,2.7,74
仙台,2024-09-24,18.5,0,3.2,65
仙台,2024-09-25,20.3,50,3.5,79
仙台,2024-09-26,23.5,0,1.8,79
仙台,2024-09-27,24.6,50,1.2,82
仙台,2024-09-28,23.3,40,1.5,78
仙台,2024-09-29,21.0,50,3.0,76
仙台,2024-09-30,20.6,20,2.2,77
仙台,2024-10-01,23.3,0,1.3,77
仙台,2024-10-02,26.0,0,2.2,69
仙台,2024-10-03,18.7,20,2.2,76
仙台,2024-10-04,22.3,40,1.1,91
仙台,2024-10-05,22.1,0,1.5,67
仙台,2024-10-06,20.5,10,1.6,78
仙台,2024-10-07,21.6,20,2.2,84
仙台,2024-10-08,17.7,50,1.0,75
仙台,2024-10-09,16.3,70,2.2,86
仙台,2024-10-10,17.3,30,4.8,66
仙台,2024-10-11,17.7,10,1.2,72
仙台,2024-10-12,18.6,0,1.8,72
仙台,2024-10-13,21.4,0,1.7,63
仙台,2024-10-14,17.7,0,1.8,72
仙台,2024-10-15,21.3,0,2.5,75
仙台,2024-10-16,21.8,20,1.1,83
仙台,2024-10-17,20.1,0,1.9,76
仙台,2024-10-18,20.3,10,2.2,83
仙台,2024-10-19,24.7,60,3.1,75
仙台,2024-10-20,12.9,0,3.8,53
仙台,2024-10-21,14.9,0,1.8,68
仙台,2024-10-22,18.4,0,1.1,75
仙台,2024-10-23,22.8,40,4.1,80
仙台,2024-10-24,21.2,0,3.4,62
仙台,2024-10-25,19.4,0,1.8,60
仙台,2024-10-26,18.0,10,1.3,79
仙台,2024-10-27,18.8,0,2.4,78
仙台,2024-10-28,16.3,30,2.6,73
仙台,2024-10-29,12.8,0,2.0,64
仙台,2024-10-30,16.6,0,3.0,74
仙台,2024-10-31,17.7,0,2.4,64
仙台,2024-11-01,16.4,0,0.9,76
仙台,2024-11-02,14.0,100,2.7,94
仙台,2024-11-03,14.4,0,3.8,59
仙台,2024-11-04,16.6,0,2.8,68
仙台,2024-11-05,13.4,0,3.1,58
仙台,2024-11-06,10.2,30,1.4,79
仙台,2024-11-07,9.3,0,4.3,58
仙台,2024-11-08,9.8,10,1.9,67
仙台,2024-11-09,13.0,0,2.0,64
仙台,2024-11-10,13.7,0,1.2,73
仙台,2024-11-11,17.4,0,2.3,62
仙台,2024-11-12,14.4,0,1.8,76
仙台,2024-11-13,12.6,0,1.8,54
仙台,2024-11-14,11.4,0,0.9,60
仙台,2024-11-15,15.8,0,0.9,72
仙台,2024-11-16,14.9,10,1.9,71
仙台,2024-11-17,19.8,10,2.0,75
仙台,2024-11-18,7.9,30,3.4,61
仙台,2024-11-19,5.6,0,3.0,60
仙台,2024-11-20,7.0,0,1.1,73
仙台,2024-11-21,12.6,0,1.2,63
仙台,2024-11-22,11.0,30,2.2,72
仙台,2024-11-23,9.4,0,2.7,60
仙台,2024-11-24,8.4,0,2.9,54
仙台,2024-11-25,9.4,0,2.5,57
仙台,2024-11-26,11.4,0,2.2,69
仙台,2024-11-27,15.2,0,3.1,64
仙台,2024-11-28,9.9,10,4.4,57
仙台,2024-11-29,7.4,40,3.1,65
仙台,2024-11-30,7.5,30,2.8,65
仙台,2024-12-01,8.7,0,2.2,64
仙台,2024-12-02,8.9,0,1.4,72
仙台,2024-12-03,12.6,0,1.3,68
仙台,2024-12-04,9.6,0,3.0,65
仙台,2024-12-05,8.0,60,2.0,72
仙台,2024-12-06,6.8,70,2.8,71
仙台,2024-12-07,4.0,30,3.6,57
仙台,2024-12-08,4.0,70,1.9,70
仙台,2024-12-09,6.2,0,2.7,62
仙台,2024-12-10,7.5,0,3.1,56
仙台,2024-12-11,5.7,20,2.3,65
仙台,2024-12-12,3.5,50,2.6,62
仙台,2024-12-13,5.1,10,1.5,64
仙台,2024-12-14,3.5,0,3.9,58
仙台,2024-12-15,4.8,50,2.7,68
仙台,2024-12-16,4.3,0,3.6,58
仙台,2024-12-17,4.5,0,1.9,62
仙台,2024-12-18,3.2,20,3.1,60
仙台,2024-12-19,2.5,0,1.7,58
仙台,2024-12-20,6.0,0,3.4,56
仙台,2024-12-21,7.3,0,1.4,59
仙台,2024-12-22,2.8,70,4.1,61
仙台,2024-12-23,1.6,90,2.5,65
仙台,2024-12-24,2.5,30,4.1,63
仙台,2024-12-25,5.3,0,2.3,62
仙台,2024-12-26,6.8,100,2.4,77
仙台,2024-12-27,2.8,10,4.0,54
仙台,2024-12-28,3.3,0,4.1,55
仙台,2024-12-29,1.2,80,1.5,70
仙台,2024-12-30,4.5,0,1.5,58
仙台,2024-12-31,6.1,90,3.3,75
名古屋,2019-01-01,5.7,0,2.0,61
名古屋,2019-01-02,6.5,0,5.7,61
名古屋,2019-01-03,5.8,0,6.5,59
名古屋,2019-01-04,6.5,0,2.4,59
名古屋,2019-01-05,7.3,0,4.3,77
名古屋,2019-01-06,5.7,0,6.9,52
名古屋,2019-01-07,6.7,0,5.0,52
名古屋,2019-01-08,7.7,0,1.7,67
名古屋,2019-01-09,4.8,0,7.5,48
名古屋,2019-01-10,3.1,0,1.9,60
名古屋,2019-01-11,8.0,0,6.9,55
名古屋,2019-01-12,6.4,10,2.3,63
名古屋,2019-01-13,8.5,0,4.9,50
名古屋,2019-01-14,8.2,0,4.7,50
名古屋,2019-01-15,7.0,50,1.8,76
名古屋,2019-01-16,7.2,0,7.0,54
名古屋,2019-01-17,6.7,0,4.5,62
名古屋,2019-01-18,5.8,0,7.0,47
名古屋,2019-01-19,7.5,0,3.2,59
名古屋,2019-01-20,6.6,50,4.7,84
名古屋,2019-01-21,5.9,0,4.2,62
名古屋,2019-01-22,7.0,10,5.7,58
名古屋,2019-01-23,7.1,0,0.8,58
名古屋,2019-01-24,5.0,0,9.0,48
名古屋,2019-01-25,5.7,0,2.7,56
名古屋,2019-01-26,4.1,10,8.4,48
名古屋,2019-01-27,5.1,0,7.1,55
名古屋,2019-01-28,4.7,30,1.6,72
名古屋,2019-01-29,6.0,0,8.6,50
名古屋,2019-01-30,6.6,0,1.5,48
名古屋,2019-01-31,5.7,80,1.8,80
名古屋,2019-02-01,4.6,0,7.8,50
名古屋,2019-02-02,8.0,0,4.4,59
名古屋,2019-02-03,8.4,30,1.1,66
名古屋,2019-02-04,11.0,0,8.0,60
名古屋,2019-02-05,9.5,0,2.6,52
名古屋,2019-02-06,7.7,60,2.4,78
名古屋,2019-02-07,10.5,0,1.5,76
名古屋,2019-02-08,7.3,0,6.9,45
名古屋,2019-02-09,3.7,0,1.9,54
名古屋,2019-02-10,4.4,0,7.7,46
名古屋,2019-02-11,3.5,20,3.3,69
名古屋,2019-02-12,6.8,0,5.8,56
名古屋,2019-02-13,7.8,0,5.3,53
名古屋,2019-02-14,5.3,0,6.6,44
名古屋,2019-02-15,5.5,0,1.8,46
名古屋,2019-02-16,8.3,0,5.7,61
名古屋,2019-02-17,7.2,0,6.7,44
名古屋,2019-02-18,10.0,0,4.3,52
名古屋,2019-02-19,10.3,100,3.9,85
名古屋,2019-02-20,13.5,30,5.6,68
名古屋,2019-02-21,9.4,0,8.7,52
名古屋,2019-02-22,10.4,0,2.1,59
名古屋,2019-02-23,10.5,0,9.1,40
名古屋,2019-02-24,11.1,0,1.2,57
名古屋,2019-02-25,13.7,0,4.2,49
名古屋,2019-02-26,11.5,0,7.5,39
名古屋,2019-02-27,9.0,0,1.9,52
名古屋,2019-02-28,10.5,80,4.6,86
名古屋,2019-03-01,12.5,0,7.8,49
名古屋,2019-03-02,12.0,0,3.0,39
名古屋,2019-03-03,9.8,90,2.6,77
名古屋,2019-03-04,11.6,60,4.1,80
名古屋,2019-03-05,13.2,0,4.5,45
名古屋,2019-03-06,12.8,50,1.7,70
名古屋,2019-03-07,12.1,0,9.6,59
名古屋,2019-03-08,9.7,0,7.5,42
名古屋,2019-03-09,11.1,0,2.6,52
名古屋,2019-03-10,12.3,80,2.7,78
名古屋,2019-03-11,12.2,50,6.8,72
名古屋,2019-03-12,12.4,20,3.1,60
名古屋,2019-03-13,8.4,0,9.0,56
名古屋,2019-03-14,8.6,60,4.9,51
名古屋,2019-03-15,10.1,0,3.0,52
名古屋,2019-03-16,11.1,50,7.2,52
名古屋,2019-03-17,7.1,40,4.8,62
名古屋,2019-03-18,10.6,0,2.6,40
名古屋,2019-03-19,12.9,0,1.4,63
名古屋,2019-03-20,15.6,0,3.1,48
名古屋,2019-03-21,16.9,60,6.8,83
名古屋,2019-03-22,13.1,0,10.2,52
名古屋,2019-03-23,8.1,0,6.5,40
名古屋,2019-03-24,9.9,0,6.7,41
名古屋,2019-03-25,11.8,0,1.6,52
名古屋,2019-03-26,14.6,0,6.5,45
名古屋,2019-03-27,15.3,0,3.2,41
名古屋,2019-03-28,14.1,0,7.2,48
名古屋,2019-03-29,13.2,0,2.0,36
名古屋,2019-03-30,14.3,50,4.1,68
名古屋,2019-03-31,11.0,30,8.7,51
名古屋,2019-04-01,10.0,0,6.1,49
名古屋,2019-04-02,8.6,20,6.7,50
名古屋,2019-04-03,9.8,10,8.1,37
名古屋,2019-04-04,13.0,0,2.6,45
名古屋,2019-04-05,16.4,0,3.0,43
名古屋,2019-04-06,17.8,0,5.7,33
名古屋,2019-04-07,19.3,0,4.0,36
名古屋,2019-04-08,16.5,20,6.7,45
名古屋,2019-04-09,13.9,0,7.6,33
名古屋,2019-04-10,9.4,90,4.8,84
名古屋,2019-04-11,13.2,0,8.9,43
名古屋,2019-04-12,13.6,10,2.7,46
名古屋,2019-04-13,14.6,0,3.7,50
名古屋,2019-04-14,15.5,70,4.6,63
名古屋,2019-04-15,14.7,0,9.3,42
名古屋,2019-04-16,16.7,0,3.3,43
名古屋,2019-04-17,15.2,80,3.1,79
名古屋,2019-04-18,19.6,0,3.0,53
名古屋,2019-04-19,19.2,20,6.5,60
名古屋,2019-04-20,17.5,0,3.7,56
名古屋,2019-04-21,20.2,0,1.4,60
名古屋,2019-04-22,22.7,0,5.3,52
名古屋,2019-04-23,21.9,0,5.2,55
名古屋,2019-04-24,19.3,90,7.8,79
名古屋,2019-04-25,23.4,60,3.3,70
名古屋,2019-04-26,20.4,30,5.6,66
名古屋,2019-04-27,12.3,0,12.3,46
名古屋,2019-04-28,14.4,0,2.1,45
名古屋,2019-04-29,16.8,10,4.1,62
名古屋,2019-04-30,17.6,70,2.9,79
名古屋,2019-05-01,17.2,100,2.8,86
名古屋,2019-05-02,20.1,0,6.6,44
名古屋,2019-05-03,23.0,0,4.1,44
名古屋,2019-05-04,22.7,0,3.1,38
名古屋,2019-05-05,21.6,0,3.6,55
名古屋,2019-05-06,21.1,10,4.4,57
名古屋,2019-05-07,16.3,0,9.1,36
名古屋,2019-05-08,19.0,0,2.7,30
名古屋,2019-05-09,18.9,0,0.7,50
名古屋,2019-05-10,23.5,0,2.8,40
名古屋,2019-05-11,24.6,0,3.4,33
名古屋,2019-05-12,24.8,0,4.3,36
名古屋,2019-05-13,23.7,30,4.5,55
名古屋,2019-05-14,17.9,100,4.0,85
名古屋,2019-05-15,21.0,10,3.6,61
名古屋,2019-05-16,22.0,0,4.0,57
名古屋,2019-05-17,22.8,0,4.7,54
名古屋,2019-05-18,22.6,0,8.6,51
名古屋,2019-05-19,22.8,0,9.1,51
名古屋,2019-05-20,22.5,30,10.4,53
名古屋,2019-05-21,20.8,20,5.6,59
名古屋,2019-05-22,22.9,0,4.3,37
名古屋,2019-05-23,24.0,0,2.3,37
名古屋,2019-05-24,26.2,0,4.3,38
名古屋,2019-05-25,28.3,0,2.1,37
名古屋,2019-05-26,28.9,0,2.1,41
名古屋,2019-05-27,28.2,0,3.8,44
名古屋,2019-05-28,20.6,100,4.6,81
名古屋,2019-05-29,21.7,0,8.1,48
名古屋,2019-05-30,23.1,0,3.1,42
名古屋,2019-05-31,21.8,70,2.8,70
名古屋,2019-06-01,24.3,0,2.3,48
名古屋,2019-06-02,22.5,20,3.9,69
名古屋,2019-06-03,24.6,0,4.1,61
名古屋,2019-06-04,25.4,0,3.8,58
名古屋,2019-06-05,25.3,0,2.7,62
名古屋,2019-06-06,28.6,0,5.3,43
名古屋,2019-06-07,21.6,100,3.1,84
名古屋,2019-06-08,24.7,40,6.5,68
名古屋,2019-06-09,20.4,80,2.2,80
名古屋,2019-06-10,20.0,100,1.8,89
名古屋,2019-06-11,23.1,60,3.6,68
名古屋,2019-06-12,22.3,20,2.9,73
名古屋,2019-06-13,24.0,0,3.5,65
名古屋,2019-06-14,24.4,0,7.8,61
名古屋,2019-06-15,21.4,60,3.5,78
名古屋,2019-06-16,21.7,50,8.7,66
名古屋,2019-06-17,24.1,0,5.7,52
名古屋,2019-06-18,24.2,0,2.8,62
名古屋,2019-06-19,26.2,0,1.9,54
名古屋,2019-06-20,27.8,0,3.3,52
名古屋,2019-06-21,26.5,30,4.9,65
名古屋,2019-06-22,26.2,50,2.3,63
名古屋,2019-06-23,26.4,0,3.1,56
名古屋,2019-06-24,25.6,50,3.1,56
名古屋,2019-06-25,26.5,0,2.7,52
名古屋,2019-06-26,26.8,0,4.6,56
名古屋,2019-06-27,24.6,100,6.5,87
名古屋,2019-06-28,26.9,60,2.9,76
名古屋,2019-06-29,27.8,100,2.4,79
名古屋,2019-06-30,27.2,100,4.2,87
名古屋,2019-07-01,24.9,40,1.8,80
名古屋,2019-07-02,25.6,20,1.7,78
名古屋,2019-07-03,25.8,40,3.6,79
名古屋,2019-07-04,27.4,10,2.8,71
名古屋,2019-07-05,25.2,50,4.3,78
名古屋,2019-07-06,24.8,40,1.9,75
名古屋,2019-07-07,27.4,10,2.4,68
名古屋,2019-07-08,25.4,80,5.1,74
名古屋,2019-07-09,23.9,50,4.4,74
名古屋,2019-07-10,25.2,0,3.9,66
名古屋,2019-07-11,21.6,100,3.0,78
名古屋,2019-07-12,26.4,20,1.9,72
名古屋,2019-07-13,24.6,50,2.3,76
名古屋,2019-07-14,24.8,40,1.7,80
名古屋,2019-07-15,25.4,90,2.8,83
名古屋,2019-07-16,25.3,60,3.6,79
名古屋,2019-07-17,27.4,0,3.1,73
名古屋,2019-07-18,26.2,100,4.1,85
名古屋,2019-07-19,26.2,70,2.0,82
名古屋,2019-07-20,26.5,0,1.2,79
名古屋,2019-07-21,27.2,30,4.4,83
名古屋,2019-07-22,26.1,100,3.1,92
名古屋,2019-07-23,30.0,0,3.3,68
名古屋,2019-07-24,30.0,10,2.5,63
名古屋,2019-07-25,29.6,20,3.8,72
名古屋,2019-07-26,29.8,50,5.9,64
名古屋,2019-07-27,26.2,100,9.8,88
名古屋,2019-07-28,30.5,20,2.0,70
名古屋,2019-07-29,31.7,0,1.7,65
名古屋,2019-07-30,31.9,0,2.3,64
名古屋,2019-07-31,32.5,0,2.6,62
名古屋,2019-08-01,33.6,10,2.2,59
名古屋,2019-08-02,31.8,0,3.5,69
名古屋,2019-08-03,30.9,40,3.1,66
名古屋,2019-08-04,30.6,0,3.0,66
名古屋,2019-08-05,31.8,0,4.3,62
名古屋,2019-08-06,31.8,0,4.9,62
名古屋,2019-08-07,31.5,0,3.7,61
名古屋,2019-08-08,31.9,0,3.6,58
名古屋,2019-08-09,32.5,0,3.5,57
名古屋,2019-08-10,32.8,0,3.8,52
名古屋,2019-08-11,32.4,0,4.7,54
名古屋,2019-08-12,33.9,0,6.2,48
名古屋,2019-08-13,35.8,10,5.7,42
名古屋,2019-08-14,32.5,80,9.4,59
名古屋,2019-08-15,29.0,100,14.5,77
名古屋,2019-08-16,30.9,70,5.9,74
名古屋,2019-08-17,31.7,0,1.5,60
名古屋,2019-08-18,30.9,20,3.0,67
名古屋,2019-08-19,30.2,30,3.6,68
名古屋,2019-08-20,29.2,90,1.9,80
名古屋,2019-08-21,30.9,30,1.4,69
名古屋,2019-08-22,31.2,30,2.0,65
名古屋,2019-08-23,26.3,90,2.3,79
名古屋,2019-08-24,28.4,20,1.7,62
名古屋,2019-08-25,28.4,0,4.8,59
名古屋,2019-08-26,28.8,0,2.6,52
名古屋,2019-08-27,26.6,40,4.4,73
名古屋,2019-08-28,26.5,100,2.9,85
名古屋,2019-08-29,30.0,50,1.7,70
名古屋,2019-08-30,27.2,100,2.5,83
名古屋,2019-08-31,27.7,50,1.0,71
名古屋,2019-09-01,28.2,0,1.6,65
名古屋,2019-09-02,29.3,40,1.6,68
名古屋,2019-09-03,29.8,30,1.6,67
名古屋,2019-09-04,28.3,40,3.8,76
名古屋,2019-09-05,27.4,50,2.3,78
名古屋,2019-09-06,29.4,0,4.8,67
名古屋,2019-09-07,30.0,0,5.6,63
名古屋,2019-09-08,30.6,20,2.0,68
名古屋,2019-09-09,32.6,0,4.4,60
名古屋,2019-09-10,32.5,10,2.1,61
名古屋,2019-09-11,31.1,30,2.6,66
名古屋,2019-09-12,28.2,0,3.9,58
名古屋,2019-09-13,25.0,0,3.6,62
名古屋,2019-09-14,27.0,0,3.0,61
名古屋,2019-09-15,29.0,0,2.5,59
名古屋,2019-09-16,30.3,0,7.9,56
名古屋,2019-09-17,29.8,0,3.6,57
名古屋,2019-09-18,25.1,20,3.4,77
名古屋,2019-09-19,26.4,0,4.1,46
名古屋,2019-09-20,25.2,10,2.7,56
名古屋,2019-09-21,22.5,0,3.5,75
名古屋,2019-09-22,26.0,30,2.8,62
名古屋,2019-09-23,28.9,50,7.7,72
名古屋,2019-09-24,25.1,10,3.7,68
名古屋,2019-09-25,26.4,0,3.7,50
名古屋,2019-09-26,26.6,10,2.7,60
名古屋,2019-09-27,26.8,0,3.6,62
名古屋,2019-09-28,25.4,0,3.8,62
名古屋,2019-09-29,27.8,0,2.3,55
名古屋,2019-09-30,29.3,20,3.6,55
名古屋,2019-10-01,27.6,10,3.1,65
名古屋,2019-10-02,26.7,30,4.0,63
名古屋,2019-10-03,26.6,60,9.1,61
名古屋,2019-10-04,24.4,20,7.1,67
名古屋,2019-10-05,25.5,0,5.7,59
名古屋,2019-10-06,25.5,0,6.3,51
名古屋,2019-10-07,20.5,50,2.5,71
名古屋,2019-10-08,21.8,50,3.7,81
名古屋,2019-10-09,21.2,0,4.7,44
名古屋,2019-10-10,23.1,0,1.7,58
名古屋,2019-10-11,26.9,10,2.7,62
名古屋,2019-10-12,21.6,100,11.5,80
名古屋,2019-10-13,22.5,0,7.8,62
名古屋,2019-10-14,20.0,80,3.1,82
名古屋,2019-10-15,20.6,0,7.0,54
名古屋,2019-10-16,19.3,0,2.1,52
名古屋,2019-10-17,19.6,20,1.1,68
名古屋,2019-10-18,20.1,80,2.6,81
名古屋,2019-10-19,22.2,70,1.9,87
名古屋,2019-10-20,22.5,0,5.1,62
名古屋,2019-10-21,19.7,40,1.8,81
名古屋,2019-10-22,21.5,0,2.9,70
名古屋,2019-10-23,21.9,0,1.9,62
名古屋,2019-10-24,20.6,50,3.6,69
名古屋,2019-10-25,16.9,100,5.1,87
名古屋,2019-10-26,20.4,0,5.3,72
名古屋,2019-10-27,19.9,20,3.2,67
名古屋,2019-10-28,19.7,0,2.4,56
名古屋,2019-10-29,15.2,70,2.6,89
名古屋,2019-10-30,19.2,10,2.5,70
名古屋,2019-10-31,19.0,0,1.9,64
名古屋,2019-11-01,19.5,0,5.6,60
名古屋,2019-11-02,17.8,0,1.5,56
名古屋,2019-11-03,18.3,0,3.1,66
名古屋,2019-11-04,16.3,0,7.6,54
名古屋,2019-11-05,15.8,0,3.6,54
名古屋,2019-11-06,16.5,0,3.7,56
名古屋,2019-11-07,16.8,0,0.8,61
名古屋,2019-11-08,15.1,0,5.6,50
名古屋,2019-11-09,15.9,0,4.0,47
名古屋,2019-11-10,15.1,0,3.3,52
名古屋,2019-11-11,15.7,60,2.3,80
名古屋,2019-11-12,17.0,0,6.6,52
名古屋,2019-11-13,14.9,10,1.7,67
名古屋,2019-11-14,13.6,0,8.6,60
名古屋,2019-11-15,12.9,0,5.0,57
名古屋,2019-11-16,14.7,0,3.5,64
名古屋,2019-11-17,15.5,0,3.9,57
名古屋,2019-11-18,19.1,20,5.4,70
名古屋,2019-11-19,12.9,0,8.7,55
名古屋,2019-11-20,11.6,0,6.7,53
名古屋,2019-11-21,12.5,0,3.5,55
名古屋,2019-11-22,14.3,80,1.7,77
名古屋,2019-11-23,17.5,0,2.4,66
名古屋,2019-11-24,18.0,0,1.3,73
名古屋,2019-11-25,18.2,0,5.4,69
名古屋,2019-11-26,11.5,0,1.9,68
名古屋,2019-11-27,14.1,0,3.1,81
名古屋,2019-11-28,10.2,0,7.2,54
名古屋,2019-11-29,9.6,0,5.3,44
名古屋,2019-11-30,9.0,0,3.3,52
名古屋,2019-12-01,11.7,0,1.1,65
名古屋,2019-12-02,14.6,70,4.9,85
名古屋,2019-12-03,9.8,20,6.7,63
名古屋,2019-12-04,8.6,40,5.0,70
名古屋,2019-12-05,8.4,40,5.3,71
名古屋,2019-12-06,7.9,0,6.3,49
名古屋,2019-12-07,6.3,0,2.1,60
名古屋,2019-12-08,10.8,0,4.1,58
名古屋,2019-12-09,10.1,10,1.9,71
名古屋,2019-12-10,13.2,0,2.7,72
名古屋,2019-12-11,13.2,0,1.6,68
名古屋,2019-12-12,9.9,0,6.8,65
名古屋,2019-12-13,9.0,0,4.1,55
名古屋,2019-12-14,10.1,0,2.4,66
名古屋,2019-12-15,9.3,0,4.3,52
名古屋,2019-12-16,12.3,0,1.6,67
名古屋,2019-12-17,12.2,60,2.0,91
名古屋,2019-12-18,13.8,30,5.8,76
名古屋,2019-12-19,10.0,0,1.2,60
名古屋,2019-12-20,10.8,0,5.5,61
名古屋,2019-12-21,9.6,0,3.2,63
名古屋,2019-12-22,7.9,30,3.2,71
名古屋,2019-12-23,10.3,0,3.7,67
名古屋,2019-12-24,10.2,0,5.0,55
名古屋,2019-12-25,9.5,0,1.7,64
名古屋,2019-12-26,10.3,0,2.7,72
名古屋,2019-12-27,8.8,0,10.5,62
名古屋,2019-12-28,7.8,0,4.2,53
名古屋,2019-12-29,8.7,0,1.2,57
名古屋,2019-12-30,8.3,100,2.3,91
名古屋,2019-12-31,8.2,10,8.9,65
名古屋,2020-01-01,6.5,10,3.4,60
名古屋,2020-01-02,8.4,0,4.4,69
名古屋,2020-01-03,9.2,0,3.7,70
名古屋,2020-01-04,8.9,30,3.7,63
名古屋,2020-01-05,6.8,0,7.9,52
名古屋,2020-01-06,7.8,0,4.6,52
名古屋,2020-01-07,5.9,70,1.9,80
名古屋,2020-01-08,13.8,60,4.1,77
名古屋,2020-01-09,11.0,0,5.9,56
名古屋,2020-01-10,9.9,0,5.2,56
名古屋,2020-01-11,8.5,0,1.6,59
名古屋,2020-01-12,7.0,0,1.1,76
名古屋,2020-01-13,8.4,20,4.1,69
名古屋,2020-01-14,7.8,0,2.3,67
名古屋,2020-01-15,7.7,0,5.5,63
名古屋,2020-01-16,6.6,0,2.7,58
名古屋,2020-01-17,7.8,0,2.3,64
名古屋,2020-01-18,8.5,0,4.6,52
名古屋,2020-01-19,8.6,0,3.1,55
名古屋,2020-01-20,9.4,0,4.5,61
名古屋,2020-01-21,8.1,0,7.3,53
名古屋,2020-01-22,8.1,0,1.5,63
名古屋,2020-01-23,9.7,70,2.3,89
名古屋,2020-01-24,11.9,0,6.3,62
名古屋,2020-01-25,9.1,0,3.5,51
名古屋,2020-01-26,10.0,10,1.8,71
名古屋,2020-01-27,9.1,20,3.3,58
名古屋,2020-01-28,10.0,50,2.9,81
名古屋,2020-01-29,12.5,0,6.2,72
名古屋,2020-01-30,9.7,0,6.7,68
名古屋,2020-01-31,6.8,0,9.4,54
名古屋,2020-02-01,7.8,0,7.3,51
名古屋,2020-02-02,8.9,0,3.9,53
名古屋,2020-02-03,9.4,0,3.6,61
名古屋,2020-02-04,8.8,0,4.3,48
名古屋,2020-02-05,6.6,20,5.7,59
名古屋,2020-02-06,2.8,0,8.4,42
名古屋,2020-02-07,4.6,0,1.8,45
名古屋,2020-02-08,8.6,0,5.9,52
名古屋,2020-02-09,4.2,0,8.8,44
名古屋,2020-02-10,5.1,20,3.6,61
名古屋,2020-02-11,8.3,0,5.8,48
名古屋,2020-02-12,10.4,0,1.6,63
名古屋,2020-02-13,16.1,20,4.1,73
名古屋,2020-02-14,11.8,10,1.7,73
名古屋,2020-02-15,12.2,0,1.9,70
名古屋,2020-02-16,10.4,100,2.1,92
名古屋,2020-02-17,8.6,20,5.7,54
名古屋,2020-02-18,5.8,50,6.7,62
名古屋,2020-02-19,8.3,0,5.1,58
名古屋,2020-02-20,10.0,0,4.5,62
名古屋,2020-02-21,10.9,0,1.8,52
名古屋,2020-02-22,10.6,60,2.9,86
名古屋,2020-02-23,8.2,10,8.3,57
名古屋,2020-02-24,11.2,0,3.8,53
名古屋,2020-02-25,9.6,0,1.6,68
名古屋,2020-02-26,13.0,0,7.2,59
名古屋,2020-02-27,7.8,0,9.4,42
名古屋,2020-02-28,8.2,0,4.0,48
名古屋,2020-02-29,9.2,60,1.4,68
名古屋,2020-03-01,13.8,0,3.8,56
名古屋,2020-03-02,13.9,30,4.3,64
名古屋,2020-03-03,12.0,0,6.0,53
名古屋,2020-03-04,9.3,80,2.2,82
名古屋,2020-03-05,7.3,60,10.7,52
名古屋,2020-03-06,9.3,0,7.7,46
名古屋,2020-03-07,10.5,0,2.6,58
名古屋,2020-03-08,10.0,100,3.1,87
名古屋,2020-03-09,15.3,0,1.8,60
名古屋,2020-03-10,15.5,100,6.5,89
名古屋,2020-03-11,12.6,0,8.0,59
名古屋,2020-03-12,12.0,0,3.9,46
名古屋,2020-03-13,13.1,0,2.1,57
名古屋,2020-03-14,9.0,60,2.5,79
名古屋,2020-03-15,9.7,30,4.4,48
名古屋,2020-03-16,7.9,10,9.6,46
名古屋,2020-03-17,9.3,0,2.6,53
名古屋,2020-03-18,14.2,0,3.3,51
名古屋,2020-03-19,16.2,20,4.8,69
名古屋,2020-03-20,11.8,0,9.0,45
名古屋,2020-03-21,15.0,0,1.0,54
名古屋,2020-03-22,17.1,40,3.0,62
名古屋,2020-03-23,13.6,0,6.8,34
名古屋,2020-03-24,10.1,0,9.1,40
名古屋,2020-03-25,12.2,0,4.1,42
名古屋,2020-03-26,16.9,0,1.9,41
名古屋,2020-03-27,15.4,100,4.0,91
名古屋,2020-03-28,15.9,0,5.5,72
名古屋,2020-03-29,11.8,40,4.9,72
名古屋,2020-03-30,10.8,100,1.0,77
名古屋,2020-03-31,12.3,50,1.9,86
名古屋,2020-04-01,14.2,70,2.7,85
名古屋,2020-04-02,13.0,20,10.0,51
名古屋,2020-04-03,15.0,0,2.1,39
名古屋,2020-04-04,16.9,20,3.2,56
名古屋,2020-04-05,10.8,0,10.3,41
名古屋,2020-04-06,12.6,0,8.5,43
名古屋,2020-04-07,14.8,0,2.7,38
名古屋,2020-04-08,17.0,0,2.8,44
名古屋,2020-04-09,15.1,0,5.5,34
名古屋,2020-04-10,12.5,0,9.9,39
名古屋,2020-04-11,13.9,0,4.7,40
名古屋,2020-04-12,11.5,70,2.9,59
名古屋,2020-04-13,11.3,100,4.4,84
名古屋,2020-04-14,13.2,0,10.0,44
名古屋,2020-04-15,17.2,0,2.9,48
名古屋,2020-04-16,17.9,0,4.9,54
名古屋,2020-04-17,16.2,20,5.2,66
名古屋,2020-04-18,15.6,70,6.1,73
名古屋,2020-04-19,18.0,0,5.8,56
名古屋,2020-04-20,16.8,70,3.8,75
名古屋,2020-04-21,17.0,0,3.9,61
名古屋,2020-04-22,10.9,0,8.8,52
名古屋,2020-04-23,12.1,10,4.7,54
名古屋,2020-04-24,12.2,50,4.2,57
名古屋,2020-04-25,15.3,0,4.3,51
名古屋,2020-04-26,18.5,20,2.8,61
名古屋,2020-04-27,17.2,0,5.8,42
名古屋,2020-04-28,16.4,0,5.5,38
名古屋,2020-04-29,18.8,0,1.9,40
名古屋,2020-04-30,21.3,0,3.6,44
名古屋,2020-05-01,22.6,0,1.8,53
名古屋,2020-05-02,25.6,0,2.4,48
名古屋,2020-05-03,21.0,0,6.8,63
名古屋,2020-05-04,21.6,20,2.5,71
名古屋,2020-05-05,23.9,0,5.3,45
名古屋,2020-05-06,19.5,80,2.9,82
名古屋,2020-05-07,21.1,0,6.6,32
名古屋,2020-05-08,20.1,10,5.7,56
名古屋,2020-05-09,19.5,30,5.6,59
名古屋,2020-05-10,22.4,80,4.2,84
名古屋,2020-05-11,24.0,0,6.5,49
名古屋,2020-05-12,24.0,0,3.9,48
名古屋,2020-05-13,21.4,0,8.0,43
名古屋,2020-05-14,23.8,0,4.2,33
名古屋,2020-05-15,22.2,0,4.8,48
名古屋,2020-05-16,17.9,100,2.9,85
名古屋,2020-05-17,23.3,0,6.2,66
名古屋,2020-05-18,22.3,20,4.7,76
名古屋,2020-05-19,23.2,50,2.6,75
名古屋,2020-05-20,21.5,0,4.0,53
名古屋,2020-05-21,20.6,0,1.7,56
名古屋,2020-05-22,21.2,0,2.6,62
名古屋,2020-05-23,22.6,0,3.5,66
名古屋,2020-05-24,23.4,0,6.6,61
名古屋,2020-05-25,24.4,0,1.9,66
名古屋,2020-05-26,23.5,40,2.0,67
名古屋,2020-05-27,24.2,10,4.6,53
名古屋,2020-05-28,23.7,0,2.6,42
名古屋,2020-05-29,25.1,0,3.7,34
名古屋,2020-05-30,24.9,0,3.2,48
名古屋,2020-05-31,20.1,80,4.3,80
名古屋,2020-06-01,23.1,0,2.4,67
名古屋,2020-06-02,26.9,10,2.6,55
名古屋,2020-06-03,27.4,0,2.5,46
名古屋,2020-06-04,28.1,0,4.3,44
名古屋,2020-06-05,29.9,0,3.9,42
名古屋,2020-06-06,28.2,0,4.2,43
名古屋,2020-06-07,28.7,0,4.8,36
名古屋,2020-06-08,28.9,0,3.8,36
名古屋,2020-06-09,28.5,0,5.8,47
名古屋,2020-06-10,24.3,90,5.8,66
名古屋,2020-06-11,24.6,100,5.9,89
名古屋,2020-06-12,26.8,100,2.2,81
名古屋,2020-06-13,24.3,100,2.3,88
名古屋,2020-06-14,25.7,90,2.0,86
名古屋,2020-06-15,28.6,40,4.1,61
名古屋,2020-06-16,26.8,0,3.9,55
名古屋,2020-06-17,25.6,0,3.6,58
名古屋,2020-06-18,21.6,80,2.5,81
名古屋,2020-06-19,20.3,100,1.9,84
名古屋,2020-06-20,25.9,0,5.0,58
名古屋,2020-06-21,25.3,0,3.7,66
名古屋,2020-06-22,24.7,40,4.2,71
名古屋,2020-06-23,27.2,0,3.7,56
名古屋,2020-06-24,26.8,10,5.9,66
名古屋,2020-06-25,26.3,70,3.4,82
名古屋,2020-06-26,29.4,90,2.9,74
名古屋,2020-06-27,28.0,0,2.7,57
名古屋,2020-06-28,25.8,10,2.9,73
名古屋,2020-06-29,28.2,0,2.8,53
名古屋,2020-06-30,23.8,100,7.2,88
名古屋,2020-07-01,26.3,80,6.6,80
名古屋,2020-07-02,26.3,0,4.5,61
名古屋,2020-07-03,22.8,80,1.5,78
名古屋,2020-07-04,25.5,100,6.0,89
名古屋,2020-07-05,26.6,60,2.8,76
名古屋,2020-07-06,24.7,100,7.8,92
名古屋,2020-07-07,26.1,100,5.5,92
名古屋,2020-07-08,25.8,30,3.3,79
名古屋,2020-07-09,24.3,100,4.2,90
名古屋,2020-07-10,24.8,100,5.4,91
名古屋,2020-07-11,26.8,100,4.6,90
名古屋,2020-07-12,26.8,0,8.6,64
名古屋,2020-07-13,21.2,90,1.3,84
名古屋,2020-07-14,25.3,100,5.3,92
名古屋,2020-07-15,25.7,60,4.2,73
名古屋,2020-07-16,27.4,10,2.9,64
名古屋,2020-07-17,24.3,90,0.8,82
名古屋,2020-07-18,26.6,100,5.1,79
名古屋,2020-07-19,28.9,10,2.3,68
名古屋,2020-07-20,31.0,0,1.8,61
名古屋,2020-07-21,29.1,10,3.7,74
名古屋,2020-07-22,29.5,0,4.8,59
名古屋,2020-07-23,26.0,60,2.3,75
名古屋,2020-07-24,26.4,70,2.7,80
名古屋,2020-07-25,25.5,100,5.7,91
名古屋,2020-07-26,25.8,100,5.3,88
名古屋,2020-07-27,26.6,100,5.4,88
名古屋,2020-07-28,27.9,100,1.6,85
名古屋,2020-07-29,29.5,20,3.6,70
名古屋,2020-07-30,27.3,80,4.0,84
名古屋,2020-07-31,29.7,20,4.6,65
名古屋,2020-08-01,30.5,10,3.7,61
名古屋,2020-08-02,28.8,0,3.2,70
名古屋,2020-08-03,28.5,40,2.5,76
名古屋,2020-08-04,30.1,20,1.8,72
名古屋,2020-08-05,30.7,0,2.8,64
名古屋,2020-08-06,29.8,0,3.6,66
名古屋,2020-08-07,30.1,80,1.8,71
名古屋,2020-08-08,31.0,40,2.1,62
名古屋,2020-08-09,31.7,20,2.2,64
名古屋,2020-08-10,32.0,10,4.7,66
名古屋,2020-08-11,31.9,40,3.9,69
名古屋,2020-08-12,32.9,0,4.1,58
名古屋,2020-08-13,31.2,40,4.3,67
名古屋,2020-08-14,33.6,0,2.6,55
名古屋,2020-08-15,34.5,0,5.4,52
名古屋,2020-08-16,34.6,0,6.9,50
名古屋,2020-08-17,34.7,0,5.8,42
名古屋,2020-08-18,34.8,0,6.6,42
名古屋,2020-08-19,33.6,0,3.7,50
名古屋,2020-08-20,34.3,0,3.2,49
名古屋,2020-08-21,35.0,0,3.4,47
名古屋,2020-08-22,33.0,40,3.3,52
名古屋,2020-08-23,30.2,30,2.5,62
名古屋,2020-08-24,32.0,0,2.8,52
名古屋,2020-08-25,31.9,30,4.2,56
名古屋,2020-08-26,32.2,10,4.6,53
名古屋,2020-08-27,32.8,50,6.5,56
名古屋,2020-08-28,31.6,60,7.6,65
名古屋,2020-08-29,32.4,20,3.3,58
名古屋,2020-08-30,33.7,0,3.3,52
名古屋,2020-08-31,34.0,20,3.4,50
名古屋,2020-09-01,31.8,50,4.8,58
名古屋,2020-09-02,33.5,50,7.8,51
名古屋,2020-09-03,27.6,80,8.0,87
名古屋,2020-09-04,26.1,90,2.7,89
名古屋,2020-09-05,30.5,0,3.2,66
名古屋,2020-09-06,30.0,10,6.7,66
名古屋,2020-09-07,27.3,100,10.6,89
名古屋,2020-09-08,29.4,40,6.0,71
名古屋,2020-09-09,27.6,60,2.9,72
名古屋,2020-09-10,24.8,100,2.9,87
名古屋,2020-09-11,27.6,60,2.4,80
名古屋,2020-09-12,28.9,20,3.4,70
名古屋,2020-09-13,26.7,100,2.7,82
名古屋,2020-09-14,25.6,0,5.4,64
名古屋,2020-09-15,26.1,0,1.4,58
名古屋,2020-09-16,26.3,0,2.6,67
名古屋,2020-09-17,27.4,60,4.7,76
名古屋,2020-09-18,28.4,80,3.2,78
名古屋,2020-09-19,25.6,0,5.8,54
名古屋,2020-09-20,22.3,10,1.3,63
名古屋,2020-09-21,25.5,0,3.7,52
名古屋,2020-09-22,24.4,0,2.0,64
名古屋,2020-09-23,24.6,0,2.4,66
名古屋,2020-09-24,26.6,0,1.8,63
名古屋,2020-09-25,21.1,100,3.6,87
名古屋,2020-09-26,24.8,50,3.1,75
名古屋,2020-09-27,24.1,0,8.0,59
名古屋,2020-09-28,24.7,0,3.0,54
名古屋,2020-09-29,22.7,0,3.1,70
名古屋,2020-09-30,23.7,0,1.5,58
名古屋,2020-10-01,24.1,10,4.3,55
名古屋,2020-10-02,24.0,0,2.4,65
名古屋,2020-10-03,23.8,30,1.4,69
名古屋,2020-10-04,23.4,30,1.7,74
名古屋,2020-10-05,22.3,0,6.3,68
名古屋,2020-10-06,21.4,0,4.3,50
名古屋,2020-10-07,21.2,40,2.4,64
名古屋,2020-10-08,15.7,100,2.3,87
名古屋,2020-10-09,16.5,100,2.0,92
名古屋,2020-10-10,18.5,80,4.0,90
名古屋,2020-10-11,25.0,0,4.3,68
名古屋,2020-10-12,24.7,0,1.8,66
名古屋,2020-10-13,23.4,0,7.2,59
名古屋,2020-10-14,22.8,0,3.5,54
名古屋,2020-10-15,21.0,0,5.6,54
名古屋,2020-10-16,19.5,0,1.7,55
名古屋,2020-10-17,13.5,100,3.2,85
名古屋,2020-10-18,16.5,0,1.7,72
名古屋,2020-10-19,13.8,30,2.0,81
名古屋,2020-10-20,18.4,0,1.8,59
名古屋,2020-10-21,18.3,0,2.7,62
名古屋,2020-10-22,20.0,30,2.5,70
名古屋,2020-10-23,17.6,60,5.1,82
名古屋,2020-10-24,16.2,30,4.8,61
名古屋,2020-10-25,16.5,0,5.3,58
名古屋,2020-10-26,18.3,0,4.0,59
名古屋,2020-10-27,18.6,0,1.4,54
名古屋,2020-10-28,16.4,0,1.3,65
名古屋,2020-10-29,17.2,0,6.4,52
名古屋,2020-10-30,15.6,0,7.8,50
名古屋,2020-10-31,15.2,0,2.2,53
名古屋,2020-11-01,17.6,0,1.3,51
名古屋,2020-11-02,14.9,90,3.0,92
名古屋,2020-11-03,15.7,0,6.5,53
名古屋,2020-11-04,12.7,10,5.9,61
名古屋,2020-11-05,14.4,0,3.4,63
名古屋,2020-11-06,14.6,0,1.0,64
名古屋,2020-11-07,15.3,80,1.6,85
名古屋,2020-11-08,17.9,0,5.7,64
名古屋,2020-11-09,13.1,0,5.6,55
名古屋,2020-11-10,12.7,0,5.0,57
名古屋,2020-11-11,13.0,0,4.5,54
名古屋,2020-11-12,14.5,0,1.5,59
名古屋,2020-11-13,16.2,10,3.3,67
名古屋,2020-11-14,15.9,0,4.8,55
名古屋,2020-11-15,16.8,0,2.1,70
名古屋,2020-11-16,18.4,0,3.6,66
名古屋,2020-11-17,17.7,0,1.4,58
名古屋,2020-11-18,19.0,10,2.0,73
名古屋,2020-11-19,21.4,20,5.4,74
名古屋,2020-11-20,20.4,80,5.1,85
名古屋,2020-11-21,14.1,0,7.9,56
名古屋,2020-11-22,15.7,60,1.8,78
名古屋,2020-11-23,15.5,0,6.9,58
名古屋,2020-11-24,14.0,0,2.4,45
名古屋,2020-11-25,14.6,0,2.5,60
名古屋,2020-11-26,15.2,0,4.3,65
名古屋,2020-11-27,14.1,0,1.9,61
名古屋,2020-11-28,11.8,0,6.7,55
名古屋,2020-11-29,11.0,0,1.9,56
名古屋,2020-11-30,11.5,0,5.9,62
名古屋,2020-12-01,12.0,0,4.7,57
名古屋,2020-12-02,12.3,0,2.2,63
名古屋,2020-12-03,12.6,0,6.2,62
名古屋,2020-12-04,11.8,0,4.4,49
名古屋,2020-12-05,12.0,0,4.5,55
名古屋,2020-12-06,11.2,0,2.4,58
名古屋,2020-12-07,12.9,0,3.9,65
名古屋,2020-12-08,12.5,0,5.7,59
名古屋,2020-12-09,11.1,0,1.8,60
名古屋,2020-12-10,12.0,0,3.2,59
名古屋,2020-12-11,12.8,0,1.4,58
名古屋,2020-12-12,13.0,0,5.8,63
名古屋,2020-12-13,10.5,0,4.4,60
名古屋,2020-12-14,8.0,10,5.6,62
名古屋,2020-12-15,4.5,50,6.1,66
名古屋,2020-12-16,3.9,80,5.8,67
名古屋,2020-12-17,5.0,30,5.3,56
名古屋,2020-12-18,6.7,0,2.1,68
名古屋,2020-12-19,5.8,0,6.6,60
名古屋,2020-12-20,5.6,0,5.7,54
名古屋,2020-12-21,6.0,0,3.5,62
名古屋,2020-12-22,7.5,0,1.7,65
名古屋,2020-12-23,9.0,0,3.3,64
名古屋,2020-12-24,8.7,30,1.5,64
名古屋,2020-12-25,7.2,40,6.9,69
名古屋,2020-12-26,6.8,0,4.0,72
名古屋,2020-12-27,9.4,0,1.4,64
名古屋,2020-12-28,10.5,10,5.0,70
名古屋,2020-12-29,10.7,0,2.2,64
名古屋,2020-12-30,8.3,20,8.6,66
名古屋,2020-12-31,2.6,60,3.8,66
名古屋,2021-01-01,3.4,40,4.2,70
名古屋,2021-01-02,4.9,20,4.1,66
名古屋,2021-01-03,4.1,10,2.8,75
名古屋,2021-01-04,7.2,0,4.5,66
名古屋,2021-01-05,7.0,0,2.5,64
名古屋,2021-01-06,6.8,0,3.3,57
名古屋,2021-01-07,3.8,30,7.9,56
名古屋,2021-01-08,1.5,0,5.9,45
名古屋,2021-01-09,1.2,0,3.9,49
名古屋,2021-01-10,2.2,10,3.0,67
名古屋,2021-01-11,3.6,0,2.3,68
名古屋,2021-01-12,3.7,70,2.7,89
名古屋,2021-01-13,6.1,0,4.1,64
名古屋,2021-01-14,8.8,0,3.7,67
名古屋,2021-01-15,9.5,0,1.8,56
名古屋,2021-01-16,8.7,10,2.8,79
名古屋,2021-01-17,6.2,0,5.4,62
名古屋,2021-01-18,5.6,0,3.7,52
名古屋,2021-01-19,2.7,0,9.1,51
名古屋,2021-01-20,5.6,0,3.5,50
名古屋,2021-01-21,9.2,0,1.3,48
名古屋,2021-01-22,8.2,80,2.8,87
名古屋,2021-01-23,9.0,100,3.0,92
名古屋,2021-01-24,8.2,90,4.0,89
名古屋,2021-01-25,11.3,0,2.7,66
名古屋,2021-01-26,12.2,0,3.2,64
名古屋,2021-01-27,12.1,0,9.3,64
名古屋,2021-01-28,8.3,20,1.7,71
名古屋,2021-01-29,2.7,30,8.6,58
名古屋,2021-01-30,4.8,0,5.6,56
名古屋,2021-01-31,7.7,0,5.6,55
名古屋,2021-02-01,9.6,0,3.5,68
名古屋,2021-02-02,8.7,10,7.7,63
名古屋,2021-02-03,5.1,0,6.8,60
名古屋,2021-02-04,6.2,0,6.7,62
名古屋,2021-02-05,7.6,0,1.9,58
名古屋,2021-02-06,11.2,0,3.0,56
名古屋,2021-02-07,10.9,0,5.5,64
名古屋,2021-02-08,6.6,0,7.2,54
名古屋,2021-02-09,5.0,0,7.0,52
名古屋,2021-02-10,7.6,0,4.1,57
名古屋,2021-02-11,9.9,0,7.0,53
名古屋,2021-02-12,11.9,0,2.0,58
名古屋,2021-02-13,14.3,0,2.8,64
名古屋,2021-02-14,15.9,0,3.7,58
名古屋,2021-02-15,12.0,70,6.9,82
名古屋,2021-02-16,6.9,20,7.8,54
名古屋,2021-02-17,3.5,30,8.6,47
名古屋,2021-02-18,2.5,30,6.8,56
名古屋,2021-02-19,6.6,0,4.1,58
名古屋,2021-02-20,10.5,0,1.6,65
名古屋,2021-02-21,15.6,0,2.1,61
名古屋,2021-02-22,15.9,0,1.8,57
名古屋,2021-02-23,8.6,0,8.3,51
名古屋,2021-02-24,6.5,0,7.9,43
名古屋,2021-02-25,9.0,0,2.7,34
名古屋,2021-02-26,8.3,70,5.2,60
名古屋,2021-02-27,9.6,0,6.2,38
名古屋,2021-02-28,10.8,0,3.7,53
名古屋,2021-03-01,15.6,0,4.6,58
名古屋,2021-03-02,10.1,70,9.3,81
名古屋,2021-03-03,9.0,0,6.1,46
名古屋,2021-03-04,11.5,0,2.1,65
名古屋,2021-03-05,13.4,70,2.3,76
名古屋,2021-03-06,15.3,0,7.9,63
名古屋,2021-03-07,8.9,20,1.9,62
名古屋,2021-03-08,10.2,20,3.6,70
名古屋,2021-03-09,11.4,0,2.2,68
名古屋,2021-03-10,12.5,0,9.6,44
名古屋,2021-03-11,12.6,0,2.0,57
名古屋,2021-03-12,12.7,70,2.2,82
名古屋,2021-03-13,11.7,60,7.6,79
名古屋,2021-03-14,11.3,0,9.5,45
名古屋,2021-03-15,13.9,0,6.5,49
名古屋,2021-03-16,13.2,20,1.6,63
名古屋,2021-03-17,13.6,0,9.5,42
名古屋,2021-03-18,14.8,0,2.8,41
名古屋,2021-03-19,16.3,0,2.8,42
名古屋,2021-03-20,17.2,0,5.3,59
名古屋,2021-03-21,17.0,100,7.2,89
名古屋,2021-03-22,11.5,0,8.6,47
名古屋,2021-03-23,12.2,0,3.6,48
名古屋,2021-03-24,15.3,0,2.3,56
名古屋,2021-03-25,14.0,50,1.8,76
名古屋,2021-03-26,15.5,0,8.5,48
名古屋,2021-03-27,16.0,0,4.7,57
名古屋,2021-03-28,16.3,90,7.7,81
名古屋,2021-03-29,20.3,0,3.8,58
名古屋,2021-03-30,19.7,0,1.6,58
名古屋,2021-03-31,18.8,0,3.3,41
名古屋,2021-04-01,18.9,0,2.4,54
名古屋,2021-04-02,19.2,0,6.2,56
名古屋,2021-04-03,18.3,0,5.8,56
名古屋,2021-04-04,17.4,90,3.3,80
名古屋,2021-04-05,15.7,0,9.8,52
名古屋,2021-04-06,14.4,0,3.3,61
名古屋,2021-04-07,16.2,0,6.8,43
名古屋,2021-04-08,16.4,20,2.2,43
名古屋,2021-04-09,13.4,0,7.6,36
名古屋,2021-04-10,13.8,0,3.4,40
名古屋,2021-04-11,15.6,0,2.5,49
名古屋,2021-04-12,17.6,0,6.3,51
名古屋,2021-04-13,15.8,100,7.1,84
名古屋,2021-04-14,17.6,10,8.3,59
名古屋,2021-04-15,14.2,0,3.3,52
名古屋,2021-04-16,15.2,50,4.7,65
名古屋,2021-04-17,14.8,100,5.5,88
名古屋,2021-04-18,12.0,50,8.4,62
名古屋,2021-04-19,16.2,0,6.2,44
名古屋,2021-04-20,20.2,0,4.6,44
名古屋,2021-04-21,21.4,0,6.3,35
名古屋,2021-04-22,21.7,0,4.3,39
名古屋,2021-04-23,17.4,0,4.4,59
名古屋,2021-04-24,18.5,0,2.5,58
名古屋,2021-04-25,18.9,0,8.5,45
名古屋,2021-04-26,16.6,0,6.5,34
名古屋,2021-04-27,17.5,0,4.1,52
名古屋,2021-04-28,17.2,100,3.4,77
名古屋,2021-04-29,17.0,100,7.7,91
名古屋,2021-04-30,19.4,10,3.2,60
名古屋,2021-05-01,19.0,30,7.6,67
名古屋,2021-05-02,14.3,20,7.5,62
名古屋,2021-05-03,17.3,0,6.2,50
名古屋,2021-05-04,19.6,0,2.5,50
名古屋,2021-05-05,17.6,100,7.5,88
名古屋,2021-05-06,22.5,0,4.6,43
名古屋,2021-05-07,17.5,50,2.6,71
名古屋,2021-05-08,19.9,0,2.0,68
名古屋,2021-05-09,20.7,20,5.5,63
名古屋,2021-05-10,20.8,0,4.2,40
名古屋,2021-05-11,19.9,0,4.1,58
名古屋,2021-05-12,18.6,50,3.9,65
名古屋,2021-05-13,21.9,10,2.5,67
名古屋,2021-05-14,26.4,0,3.6,57
名古屋,2021-05-15,23.4,0,7.4,66
名古屋,2021-05-16,20.5,90,2.3,79
名古屋,2021-05-17,22.9,100,4.5,93
名古屋,2021-05-18,24.0,30,2.1,72
名古屋,2021-05-19,22.0,80,2.0,86
名古屋,2021-05-20,20.6,80,3.8,88
名古屋,2021-05-21,22.5,80,4.4,91
名古屋,2021-05-22,21.0,10,4.8,63
名古屋,2021-05-23,22.9,10,6.6,59
名古屋,2021-05-24,22.8,50,2.0,64
名古屋,2021-05-25,23.2,0,4.0,55
名古屋,2021-05-26,20.6,0,4.5,46
名古屋,2021-05-27,15.5,70,2.7,87
名古屋,2021-05-28,21.9,0,3.7,66
名古屋,2021-05-29,24.0,0,4.3,57
名古屋,2021-05-30,23.4,0,5.9,47
名古屋,2021-05-31,23.0,20,3.2,59
名古屋,2021-06-01,23.5,0,4.2,63
名古屋,2021-06-02,23.3,10,3.2,67
名古屋,2021-06-03,23.9,0,7.9,57
名古屋,2021-06-04,21.4,100,7.1,90
名古屋,2021-06-05,23.1,0,1.8,54
名古屋,2021-06-06,22.1,30,1.6,68
名古屋,2021-06-07,27.4,0,2.2,55
名古屋,2021-06-08,28.3,0,4.4,49
名古屋,2021-06-09,26.6,0,3.5,49
名古屋,2021-06-10,26.1,0,4.1,55
名古屋,2021-06-11,25.2,0,6.7,62
名古屋,2021-06-12,25.1,0,4.4,58
名古屋,2021-06-13,23.7,80,2.7,71
名古屋,2021-06-14,24.3,40,2.5,71
名古屋,2021-06-15,25.9,20,3.7,66
名古屋,2021-06-16,22.5,100,2.5,82
名古屋,2021-06-17,25.0,40,2.8,64
名古屋,2021-06-18,23.8,60,4.0,72
名古屋,2021-06-19,20.7,100,5.8,90
名古屋,2021-06-20,25.5,0,7.9,56
名古屋,2021-06-21,25.6,0,3.8,61
名古屋,2021-06-22,24.5,0,2.4,71
名古屋,2021-06-23,25.1,30,2.7,65
名古屋,2021-06-24,24.9,70,2.7,68
名古屋,2021-06-25,25.1,40,3.3,72
名古屋,2021-06-26,24.9,50,3.1,73
名古屋,2021-06-27,24.4,70,1.9,73
名古屋,2021-06-28,25.7,10,3.3,71
名古屋,2021-06-29,27.2,0,3.9,67
名古屋,2021-06-30,25.6,70,6.5,77
名古屋,2021-07-01,22.9,90,2.2,79
名古屋,2021-07-02,25.4,100,5.7,88
名古屋,2021-07-03,29.9,20,4.1,67
名古屋,2021-07-04,26.5,60,4.1,84
名古屋,2021-07-05,27.4,90,3.4,78
名古屋,2021-07-06,26.6,10,1.9,78
名古屋,2021-07-07,26.0,90,3.4,84
名古屋,2021-07-08,25.4,100,1.8,87
名古屋,2021-07-09,27.8,100,1.8,82
名古屋,2021-07-10,29.6,50,1.8,70
名古屋,2021-07-11,29.2,20,2.3,66
名古屋,2021-07-12,27.9,50,1.2,71
名古屋,2021-07-13,29.3,0,2.9,64
名古屋,2021-07-14,26.7,100,2.3,78
名古屋,2021-07-15,26.9,80,3.8,76
名古屋,2021-07-16,28.5,0,4.9,69
名古屋,2021-07-17,28.6,0,4.8,67
名古屋,2021-07-18,29.6,0,4.8,68
名古屋,2021-07-19,30.3,0,2.8,63
名古屋,2021-07-20,29.7,0,3.5,70
名古屋,2021-07-21,29.3,0,3.3,66
名古屋,2021-07-22,29.6,10,3.5,63
名古屋,2021-07-23,30.2,0,3.4,60
名古屋,2021-07-24,30.2,10,3.1,58
名古屋,2021-07-25,29.9,10,2.9,58
名古屋,2021-07-26,32.2,0,2.7,50
名古屋,2021-07-27,32.5,0,4.6,46
名古屋,2021-07-28,31.6,0,3.7,51
名古屋,2021-07-29,31.6,10,2.1,52
名古屋,2021-07-30,31.5,30,2.3,54
名古屋,2021-07-31,30.6,70,2.8,61
名古屋,2021-08-01,31.6,10,3.3,55
名古屋,2021-08-02,32.6,10,5.7,49
名古屋,2021-08-03,28.6,80,8.1,76
名古屋,2021-08-04,31.7,0,3.3,60
名古屋,2021-08-05,32.6,10,4.3,57
名古屋,2021-08-06,32.0,40,5.5,56
名古屋,2021-08-07,33.2,20,3.6,52
名古屋,2021-08-08,36.5,0,7.0,43
名古屋,2021-08-09,30.0,40,12.0,67
名古屋,2021-08-10,29.9,30,8.0,57
名古屋,2021-08-11,30.8,0,2.5,50
名古屋,2021-08-12,26.0,100,1.8,81
名古屋,2021-08-13,25.2,100,6.9,88
名古屋,2021-08-14,26.6,90,5.0,91
名古屋,2021-08-15,26.9,30,3.1,72
名古屋,2021-08-16,24.4,90,1.4,82
名古屋,2021-08-17,24.8,100,6.3,90
名古屋,2021-08-18,27.2,100,6.7,86
名古屋,2021-08-19,25.8,70,6.1,85
名古屋,2021-08-20,27.0,100,4.9,83
名古屋,2021-08-21,26.2,90,3.3,84
名古屋,2021-08-22,27.7,90,3.2,82
名古屋,2021-08-23,28.5,50,2.3,75
名古屋,2021-08-24,27.9,30,5.7,78
名古屋,2021-08-25,30.1,80,1.3,73
名古屋,2021-08-26,31.3,0,2.1,68
名古屋,2021-08-27,30.8,0,4.7,54
名古屋,2021-08-28,31.3,0,4.3,57
名古屋,2021-08-29,30.9,0,4.2,51
名古屋,2021-08-30,31.3,0,3.7,60
名古屋,2021-08-31,29.6,0,4.6,52
名古屋,2021-09-01,28.1,10,1.7,58
名古屋,2021-09-02,26.4,100,1.7,82
名古屋,2021-09-03,23.5,90,1.3,87
名古屋,2021-09-04,24.6,90,4.5,87
名古屋,2021-09-05,26.3,80,2.7,72
名古屋,2021-09-06,26.3,10,2.8,66
名古屋,2021-09-07,24.2,20,3.3,71
名古屋,2021-09-08,22.5,80,4.1,81
名古屋,2021-09-09,26.5,10,4.1,72
名古屋,2021-09-10,27.1,0,2.0,58
名古屋,2021-09-11,26.2,20,1.9,70
名古屋,2021-09-12,24.8,10,0.9,80
名古屋,2021-09-13,26.3,0,3.7,61
名古屋,2021-09-14,22.6,100,1.3,84
名古屋,2021-09-15,25.7,0,2.2,68
名古屋,2021-09-16,24.9,0,3.4,70
名古屋,2021-09-17,23.6,80,4.9,78
名古屋,2021-09-18,26.4,60,4.5,86
名古屋,2021-09-19,25.6,40,2.7,74
名古屋,2021-09-20,25.9,20,2.8,67
名古屋,2021-09-21,23.9,50,2.0,67
名古屋,2021-09-22,25.9,90,3.7,82
名古屋,2021-09-23,26.8,20,2.3,65
名古屋,2021-09-24,25.7,0,4.0,60
名古屋,2021-09-25,25.8,0,2.4,65
名古屋,2021-09-26,19.8,100,1.7,87
名古屋,2021-09-27,23.7,0,2.0,68
名古屋,2021-09-28,24.1,0,2.6,66
名古屋,2021-09-29,25.6,0,3.5,62
名古屋,2021-09-30,24.7,50,3.9,71
名古屋,2021-10-01,24.7,0,7.7,71
名古屋,2021-10-02,25.5,0,6.5,55
名古屋,2021-10-03,25.0,0,2.2,56
名古屋,2021-10-04,26.0,0,3.2,65
名古屋,2021-10-05,25.6,0,2.0,66
名古屋,2021-10-06,26.6,0,5.8,62
名古屋,2021-10-07,24.8,10,4.9,72
名古屋,2021-10-08,26.1,10,2.0,66
名古屋,2021-10-09,25.8,0,2.5,66
名古屋,2021-10-10,26.0,0,5.4,66
名古屋,2021-10-11,25.9,0,1.5,67
名古屋,2021-10-12,26.1,30,2.1,75
名古屋,2021-10-13,23.0,90,2.8,84
名古屋,2021-10-14,24.1,0,2.0,54
名古屋,2021-10-15,23.3,0,1.9,58
名古屋,2021-10-16,24.0,0,2.2,73
名古屋,2021-10-17,17.9,0,8.4,58
名古屋,2021-10-18,15.7,0,2.0,58
名古屋,2021-10-19,17.4,60,1.8,69
名古屋,2021-10-20,15.3,0,9.0,54
名古屋,2021-10-21,15.4,0,5.2,52
名古屋,2021-10-22,16.9,0,1.6,64
名古屋,2021-10-23,16.0,0,8.0,47
名古屋,2021-10-24,17.5,0,1.9,57
名古屋,2021-10-25,14.4,100,3.4,88
名古屋,2021-10-26,19.3,0,6.5,62
名古屋,2021-10-27,18.9,0,1.2,62
名古屋,2021-10-28,18.9,0,7.4,55
名古屋,2021-10-29,17.7,0,5.8,51
名古屋,2021-10-30,18.0,0,1.2,57
名古屋,2021-10-31,17.4,20,1.3,80
名古屋,2021-11-01,19.8,0,2.0,60
名古屋,2021-11-02,18.8,0,5.3,55
名古屋,2021-11-03,18.7,0,4.9,56
名古屋,2021-11-04,17.5,0,4.6,51
名古屋,2021-11-05,17.4,0,4.4,53
名古屋,2021-11-06,16.6,0,1.7,68
名古屋,2021-11-07,18.1,0,1.5,64
名古屋,2021-11-08,20.1,0,6.0,55
名古屋,2021-11-09,16.4,20,7.0,75
名古屋,2021-11-10,14.5,40,4.7,55
名古屋,2021-11-11,14.8,40,3.4,63
名古屋,2021-11-12,13.0,40,2.5,61
名古屋,2021-11-13,12.6,0,2.0,60
名古屋,2021-11-14,14.3,0,1.8,62
名古屋,2021-11-15,16.2,0,4.1,62
名古屋,2021-11-16,15.8,0,4.2,57
名古屋,2021-11-17,15.2,0,3.6,58
名古屋,2021-11-18,15.4,0,1.1,60
名古屋,2021-11-19,15.0,0,2.1,61
名古屋,2021-11-20,16.5,0,2.0,53
名古屋,2021-11-21,16.4,0,1.4,67
名古屋,2021-11-22,15.8,100,5.6,90
名古屋,2021-11-23,10.7,20,5.4,59
名古屋,2021-11-24,9.8,30,4.3,63
名古屋,2021-11-25,12.2,0,1.3,67
名古屋,2021-11-26,13.0,10,4.8,64
名古屋,2021-11-27,9.2,20,7.1,52
名古屋,2021-11-28,10.4,0,5.0,50
名古屋,2021-11-29,10.2,0,0.8,52
名古屋,2021-11-30,13.6,0,3.8,71
名古屋,2021-12-01,10.4,0,8.2,60
名古屋,2021-12-02,9.2,0,4.4,60
名古屋,2021-12-03,10.0,0,1.4,65
名古屋,2021-12-04,9.1,0,6.4,68
名古屋,2021-12-05,8.7,0,2.8,58
名古屋,2021-12-06,10.3,60,3.0,89
名古屋,2021-12-07,12.4,90,4.0,88
名古屋,2021-12-08,12.4,0,9.0,69
名古屋,2021-12-09,13.6,0,2.0,61
名古屋,2021-12-10,12.7,0,1.0,72
名古屋,2021-12-11,13.6,20,3.6,68
名古屋,2021-12-12,13.0,10,1.3,72
名古屋,2021-12-13,9.0,0,7.9,55
名古屋,2021-12-14,8.9,0,1.4,48
名古屋,2021-12-15,10.5,0,4.3,63
名古屋,2021-12-16,10.8,10,1.5,72
名古屋,2021-12-17,10.7,30,6.9,71
名古屋,2021-12-18,4.2,20,6.4,57
名古屋,2021-12-19,5.4,40,2.5,69
名古屋,2021-12-20,7.8,0,2.5,71
名古屋,2021-12-21,10.1,0,1.4,69
名古屋,2021-12-22,10.3,0,5.5,57
名古屋,2021-12-23,8.9,0,2.9,50
名古屋,2021-12-24,10.1,0,1.6,66
名古屋,2021-12-25,9.2,30,5.8,71
名古屋,2021-12-26,2.2,10,7.8,61
名古屋,2021-12-27,1.8,80,3.5,81
名古屋,2021-12-28,5.1,0,5.7,59
名古屋,2021-12-29,6.2,0,1.5,68
名古屋,2021-12-30,7.0,0,5.6,63
名古屋,2021-12-31,2.6,90,8.6,65
名古屋,2022-01-01,2.5,0,7.5,59
名古屋,2022-01-02,3.8,0,1.6,59
名古屋,2022-01-03,6.2,0,3.3,70
名古屋,2022-01-04,6.1,40,7.8,67
名古屋,2022-01-05,4.2,0,6.4,50
名古屋,2022-01-06,3.5,40,0.9,69
名古屋,2022-01-07,4.6,0,8.6,54
名古屋,2022-01-08,6.7,0,2.6,56
名古屋,2022-01-09,7.6,0,3.4,64
名古屋,2022-01-10,9.6,0,3.4,52
名古屋,2022-01-11,5.7,80,3.8,90
名古屋,2022-01-12,3.9,0,8.8,53
名古屋,2022-01-13,4.7,10,6.9,56
名古屋,2022-01-14,3.8,0,8.2,59
名古屋,2022-01-15,6.2,0,5.4,57
名古屋,2022-01-16,6.5,0,1.6,64
名古屋,2022-01-17,6.6,10,6.1,68
名古屋,2022-01-18,3.9,0,9.4,54
名古屋,2022-01-19,4.4,10,3.4,63
名古屋,2022-01-20,4.1,0,6.4,61
名古屋,2022-01-21,3.1,0,9.0,49
名古屋,2022-01-22,5.4,0,4.3,56
名古屋,2022-01-23,3.6,50,2.1,68
名古屋,2022-01-24,7.8,0,7.5,58
名古屋,2022-01-25,7.8,0,1.7,57
名古屋,2022-01-26,8.6,0,5.1,64
名古屋,2022-01-27,7.4,0,7.3,53
名古屋,2022-01-28,7.7,0,4.8,54
名古屋,2022-01-29,7.1,10,3.7,59
名古屋,2022-01-30,6.4,0,3.8,54
名古屋,2022-01-31,6.1,0,6.2,47
名古屋,2022-02-01,5.7,30,2.0,64
名古屋,2022-02-02,6.8,10,5.5,53
名古屋,2022-02-03,6.0,20,5.8,60
名古屋,2022-02-04,6.0,20,5.4,60
名古屋,2022-02-05,3.2,70,7.8,63
名古屋,2022-02-06,3.0,30,7.0,62
名古屋,2022-02-07,4.0,0,4.4,57
名古屋,2022-02-08,7.1,10,3.2,58
名古屋,2022-02-09,7.8,0,2.8,49
名古屋,2022-02-10,2.9,90,3.0,95
名古屋,2022-02-11,8.5,0,6.8,49
名古屋,2022-02-12,8.5,0,3.8,49
名古屋,2022-02-13,5.6,60,2.5,68
名古屋,2022-02-14,8.1,0,3.0,68
名古屋,2022-02-15,9.9,20,4.1,63
名古屋,2022-02-16,5.0,30,6.6,53
名古屋,2022-02-17,2.8,10,7.9,55
名古屋,2022-02-18,6.6,10,5.4,53
名古屋,2022-02-19,8.0,40,1.5,64
名古屋,2022-02-20,6.4,10,11.1,59
名古屋,2022-02-21,3.8,10,9.4,54
名古屋,2022-02-22,4.2,20,7.7,59
名古屋,2022-02-23,4.2,0,5.9,58
名古屋,2022-02-24,4.9,0,6.9,47
名古屋,2022-02-25,7.0,0,5.8,53
名古屋,2022-02-26,9.2,0,1.8,53
名古屋,2022-02-27,9.0,10,7.2,55
名古屋,2022-02-28,11.1,0,4.5,48
名古屋,2022-03-01,8.3,60,2.4,72
名古屋,2022-03-02,11.8,0,4.6,59
名古屋,2022-03-03,10.6,20,7.5,53
名古屋,2022-03-04,9.8,0,3.2,44
名古屋,2022-03-05,11.6,10,4.0,56
名古屋,2022-03-06,6.9,20,9.7,49
名古屋,2022-03-07,8.0,0,7.1,46
名古屋,2022-03-08,9.8,0,5.0,43
名古屋,2022-03-09,10.6,0,3.8,41
名古屋,2022-03-10,12.2,0,1.8,38
名古屋,2022-03-11,14.4,0,2.1,46
名古屋,2022-03-12,18.0,0,4.6,46
名古屋,2022-03-13,18.9,0,3.2,54
名古屋,2022-03-14,18.9,0,4.1,61
名古屋,2022-03-15,15.7,0,7.4,50
名古屋,2022-03-16,17.8,0,3.1,37
名古屋,2022-03-17,15.6,0,6.0,43
名古屋,2022-03-18,12.0,100,2.3,83
名古屋,2022-03-19,11.0,10,8.8,64
名古屋,2022-03-20,11.2,0,6.9,47
名古屋,2022-03-21,12.2,0,5.6,43
名古屋,2022-03-22,5.9,70,3.6,86
名古屋,2022-03-23,8.8,0,1.9,74
名古屋,2022-03-24,13.5,0,6.8,50
名古屋,2022-03-25,15.0,0,3.3,52
名古屋,2022-03-26,15.6,70,9.1,81
名古屋,2022-03-27,15.6,0,8.4,56
名古屋,2022-03-28,12.7,0,8.1,44
名古屋,2022-03-29,14.3,20,2.8,65
名古屋,2022-03-30,18.2,0,2.1,61
名古屋,2022-03-31,16.0,20,5.0,75
名古屋,2022-04-01,11.4,0,8.2,34
名古屋,2022-04-02,12.0,0,3.1,56
名古屋,2022-04-03,11.6,100,3.1,76
名古屋,2022-04-04,17.0,10,5.9,53
名古屋,2022-04-05,17.3,0,3.0,45
名古屋,2022-04-06,18.4,0,1.7,47
名古屋,2022-04-07,18.3,0,4.6,50
名古屋,2022-04-08,17.6,0,6.0,40
名古屋,2022-04-09,20.0,0,2.5,48
名古屋,2022-04-10,22.8,0,2.5,42
名古屋,2022-04-11,21.3,0,5.2,54
名古屋,2022-04-12,23.3,0,2.6,52
名古屋,2022-04-13,25.1,10,3.1,53
名古屋,2022-04-14,21.3,100,4.7,70
名古屋,2022-04-15,18.0,100,3.1,82
名古屋,2022-04-16,17.4,0,9.0,42
名古屋,2022-04-17,13.2,90,1.2,76
名古屋,2022-04-18,14.5,100,3.3,86
名古屋,2022-04-19,19.4,0,5.5,38
名古屋,2022-04-20,19.1,0,2.8,54
名古屋,2022-04-21,18.5,40,3.7,68
名古屋,2022-04-22,22.1,0,5.0,58
名古屋,2022-04-23,21.9,0,5.9,61
名古屋,2022-04-24,17.8,100,1.5,88
名古屋,2022-04-25,23.4,0,2.3,62
名古屋,2022-04-26,22.0,70,8.4,84
名古屋,2022-04-27,22.9,0,5.2,66
名古屋,2022-04-28,20.1,0,3.7,63
名古屋,2022-04-29,17.2,80,4.0,80
名古屋,2022-04-30,16.9,30,5.0,64
名古屋,2022-05-01,14.3,80,3.6,84
名古屋,2022-05-02,17.3,20,4.7,44
名古屋,2022-05-03,17.0,0,5.0,45
名古屋,2022-05-04,20.6,0,2.1,44
名古屋,2022-05-05,23.0,0,3.1,46
名古屋,2022-05-06,21.0,0,5.3,62
名古屋,2022-05-07,23.1,0,3.3,58
名古屋,2022-05-08,20.4,0,6.7,39
名古屋,2022-05-09,15.4,70,3.5,74
名古屋,2022-05-10,19.4,0,2.8,64
名古屋,2022-05-11,21.2,0,2.7,48
名古屋,2022-05-12,20.2,100,4.1,78
名古屋,2022-05-13,21.0,60,2.3,88
名古屋,2022-05-14,21.5,0,8.6,64
名古屋,2022-05-15,18.2,0,3.9,52
名古屋,2022-05-16,17.5,0,1.9,66
名古屋,2022-05-17,18.7,0,1.6,69
名古屋,2022-05-18,23.2,0,2.9,44
名古屋,2022-05-19,23.6,0,1.5,51
名古屋,2022-05-20,23.5,0,1.1,46
名古屋,2022-05-21,19.2,40,2.9,73
名古屋,2022-05-22,24.4,0,4.7,51
名古屋,2022-05-23,24.3,0,6.0,46
名古屋,2022-05-24,24.5,10,4.1,58
名古屋,2022-05-25,24.1,0,4.6,57
名古屋,2022-05-26,22.1,100,7.1,74
名古屋,2022-05-27,24.9,0,4.5,57
名古屋,2022-05-28,24.1,0,6.6,49
名古屋,2022-05-29,27.8,0,3.2,42
名古屋,2022-05-30,24.8,0,5.3,55
名古屋,2022-05-31,22.4,30,5.2,69
名古屋,2022-06-01,23.5,0,3.2,48
名古屋,2022-06-02,25.0,0,3.2,59
名古屋,2022-06-03,26.4,0,4.9,48
名古屋,2022-06-04,23.8,0,3.0,49
名古屋,2022-06-05,24.5,10,4.5,62
名古屋,2022-06-06,20.5,60,4.5,77
名古屋,2022-06-07,21.9,0,8.4,59
名古屋,2022-06-08,22.8,30,2.7,58
名古屋,2022-06-09,23.3,30,3.6,64
名古屋,2022-06-10,24.0,60,4.0,68
名古屋,2022-06-11,21.7,80,1.9,80
名古屋,2022-06-12,26.0,0,7.0,53
名古屋,2022-06-13,23.8,0,4.6,54
名古屋,2022-06-14,19.6,80,4.8,75
名古屋,2022-06-15,20.0,30,1.2,79
名古屋,2022-06-16,23.7,50,3.1,77
名古屋,2022-06-17,26.6,20,2.2,67
名古屋,2022-06-18,23.7,80,4.0,85
名古屋,2022-06-19,27.5,10,2.9,66
名古屋,2022-06-20,27.8,0,2.3,64
名古屋,2022-06-21,24.1,90,3.4,85
名古屋,2022-06-22,25.6,70,1.3,83
名古屋,2022-06-23,27.4,50,4.5,75
名古屋,2022-06-24,28.8,20,6.8,75
名古屋,2022-06-25,31.0,20,3.1,65
名古屋,2022-06-26,28.3,30,2.1,69
名古屋,2022-06-27,30.9,10,1.6,60
名古屋,2022-06-28,32.0,0,2.7,55
名古屋,2022-06-29,32.2,0,2.5,56
名古屋,2022-06-30,34.0,0,3.2,48
名古屋,2022-07-01,34.0,0,3.1,46
名古屋,2022-07-02,30.8,0,4.9,60
名古屋,2022-07-03,26.0,90,2.6,85
名古屋,2022-07-04,25.8,100,2.3,86
名古屋,2022-07-05,26.3,100,5.0,83
名古屋,2022-07-06,31.1,40,3.6,64
名古屋,2022-07-07,28.5,40,2.8,72
名古屋,2022-07-08,28.8,0,2.7,68
名古屋,2022-07-09,27.8,70,3.6,77
名古屋,2022-07-10,26.9,40,4.7,78
名古屋,2022-07-11,29.6,10,3.1,66
名古屋,2022-07-12,26.4,100,3.1,85
名古屋,2022-07-13,29.4,50,3.9,62
名古屋,2022-07-14,26.8,50,4.6,78
名古屋,2022-07-15,25.8,90,3.0,84
名古屋,2022-07-16,24.9,90,5.9,87
名古屋,2022-07-17,28.2,60,2.8,73
名古屋,2022-07-18,29.2,10,1.6,66
名古屋,2022-07-19,26.9,100,4.1,89
名古屋,2022-07-20,29.9,0,5.8,60
名古屋,2022-07-21,29.4,30,2.6,66
名古屋,2022-07-22,29.4,70,2.2,69
名古屋,2022-07-23,28.4,0,7.5,62
名古屋,2022-07-24,29.1,0,2.9,59
名古屋,2022-07-25,30.4,0,2.7,60
名古屋,2022-07-26,30.4,50,3.8,70
名古屋,2022-07-27,29.4,60,4.9,78
名古屋,2022-07-28,30.0,60,3.2,71
名古屋,2022-07-29,30.5,10,4.5,68
名古屋,2022-07-30,30.5,10,4.8,69
名古屋,2022-07-31,31.8,0,2.5,65
名古屋,2022-08-01,31.5,0,4.1,69
名古屋,2022-08-02,33.6,0,2.2,54
名古屋,2022-08-03,33.2,0,5.5,55
名古屋,2022-08-04,29.9,50,3.3,72
名古屋,2022-08-05,28.0,90,2.8,78
名古屋,2022-08-06,28.0,90,4.7,78
名古屋,2022-08-07,29.7,40,3.5,71
名古屋,2022-08-08,30.0,60,4.0,75
名古屋,2022-08-09,31.1,20,3.2,70
名古屋,2022-08-10,31.1,30,3.4,69
名古屋,2022-08-11,30.0,40,5.4,69
名古屋,2022-08-12,28.2,80,5.7,80
名古屋,2022-08-13,29.6,60,3.0,73
名古屋,2022-08-14,29.2,50,2.0,76
名古屋,2022-08-15,30.5,50,1.7,72
名古屋,2022-08-16,30.6,50,3.4,74
名古屋,2022-08-17,27.3,80,1.5,80
名古屋,2022-08-18,28.3,60,4.1,70
名古屋,2022-08-19,29.6,0,2.4,58
名古屋,2022-08-20,29.4,30,1.4,72
名古屋,2022-08-21,29.4,60,1.7,73
名古屋,2022-08-22,29.6,20,5.4,73
名古屋,2022-08-23,29.6,60,2.7,79
名古屋,2022-08-24,31.4,0,4.0,64
名古屋,2022-08-25,28.5,80,3.4,81
名古屋,2022-08-26,30.1,30,1.7,68
名古屋,2022-08-27,29.1,30,1.8,72
名古屋,2022-08-28,28.5,0,4.8,60
名古屋,2022-08-29,26.8,10,2.4,71
名古屋,2022-08-30,27.9,90,3.2,79
名古屋,2022-08-31,29.0,50,6.8,80
名古屋,2022-09-01,27.8,80,3.1,86
名古屋,2022-09-02,27.7,90,2.2,80
名古屋,2022-09-03,26.7,80,2.2,81
名古屋,2022-09-04,28.1,60,3.9,75
名古屋,2022-09-05,29.2,20,6.3,67
名古屋,2022-09-06,28.7,50,10.4,74
名古屋,2022-09-07,29.4,0,3.0,70
名古屋,2022-09-08,25.4,80,1.7,88
名古屋,2022-09-09,28.3,20,2.4,70
名古屋,2022-09-10,28.0,40,2.7,74
名古屋,2022-09-11,28.4,0,2.8,68
名古屋,2022-09-12,28.8,0,2.6,67
名古屋,2022-09-13,29.6,0,2.3,66
名古屋,2022-09-14,29.9,40,2.6,68
名古屋,2022-09-15,27.4,0,4.0,68
名古屋,2022-09-16,27.2,0,3.9,60
名古屋,2022-09-17,29.4,0,4.6,56
名古屋,2022-09-18,29.0,60,7.6,75
名古屋,2022-09-19,27.4,100,12.6,83
名古屋,2022-09-20,22.1,10,10.6,64
名古屋,2022-09-21,23.4,0,3.1,66
名古屋,2022-09-22,22.8,20,1.3,78
名古屋,2022-09-23,22.5,100,3.1,93
名古屋,2022-09-24,26.2,0,8.3,61
名古屋,2022-09-25,24.9,0,2.1,66
名古屋,2022-09-26,26.9,0,2.0,66
名古屋,2022-09-27,26.1,50,3.0,73
名古屋,2022-09-28,24.1,40,3.0,78
名古屋,2022-09-29,24.5,0,2.7,68
名古屋,2022-09-30,25.0,0,1.8,64
名古屋,2022-10-01,26.2,0,2.7,61
名古屋,2022-10-02,25.8,0,1.7,65
名古屋,2022-10-03,25.6,30,4.4,61
名古屋,2022-10-04,26.3,70,4.5,68
名古屋,2022-10-05,22.1,10,6.2,68
名古屋,2022-10-06,17.2,0,1.9,70
名古屋,2022-10-07,15.8,100,2.9,89
名古屋,2022-10-08,20.7,0,6.2,61
名古屋,2022-10-09,18.1,50,2.0,80
名古屋,2022-10-10,21.6,50,4.5,79
名古屋,2022-10-11,19.2,0,6.8,54
名古屋,2022-10-12,20.6,0,3.7,62
名古屋,2022-10-13,20.0,0,2.2,72
名古屋,2022-10-14,23.3,0,2.7,58
名古屋,2022-10-15,24.3,0,2.6,62
名古屋,2022-10-16,23.6,10,2.6,71
名古屋,2022-10-17,20.6,100,2.3,87
名古屋,2022-10-18,19.6,20,5.6,60
名古屋,2022-10-19,18.8,0,4.4,48
名古屋,2022-10-20,18.1,0,3.2,48
名古屋,2022-10-21,19.0,0,1.7,62
名古屋,2022-10-22,20.3,0,1.4,68
名古屋,2022-10-23,21.2,0,4.8,59
名古屋,2022-10-24,18.2,0,4.7,48
名古屋,2022-10-25,15.7,0,2.7,58
名古屋,2022-10-26,16.5,0,2.2,47
名古屋,2022-10-27,16.3,0,1.1,58
名古屋,2022-10-28,18.6,0,2.2,54
名古屋,2022-10-29,17.3,0,7.5,49
名古屋,2022-10-30,17.0,0,2.6,49
名古屋,2022-10-31,17.3,10,1.8,60
名古屋,2022-11-01,13.9,90,2.5,90
名古屋,2022-11-02,20.1,0,3.0,64
名古屋,2022-11-03,19.7,0,0.9,59
名古屋,2022-11-04,17.9,10,5.0,62
名古屋,2022-11-05,16.2,0,3.9,54
名古屋,2022-11-06,15.8,0,4.5,48
名古屋,2022-11-07,16.4,0,1.6,62
名古屋,2022-11-08,17.0,0,6.0,56
名古屋,2022-11-09,16.8,0,2.3,45
名古屋,2022-11-10,17.0,0,1.4,59
名古屋,2022-11-11,18.3,0,1.7,50
名古屋,2022-11-12,19.0,0,1.1,57
名古屋,2022-11-13,19.6,70,4.2,84
名古屋,2022-11-14,15.8,0,6.7,52
名古屋,2022-11-15,15.7,0,5.6,55
名古屋,2022-11-16,14.0,10,4.5,59
名古屋,2022-11-17,13.9,0,2.6,64
名古屋,2022-11-18,15.1,0,1.9,52
名古屋,2022-11-19,16.1,0,2.1,54
名古屋,2022-11-20,14.8,30,2.8,70
名古屋,2022-11-21,17.7,10,4.1,70
名古屋,2022-11-22,17.4,0,2.9,65
名古屋,2022-11-23,13.5,100,2.1,94
名古屋,2022-11-24,16.2,0,7.8,56
名古屋,2022-11-25,15.3,0,1.8,55
名古屋,2022-11-26,16.3,30,1.6,79
名古屋,2022-11-27,15.1,0,6.0,53
名古屋,2022-11-28,16.5,10,3.0,76
名古屋,2022-11-29,18.8,100,7.5,86
名古屋,2022-11-30,15.0,0,9.4,62
名古屋,2022-12-01,10.2,0,6.8,64
名古屋,2022-12-02,8.6,40,6.0,62
名古屋,2022-12-03,10.1,0,1.6,58
名古屋,2022-12-04,11.0,0,4.5,71
名古屋,2022-12-05,11.4,0,3.8,64
名古屋,2022-12-06,10.4,10,5.6,64
名古屋,2022-12-07,9.6,0,4.1,61
名古屋,2022-12-08,10.8,10,5.0,62
名古屋,2022-12-09,11.1,0,1.9,60
名古屋,2022-12-10,12.4,0,2.6,61
名古屋,2022-12-11,12.1,0,4.2,66
名古屋,2022-12-12,10.4,0,2.6,54
名古屋,2022-12-13,10.7,30,3.1,77
名古屋,2022-12-14,6.4,0,8.5,57
名古屋,2022-12-15,6.2,20,5.9,62
名古屋,2022-12-16,7.6,20,4.6,68
名古屋,2022-12-17,6.0,70,1.9,80
名古屋,2022-12-18,3.7,20,8.0,46
名古屋,2022-12-19,4.0,0,4.1,52
名古屋,2022-12-20,5.5,0,3.9,71
名古屋,2022-12-21,6.9,0,1.5,70
名古屋,2022-12-22,8.3,60,5.0,80
名古屋,2022-12-23,3.0,0,7.0,39
名古屋,2022-12-24,3.6,30,5.0,81
名古屋,2022-12-25,7.2,10,7.1,60
名古屋,2022-12-26,6.2,0,7.6,59
名古屋,2022-12-27,7.3,0,5.7,61
名古屋,2022-12-28,7.4,0,1.7,65
名古屋,2022-12-29,7.9,0,6.4,59
名古屋,2022-12-30,6.9,20,4.9,68
名古屋,2022-12-31,6.7,0,3.5,72
名古屋,2023-01-01,8.2,20,5.3,63
名古屋,2023-01-02,7.5,0,5.9,56
名古屋,2023-01-03,6.2,0,4.7,59
名古屋,2023-01-04,5.8,10,5.5,67
名古屋,2023-01-05,5.9,0,5.0,58
名古屋,2023-01-06,6.7,0,2.9,66
名古屋,2023-01-07,6.9,0,2.3,67
名古屋,2023-01-08,8.6,10,3.7,65
名古屋,2023-01-09,9.1,0,1.3,66
名古屋,2023-01-10,5.6,0,9.4,51
名古屋,2023-01-11,7.8,0,3.7,52
名古屋,2023-01-12,10.0,0,2.5,52
名古屋,2023-01-13,10.6,10,1.0,62
名古屋,2023-01-14,11.8,60,2.6,94
名古屋,2023-01-15,12.8,0,4.3,67
名古屋,2023-01-16,9.6,10,4.9,68
名古屋,2023-01-17,7.4,0,2.8,46
名古屋,2023-01-18,8.4,0,6.5,60
名古屋,2023-01-19,8.2,0,3.7,60
名古屋,2023-01-20,8.5,0,4.5,57
名古屋,2023-01-21,4.9,0,7.0,49
名古屋,2023-01-22,6.1,0,4.3,60
名古屋,2023-01-23,5.6,10,1.7,77
名古屋,2023-01-24,5.8,20,7.7,62
名古屋,2023-01-25,0.4,30,7.4,44
名古屋,2023-01-26,2.9,0,3.1,61
名古屋,2023-01-27,1.3,90,0.8,93
名古屋,2023-01-28,3.4,0,4.9,52
名古屋,2023-01-29,4.1,10,3.6,61
名古屋,2023-01-30,5.1,20,5.8,61
名古屋,2023-01-31,4.6,0,4.4,53
名古屋,2023-02-01,6.6,10,1.6,67
名古屋,2023-02-02,5.5,0,7.4,46
名古屋,2023-02-03,5.4,0,2.9,55
名古屋,2023-02-04,7.8,0,2.3,59
名古屋,2023-02-05,8.4,0,3.9,55
名古屋,2023-02-06,9.7,0,3.9,50
名古屋,2023-02-07,12.1,0,2.5,49
名古屋,2023-02-08,10.6,20,7.5,54
名古屋,2023-02-09,8.0,0,6.5,38
名古屋,2023-02-10,5.9,100,2.9,94
名古屋,2023-02-11,11.8,0,5.1,52
名古屋,2023-02-12,13.7,0,1.6,73
名古屋,2023-02-13,10.2,70,5.1,86
名古屋,2023-02-14,5.9,0,9.0,47
名古屋,2023-02-15,3.7,0,8.8,45
名古屋,2023-02-16,5.8,0,5.3,49
名古屋,2023-02-17,7.4,0,3.2,56
名古屋,2023-02-18,9.5,50,1.6,63
名古屋,2023-02-19,11.2,60,4.6,85
名古屋,2023-02-20,8.5,0,8.6,54
名古屋,2023-02-21,5.0,0,8.8,43
名古屋,2023-02-22,7.4,0,2.1,43
名古屋,2023-02-23,8.2,30,3.0,70
名古屋,2023-02-24,6.8,80,1.3,77
名古屋,2023-02-25,6.6,0,9.5,43
名古屋,2023-02-26,6.4,0,9.2,44
名古屋,2023-02-27,10.1,0,1.9,45
名古屋,2023-02-28,12.6,0,1.7,50
名古屋,2023-03-01,13.9,0,2.1,55
名古屋,2023-03-02,9.2,10,9.8,51
名古屋,2023-03-03,9.3,0,4.3,44
名古屋,2023-03-04,12.1,0,5.9,48
名古屋,2023-03-05,11.2,0,2.0,53
名古屋,2023-03-06,13.5,0,3.7,43
名古屋,2023-03-07,14.9,0,3.8,33
名古屋,2023-03-08,16.8,0,1.7,37
名古屋,2023-03-09,17.9,0,5.0,48
名古屋,2023-03-10,18.5,0,6.2,45
名古屋,2023-03-11,18.5,0,2.9,36
名古屋,2023-03-12,18.0,10,5.4,55
名古屋,2023-03-13,9.7,20,7.7,61
名古屋,2023-03-14,13.1,0,3.7,42
名古屋,2023-03-15,16.0,0,2.8,54
名古屋,2023-03-16,17.8,0,2.2,55
名古屋,2023-03-17,15.3,0,4.6,50
名古屋,2023-03-18,11.5,50,5.1,76
名古屋,2023-03-19,13.8,0,4.9,38
名古屋,2023-03-20,15.1,0,2.2,42
名古屋,2023-03-21,15.2,40,1.9,70
名古屋,2023-03-22,19.9,0,3.5,63
名古屋,2023-03-23,19.2,60,6.3,78
名古屋,2023-03-24,19.2,0,7.0,71
名古屋,2023-03-25,13.6,80,3.1,75
名古屋,2023-03-26,12.8,100,4.0,88
名古屋,2023-03-27,14.9,0,5.9,47
名古屋,2023-03-28,15.2,0,4.1,41
名古屋,2023-03-29,15.0,0,3.9,42
名古屋,2023-03-30,16.3,0,2.6,42
名古屋,2023-03-31,17.7,0,2.1,44
名古屋,2023-04-01,20.3,0,3.0,36
名古屋,2023-04-02,18.8,10,3.0,50
名古屋,2023-04-03,17.1,0,3.1,54
名古屋,2023-04-04,18.1,0,3.1,51
名古屋,2023-04-05,18.2,0,4.5,49
名古屋,2023-04-06,18.3,20,7.9,73
名古屋,2023-04-07,17.2,100,8.2,90
名古屋,2023-04-08,12.9,10,8.5,51
名古屋,2023-04-09,14.2,0,6.8,38
名古屋,2023-04-10,17.3,0,2.8,46
名古屋,2023-04-11,19.8,0,4.3,55
名古屋,2023-04-12,17.9,20,4.9,64
名古屋,2023-04-13,18.0,0,2.9,33
名古屋,2023-04-14,18.9,0,2.4,46
名古屋,2023-04-15,13.9,100,2.1,85
名古屋,2023-04-16,17.8,0,7.2,50
名古屋,2023-04-17,15.3,0,8.3,48
名古屋,2023-04-18,17.0,20,3.5,53
名古屋,2023-04-19,20.7,10,2.0,74
名古屋,2023-04-20,23.2,0,2.6,61
名古屋,2023-04-21,23.6,0,6.3,57
名古屋,2023-04-22,18.2,0,7.9,34
名古屋,2023-04-23,18.8,0,4.7,32
名古屋,2023-04-24,15.3,0,3.4,31
名古屋,2023-04-25,14.1,50,4.1,58
名古屋,2023-04-26,16.0,50,7.6,79
名古屋,2023-04-27,18.5,0,4.7,51
名古屋,2023-04-28,19.7,0,4.4,54
名古屋,2023-04-29,20.0,80,6.0,66
名古屋,2023-04-30,18.4,30,4.6,67
名古屋,2023-05-01,20.0,0,5.0,44
名古屋,2023-05-02,19.7,0,5.6,41
名古屋,2023-05-03,20.8,0,2.8,52
名古屋,2023-05-04,21.9,0,2.9,56
名古屋,2023-05-05,21.8,0,6.2,58
名古屋,2023-05-06,23.1,30,6.6,67
名古屋,2023-05-07,20.8,100,5.6,93
名古屋,2023-05-08,19.3,0,10.0,48
名古屋,2023-05-09,18.9,0,3.0,57
名古屋,2023-05-10,22.6,0,4.2,46
名古屋,2023-05-11,21.6,0,5.4,32
名古屋,2023-05-12,20.2,0,2.8,54
名古屋,2023-05-13,18.8,70,4.9,71
名古屋,2023-05-14,17.5,90,6.5,75
名古屋,2023-05-15,19.4,60,1.3,72
名古屋,2023-05-16,24.8,0,4.5,46
名古屋,2023-05-17,28.0,0,2.6,52
名古屋,2023-05-18,25.9,0,5.0,61
名古屋,2023-05-19,18.6,100,5.1,88
名古屋,2023-05-20,24.5,0,3.9,65
名古屋,2023-05-21,25.3,0,2.5,66
名古屋,2023-05-22,26.5,10,2.4,56
名古屋,2023-05-23,19.9,10,6.7,60
名古屋,2023-05-24,21.2,0,6.1,44
名古屋,2023-05-25,21.1,50,5.9,61
名古屋,2023-05-26,22.0,0,5.1,55
名古屋,2023-05-27,23.6,0,3.9,58
名古屋,2023-05-28,23.9,0,4.2,55
名古屋,2023-05-29,22.0,100,1.8,88
名古屋,2023-05-30,25.0,0,3.7,64
名古屋,2023-05-31,21.2,30,3.1,73
名古屋,2023-06-01,23.2,20,6.8,68
名古屋,2023-06-02,21.8,100,4.4,96
名古屋,2023-06-03,23.2,0,10.6,54
名古屋,2023-06-04,24.3,0,2.7,50
名古屋,2023-06-05,25.4,0,3.1,50
名古屋,2023-06-06,21.6,40,3.8,74
名古屋,2023-06-07,25.7,0,4.6,58
名古屋,2023-06-08,22.9,40,3.9,78
名古屋,2023-06-09,25.6,10,3.2,68
名古屋,2023-06-10,24.7,10,4.0,71
名古屋,2023-06-11,21.4,100,1.0,82
名古屋,2023-06-12,23.2,100,1.7,87
名古屋,2023-06-13,28.2,0,3.7,60
名古屋,2023-06-14,24.7,30,1.7,81
名古屋,2023-06-15,23.9,70,1.3,81
名古屋,2023-06-16,25.4,50,7.0,60
名古屋,2023-06-17,28.1,0,2.2,51
名古屋,2023-06-18,26.4,0,2.5,62
名古屋,2023-06-19,27.8,30,3.4,55
名古屋,2023-06-20,25.4,0,5.4,58
名古屋,2023-06-21,24.4,0,6.8,62
名古屋,2023-06-22,20.2,80,2.8,83
名古屋,2023-06-23,24.7,0,1.6,71
名古屋,2023-06-24,27.1,0,3.1,58
名古屋,2023-06-25,27.4,0,1.8,61
名古屋,2023-06-26,26.4,0,2.8,71
名古屋,2023-06-27,29.0,10,2.2,68
名古屋,2023-06-28,28.1,50,2.3,74
名古屋,2023-06-29,28.6,20,2.1,68
名古屋,2023-06-30,27.3,90,3.0,81
名古屋,2023-07-01,25.8,80,1.9,86
名古屋,2023-07-02,30.0,0,2.3,66
名古屋,2023-07-03,30.6,0,2.6,60
名古屋,2023-07-04,29.8,0,2.7,56
名古屋,2023-07-05,25.3,40,7.0,74
名古屋,2023-07-06,30.4,0,4.3,61
名古屋,2023-07-07,28.9,0,5.1,66
名古屋,2023-07-08,28.8,90,3.3,80
名古屋,2023-07-09,28.4,100,2.0,84
名古屋,2023-07-10,30.7,60,2.1,70
名古屋,2023-07-11,30.7,40,2.4,66
名古屋,2023-07-12,30.2,30,2.6,67
名古屋,2023-07-13,26.4,80,1.1,82
名古屋,2023-07-14,27.7,40,1.3,80
名古屋,2023-07-15,30.3,20,3.6,68
名古屋,2023-07-16,32.1,20,2.2,61
名古屋,2023-07-17,33.6,0,2.8,50
名古屋,2023-07-18,33.5,0,3.8,55
名古屋,2023-07-19,31.2,30,2.5,62
名古屋,2023-07-20,30.3,0,4.7,59
名古屋,2023-07-21,28.7,60,3.7,65
名古屋,2023-07-22,29.4,20,3.5,62
名古屋,2023-07-23,29.7,0,3.8,60
名古屋,2023-07-24,30.6,10,3.5,58
名古屋,2023-07-25,31.9,0,2.1,56
名古屋,2023-07-26,34.2,0,2.3,50
名古屋,2023-07-27,34.8,0,2.6,46
名古屋,2023-07-28,32.4,30,3.1,56
名古屋,2023-07-29,32.4,0,3.5,48
名古屋,2023-07-30,33.8,20,2.9,48
名古屋,2023-07-31,33.5,0,3.5,48
名古屋,2023-08-01,31.7,40,3.0,60
名古屋,2023-08-02,31.5,0,4.6,60
名古屋,2023-08-03,30.8,50,5.0,65
名古屋,2023-08-04,31.2,50,3.6,65
名古屋,2023-08-05,31.9,10,5.6,60
名古屋,2023-08-06,32.2,40,7.1,59
名古屋,2023-08-07,31.1,40,7.5,63
名古屋,2023-08-08,33.3,20,7.7,50
名古屋,2023-08-09,31.9,60,8.7,62
名古屋,2023-08-10,33.3,0,10.3,44
名古屋,2023-08-11,33.6,0,3.8,45
名古屋,2023-08-12,35.4,10,3.7,40
名古屋,2023-08-13,34.5,40,2.6,48
名古屋,2023-08-14,33.4,40,2.7,54
名古屋,2023-08-15,26.3,100,11.9,87
名古屋,2023-08-16,28.9,100,6.1,80
名古屋,2023-08-17,29.9,50,5.1,73
名古屋,2023-08-18,30.6,10,3.6,68
名古屋,2023-08-19,31.3,10,2.3,69
名古屋,2023-08-20,31.8,40,2.5,67
名古屋,2023-08-21,30.8,30,2.3,70
名古屋,2023-08-22,30.7,60,3.2,70
名古屋,2023-08-23,29.6,80,6.6,74
名古屋,2023-08-24,27.2,60,5.4,84
名古屋,2023-08-25,29.8,10,4.9,68
名古屋,2023-08-26,29.5,20,2.2,70
名古屋,2023-08-27,29.7,0,2.3,64
名古屋,2023-08-28,31.0,10,2.1,62
名古屋,2023-08-29,30.4,0,5.1,64
名古屋,2023-08-30,29.4,50,5.7,73
名古屋,2023-08-31,30.1,0,6.8,61
名古屋,2023-09-01,30.3,10,4.9,62
名古屋,2023-09-02,30.9,0,1.8,58
名古屋,2023-09-03,31.9,0,1.9,56
名古屋,2023-09-04,31.8,40,2.9,60
名古屋,2023-09-05,30.5,60,4.4,68
名古屋,2023-09-06,26.6,80,1.3,83
名古屋,2023-09-07,28.6,10,2.3,66
名古屋,2023-09-08,27.0,10,1.5,79
名古屋,2023-09-09,29.5,0,2.5,66
名古屋,2023-09-10,28.0,50,4.0,74
名古屋,2023-09-11,25.4,90,4.5,86
名古屋,2023-09-12,27.4,40,2.0,76
名古屋,2023-09-13,28.8,10,2.8,66
名古屋,2023-09-14,29.2,30,2.1,70
名古屋,2023-09-15,30.8,0,2.2,68
名古屋,2023-09-16,31.0,30,2.2,67
名古屋,2023-09-17,29.8,20,5.8,70
名古屋,2023-09-18,28.5,60,2.5,76
名古屋,2023-09-19,29.3,80,1.2,71
名古屋,2023-09-20,29.0,0,2.3,67
名古屋,2023-09-21,27.1,80,5.6,84
名古屋,2023-09-22,27.7,0,3.6,69
名古屋,2023-09-23,26.6,0,5.6,57
名古屋,2023-09-24,25.8,0,1.9,58
名古屋,2023-09-25,26.1,0,2.2,58
名古屋,2023-09-26,26.8,0,1.6,58
名古屋,2023-09-27,28.0,10,2.3,67
名古屋,2023-09-28,29.0,30,3.5,65
名古屋,2023-09-29,27.8,0,4.6,55
名古屋,2023-09-30,27.8,20,3.0,62
名古屋,2023-10-01,24.5,20,3.9,71
名古屋,2023-10-02,23.4,0,6.6,46
名古屋,2023-10-03,23.9,0,1.8,60
名古屋,2023-10-04,21.2,60,1.1,79
名古屋,2023-10-05,20.3,40,7.5,66
名古屋,2023-10-06,20.0,0,9.1,52
名古屋,2023-10-07,20.4,0,7.1,48
名古屋,2023-10-08,17.9,60,1.8,74
名古屋,2023-10-09,18.8,80,2.6,83
名古屋,2023-10-10,21.9,10,8.1,68
名古屋,2023-10-11,22.0,0,3.8,52
名古屋,2023-10-12,21.4,0,3.2,57
名古屋,2023-10-13,20.8,0,2.6,53
名古屋,2023-10-14,19.8,0,1.6,66
名古屋,2023-10-15,19.7,20,5.1,72
名古屋,2023-10-16,21.1,30,4.4,65
名古屋,2023-10-17,21.0,0,5.8,53
名古屋,2023-10-18,20.5,0,1.9,50
名古屋,2023-10-19,21.8,0,1.2,62
名古屋,2023-10-20,21.8,50,2.6,72
名古屋,2023-10-21,15.8,0,7.5,60
名古屋,2023-10-22,16.6,0,3.0,54
名古屋,2023-10-23,19.3,0,2.2,60
名古屋,2023-10-24,19.6,0,1.5,61
名古屋,2023-10-25,19.6,0,3.5,57
名古屋,2023-10-26,20.2,0,3.9,54
名古屋,2023-10-27,18.3,10,1.8,66
名古屋,2023-10-28,18.3,30,7.0,64
名古屋,2023-10-29,17.9,0,7.5,52
名古屋,2023-10-30,19.0,0,2.4,47
名古屋,2023-10-31,19.2,0,2.1,55
名古屋,2023-11-01,20.0,0,1.9,52
名古屋,2023-11-02,21.3,0,3.3,60
名古屋,2023-11-03,21.7,0,0.9,60
名古屋,2023-11-04,21.9,0,1.6,65
名古屋,2023-11-05,22.3,0,3.5,61
名古屋,2023-11-06,24.0,10,10.2,63
名古屋,2023-11-07,18.8,0,7.3,59
名古屋,2023-11-08,18.2,0,2.4,56
名古屋,2023-11-09,19.1,20,1.8,70
名古屋,2023-11-10,17.4,100,2.3,91
名古屋,2023-11-11,14.8,0,6.4,53
名古屋,2023-11-12,13.3,30,2.0,69
名古屋,2023-11-13,11.5,0,8.0,52
名古屋,2023-11-14,12.8,0,4.2,65
名古屋,2023-11-15,13.0,0,2.2,68
名古屋,2023-11-16,14.2,0,1.5,65
名古屋,2023-11-17,13.4,50,4.9,80
名古屋,2023-11-18,8.3,30,4.9,63
名古屋,2023-11-19,12.7,0,3.4,67
名古屋,2023-11-20,12.7,10,8.3,62
名古屋,2023-11-21,12.8,0,2.2,66
名古屋,2023-11-22,16.0,0,1.9,65
名古屋,2023-11-23,15.3,0,1.3,74
名古屋,2023-11-24,14.3,10,7.8,64
名古屋,2023-11-25,10.6,0,6.4,53
名古屋,2023-11-26,11.2,0,2.8,58
名古屋,2023-11-27,13.5,0,1.5,68
名古屋,2023-11-28,12.9,20,6.5,64
名古屋,2023-11-29,10.6,0,2.5,62
名古屋,2023-11-30,9.6,30,6.2,65
名古屋,2023-12-01,7.9,20,2.6,69
名古屋,2023-12-02,8.9,10,4.0,66
名古屋,2023-12-03,9.3,20,4.0,66
名古屋,2023-12-04,10.0,0,3.2,59
名古屋,2023-12-05,9.1,0,1.6,65
名古屋,2023-12-06,13.0,0,2.4,60
名古屋,2023-12-07,11.6,20,5.9,64
名古屋,2023-12-08,12.4,0,2.0,60
名古屋,2023-12-09,13.8,0,1.9,60
名古屋,2023-12-10,16.2,0,3.2,66
名古屋,2023-12-11,15.0,0,1.9,65
名古屋,2023-12-12,15.6,10,5.7,80
名古屋,2023-12-13,11.6,0,6.5,54
名古屋,2023-12-14,12.9,0,1.4,56
名古屋,2023-12-15,11.3,20,1.6,93
名古屋,2023-12-16,16.4,50,2.9,82
名古屋,2023-12-17,5.0,10,8.6,56
名古屋,2023-12-18,6.3,20,5.8,61
名古屋,2023-12-19,6.8,30,1.0,72
名古屋,2023-12-20,8.6,0,6.3,67
名古屋,2023-12-21,5.0,10,6.0,49
名古屋,2023-12-22,3.8,0,5.2,46
名古屋,2023-12-23,3.7,0,2.8,77
名古屋,2023-12-24,6.8,0,1.4,63
名古屋,2023-12-25,7.1,0,3.3,65
名古屋,2023-12-26,7.4,0,2.7,63
名古屋,2023-12-27,10.3,0,5.5,56
名古屋,2023-12-28,9.3,0,1.6,55
名古屋,2023-12-29,10.4,0,5.4,61
名古屋,2023-12-30,9.6,0,1.2,59
名古屋,2023-12-31,10.9,20,2.3,86
名古屋,2024-01-01,9.0,0,6.9,52
名古屋,2024-01-02,9.6,0,2.8,58
名古屋,2024-01-03,9.7,20,1.2,70
名古屋,2024-01-04,10.6,0,6.8,55
名古屋,2024-01-05,9.0,0,1.8,60
名古屋,2024-01-06,11.1,20,1.6,71
名古屋,2024-01-07,7.0,40,7.4,59
名古屋,2024-01-08,5.2,0,7.1,49
名古屋,2024-01-09,6.0,0,1.5,61
名古屋,2024-01-10,6.2,10,3.4,77
名古屋,2024-01-11,6.7,0,3.3,59
名古屋,2024-01-12,8.2,0,2.7,66
名古屋,2024-01-13,5.8,50,7.1,73
名古屋,2024-01-14,5.8,0,2.3,50
名古屋,2024-01-15,5.9,0,9.2,56
名古屋,2024-01-16,4.0,0,9.7,52
名古屋,2024-01-17,8.0,0,1.9,52
名古屋,2024-01-18,7.7,100,2.4,87
名古屋,2024-01-19,11.7,0,3.4,68
名古屋,2024-01-20,8.8,100,1.7,88
名古屋,2024-01-21,11.5,40,6.7,78
名古屋,2024-01-22,10.8,0,2.4,67
名古屋,2024-01-23,5.5,0,7.3,55
名古屋,2024-01-24,1.0,100,6.1,72
名古屋,2024-01-25,4.0,30,8.1,53
名古屋,2024-01-26,5.3,0,8.7,57
名古屋,2024-01-27,7.5,0,7.5,52
名古屋,2024-01-28,6.9,0,4.5,65
名古屋,2024-01-29,7.9,0,4.1,55
名古屋,2024-01-30,9.3,0,3.0,56
名古屋,2024-01-31,8.4,40,2.3,74
名古屋,2024-02-01,10.9,0,7.7,60
名古屋,2024-02-02,6.1,0,6.7,45
名古屋,2024-02-03,8.4,0,4.2,47
名古屋,2024-02-04,9.4,0,4.3,60
名古屋,2024-02-05,4.9,100,4.3,87
名古屋,2024-02-06,7.9,0,8.0,57
名古屋,2024-02-07,8.0,0,5.5,60
名古屋,2024-02-08,7.4,0,6.7,53
名古屋,2024-02-09,8.4,0,3.0,50
名古屋,2024-02-10,8.4,30,4.5,60
名古屋,2024-02-11,8.0,0,4.6,55
名古屋,2024-02-12,8.6,0,5.7,55
名古屋,2024-02-13,10.4,0,1.6,56
名古屋,2024-02-14,14.2,0,1.6,61
名古屋,2024-02-15,13.8,60,3.4,80
名古屋,2024-02-16,9.3,0,8.0,50
名古屋,2024-02-17,12.0,10,1.8,58
名古屋,2024-02-18,13.7,60,2.6,78
名古屋,2024-02-19,15.7,100,7.4,88
名古屋,2024-02-20,17.7,0,6.0,74
名古屋,2024-02-21,12.8,100,2.1,94
名古屋,2024-02-22,9.9,20,4.8,74
名古屋,2024-02-23,5.9,70,5.1,74
名古屋,2024-02-24,9.0,0,3.4,51
名古屋,2024-02-25,7.0,100,4.0,86
名古屋,2024-02-26,9.7,0,9.6,46
名古屋,2024-02-27,7.8,0,9.6,44
名古屋,2024-02-28,9.7,0,7.0,48
名古屋,2024-02-29,7.4,30,1.8,62
名古屋,2024-03-01,10.6,0,9.4,59
名古屋,2024-03-02,5.0,0,8.2,47
名古屋,2024-03-03,7.6,0,3.9,51
名古屋,2024-03-04,9.9,30,5.7,57
名古屋,2024-03-05,6.0,100,2.2,78
名古屋,2024-03-06,10.4,20,5.5,70
名古屋,2024-03-07,9.5,0,4.1,49
名古屋,2024-03-08,9.4,20,7.3,50
名古屋,2024-03-09,5.9,30,9.2,45
名古屋,2024-03-10,7.5,0,7.3,46
名古屋,2024-03-11,10.0,0,2.5,51
名古屋,2024-03-12,9.4,90,4.9,88
名古屋,2024-03-13,9.4,0,9.8,48
名古屋,2024-03-14,11.2,20,3.6,53
名古屋,2024-03-15,14.0,0,3.8,49
名古屋,2024-03-16,16.6,0,4.1,45
名古屋,2024-03-17,12.8,40,2.1,76
名古屋,2024-03-18,7.7,0,11.1,42
名古屋,2024-03-19,9.8,0,1.9,40
名古屋,2024-03-20,7.9,50,9.7,64
名古屋,2024-03-21,6.5,10,7.7,41
名古屋,2024-03-22,8.6,0,5.7,44
名古屋,2024-03-23,7.7,80,3.0,91
名古屋,2024-03-24,9.2,50,1.6,82
名古屋,2024-03-25,11.8,60,1.7,88
名古屋,2024-03-26,12.0,80,5.6,86
名古屋,2024-03-27,13.3,0,6.6,46
名古屋,2024-03-28,13.3,30,5.6,71
名古屋,2024-03-29,19.2,20,4.1,64
名古屋,2024-03-30,18.5,0,4.1,54
名古屋,2024-03-31,20.1,0,1.7,57
名古屋,2024-04-01,16.6,0,7.9,41
名古屋,2024-04-02,17.4,0,1.8,42
名古屋,2024-04-03,14.3,100,2.8,86
名古屋,2024-04-04,19.0,0,8.4,62
名古屋,2024-04-05,14.0,50,1.9,67
名古屋,2024-04-06,18.2,0,2.3,65
名古屋,2024-04-07,20.9,0,2.3,58
名古屋,2024-04-08,19.1,30,2.1,76
名古屋,2024-04-09,14.4,20,10.9,64
名古屋,2024-04-10,15.0,0,4.0,53
名古屋,2024-04-11,16.9,0,4.7,50
名古屋,2024-04-12,19.0,0,2.7,55
名古屋,2024-04-13,20.5,0,3.2,56
名古屋,2024-04-14,20.8,0,2.9,60
名古屋,2024-04-15,20.0,0,5.7,63
名古屋,2024-04-16,19.7,20,7.6,64
名古屋,2024-04-17,21.5,20,5.2,49
名古屋,2024-04-18,18.9,30,1.7,60
名古屋,2024-04-19,19.4,0,9.3,43
名古屋,2024-04-20,22.9,0,3.2,39
名古屋,2024-04-21,18.5,60,1.9,69
名古屋,2024-04-22,21.2,0,3.4,72
名古屋,2024-04-23,18.1,10,4.1,76
名古屋,2024-04-24,18.8,30,3.0,72
名古屋,2024-04-25,20.8,0,7.8,53
名古屋,2024-04-26,21.2,0,2.8,65
名古屋,2024-04-27,20.5,40,2.2,70
名古屋,2024-04-28,24.2,0,3.4,53
名古屋,2024-04-29,21.6,30,5.5,74
名古屋,2024-04-30,21.5,20,3.1,76
名古屋,2024-05-01,16.3,100,5.5,81
名古屋,2024-05-02,18.3,0,2.5,55
名古屋,2024-05-03,21.1,0,2.0,53
名古屋,2024-05-04,23.3,0,4.1,53
名古屋,2024-05-05,22.6,0,5.4,52
名古屋,2024-05-06,20.2,50,7.9,72
名古屋,2024-05-07,21.5,50,5.5,77
名古屋,2024-05-08,18.3,0,8.8,56
名古屋,2024-05-09,16.6,0,9.3,48
名古屋,2024-05-10,20.4,0,3.0,52
名古屋,2024-05-11,21.6,0,6.4,59
名古屋,2024-05-12,21.3,30,8.1,68
名古屋,2024-05-13,16.2,80,5.9,83
名古屋,2024-05-14,21.0,0,3.0,63
名古屋,2024-05-15,21.7,20,2.6,64
名古屋,2024-05-16,20.6,50,5.9,60
名古屋,2024-05-17,21.4,0,4.5,44
名古屋,2024-05-18,25.2,0,2.1,40
名古屋,2024-05-19,18.0,70,2.3,72
名古屋,2024-05-20,23.0,0,4.9,62
名古屋,2024-05-21,22.9,0,8.4,61
名古屋,2024-05-22,22.0,0,4.0,66
名古屋,2024-05-23,23.3,0,3.0,69
名古屋,2024-05-24,26.4,0,6.4,56
名古屋,2024-05-25,23.2,0,6.4,44
名古屋,2024-05-26,23.2,0,5.3,59
名古屋,2024-05-27,22.0,70,7.1,87
名古屋,2024-05-28,22.1,100,9.3,94
名古屋,2024-05-29,21.1,0,8.4,58
名古屋,2024-05-30,23.3,0,3.3,69
名古屋,2024-05-31,19.7,50,3.2,83
名古屋,2024-06-01,23.7,0,3.4,56
名古屋,2024-06-02,20.6,100,2.2,80
名古屋,2024-06-03,22.5,0,4.3,53
名古屋,2024-06-04,23.1,0,4.3,53
名古屋,2024-06-05,24.3,0,3.4,54
名古屋,2024-06-06,23.9,0,3.5,60
名古屋,2024-06-07,24.4,10,4.4,58
名古屋,2024-06-08,24.4,0,5.3,58
名古屋,2024-06-09,21.7,90,5.3,76
名古屋,2024-06-10,24.7,0,3.2,66
名古屋,2024-06-11,26.7,0,2.6,62
名古屋,2024-06-12,26.3,0,4.0,63
名古屋,2024-06-13,26.5,20,2.7,65
名古屋,2024-06-14,28.8,0,2.9,55
名古屋,2024-06-15,26.3,0,6.3,58
名古屋,2024-06-16,27.8,40,2.6,62
名古屋,2024-06-17,26.6,20,2.1,52
名古屋,2024-06-18,21.0,80,3.1,83
名古屋,2024-06-19,27.4,0,3.0,53
名古屋,2024-06-20,24.8,0,3.5,71
名古屋,2024-06-21,23.3,30,3.6,74
名古屋,2024-06-22,26.2,10,6.1,71
名古屋,2024-06-23,26.1,90,2.1,89
名古屋,2024-06-24,28.8,40,2.9,69
名古屋,2024-06-25,27.4,30,1.5,73
名古屋,2024-06-26,26.5,0,5.4,54
名古屋,2024-06-27,26.6,0,2.0,54
名古屋,2024-06-28,23.6,100,3.5,92
名古屋,2024-06-29,28.6,50,2.5,67
名古屋,2024-06-30,25.6,100,4.8,88
名古屋,2024-07-01,26.1,100,2.4,86
名古屋,2024-07-02,27.1,40,2.2,79
名古屋,2024-07-03,31.0,0,2.0,68
名古屋,2024-07-04,31.0,30,5.4,64
名古屋,2024-07-05,32.3,0,1.8,62
名古屋,2024-07-06,32.0,10,3.5,62
名古屋,2024-07-07,33.4,0,2.2,55
名古屋,2024-07-08,32.9,0,3.2,56
名古屋,2024-07-09,29.4,10,2.9,73
名古屋,2024-07-10,28.7,60,3.0,76
名古屋,2024-07-11,26.2,80,1.6,84
名古屋,2024-07-12,24.4,70,3.6,81
名古屋,2024-07-13,26.9,0,3.5,71
名古屋,2024-07-14,27.4,80,2.0,82
名古屋,2024-07-15,27.9,70,2.3,79
名古屋,2024-07-16,26.6,100,4.1,84
名古屋,2024-07-17,29.1,40,3.3,74
名古屋,2024-07-18,31.7,0,2.4,62
名古屋,2024-07-19,31.2,30,3.3,70
名古屋,2024-07-20,31.8,50,3.7,66
名古屋,2024-07-21,33.0,0,1.8,60
名古屋,2024-07-22,33.0,10,3.1,58
名古屋,2024-07-23,33.3,0,1.7,56
名古屋,2024-07-24,30.4,10,3.4,70
名古屋,2024-07-25,30.7,30,1.8,67
名古屋,2024-07-26,31.6,20,2.4,67
名古屋,2024-07-27,33.0,10,2.7,64
名古屋,2024-07-28,33.2,0,6.8,58
名古屋,2024-07-29,32.6,0,6.8,57
名古屋,2024-07-30,32.0,0,7.4,65
名古屋,2024-07-31,32.3,0,8.9,51
名古屋,2024-08-01,33.4,0,3.1,46
名古屋,2024-08-02,33.4,0,3.6,53
名古屋,2024-08-03,34.0,0,4.0,52
名古屋,2024-08-04,34.5,30,2.2,51
名古屋,2024-08-05,34.2,30,3.2,53
名古屋,2024-08-06,32.7,20,2.7,58
名古屋,2024-08-07,33.9,20,3.2,49
名古屋,2024-08-08,34.9,0,2.7,44
名古屋,2024-08-09,35.7,20,4.7,42
名古屋,2024-08-10,35.2,0,4.6,42
名古屋,2024-08-11,35.4,0,5.1,43
名古屋,2024-08-12,35.7,0,3.0,40
名古屋,2024-08-13,35.3,0,3.9,42
名古屋,2024-08-14,34.5,20,3.5,46
名古屋,2024-08-15,32.9,80,2.3,58
名古屋,2024-08-16,33.3,0,7.4,60
名古屋,2024-08-17,34.5,0,5.7,53
名古屋,2024-08-18,34.1,0,2.9,51
名古屋,2024-08-19,31.7,50,2.2,64
名古屋,2024-08-20,29.4,10,2.2,69
名古屋,2024-08-21,32.4,0,3.4,59
名古屋,2024-08-22,31.7,20,4.0,65
名古屋,2024-08-23,31.4,40,3.6,69
名古屋,2024-08-24,31.7,30,2.5,66
名古屋,2024-08-25,29.7,40,2.7,73
名古屋,2024-08-26,30.7,10,5.8,63
名古屋,2024-08-27,27.4,60,6.8,80
名古屋,2024-08-28,27.6,10,3.9,77
名古屋,2024-08-29,25.8,100,3.3,88
名古屋,2024-08-30,28.3,100,7.6,82
名古屋,2024-08-31,26.1,100,4.1,89
名古屋,2024-09-01,29.1,70,4.7,75
名古屋,2024-09-02,29.2,70,3.7,76
名古屋,2024-09-03,28.9,0,3.1,67
名古屋,2024-09-04,28.8,30,2.6,65
名古屋,2024-09-05,29.8,0,2.1,62
名古屋,2024-09-06,30.9,0,2.3,59
名古屋,2024-09-07,31.5,0,1.7,55
名古屋,2024-09-08,31.4,0,1.7,60
名古屋,2024-09-09,30.4,10,3.5,64
名古屋,2024-09-10,29.3,60,4.2,74
名古屋,2024-09-11,30.5,40,2.2,70
名古屋,2024-09-12,30.7,20,2.7,68
名古屋,2024-09-13,30.2,40,3.1,68
名古屋,2024-09-14,30.3,30,5.0,68
名古屋,2024-09-15,29.2,50,3.5,76
名古屋,2024-09-16,30.5,20,3.1,70
名古屋,2024-09-17,30.6,0,2.0,68
名古屋,2024-09-18,31.4,20,1.9,69
名古屋,2024-09-19,30.9,20,2.2,71
名古屋,2024-09-20,32.6,0,2.0,59
名古屋,2024-09-21,30.9,50,1.8,65
名古屋,2024-09-22,27.6,50,5.2,73
名古屋,2024-09-23,27.8,0,3.9,50
名古屋,2024-09-24,25.8,10,3.1,60
名古屋,2024-09-25,26.6,0,1.5,53
名古屋,2024-09-26,28.5,0,3.2,56
名古屋,2024-09-27,27.4,0,2.9,71
名古屋,2024-09-28,26.2,0,2.7,76
名古屋,2024-09-29,24.0,70,2.2,80
名古屋,2024-09-30,26.0,20,2.5,67
名古屋,2024-10-01,28.7,0,4.3,54
名古屋,2024-10-02,28.6,0,1.5,53
名古屋,2024-10-03,24.8,90,7.1,83
名古屋,2024-10-04,24.6,100,3.5,85
名古屋,2024-10-05,25.2,10,2.2,72
名古屋,2024-10-06,25.2,50,2.3,77
名古屋,2024-10-07,24.9,100,2.6,85
名古屋,2024-10-08,23.4,30,3.3,78
名古屋,2024-10-09,21.4,30,1.7,73
名古屋,2024-10-10,22.2,0,1.6,62
名古屋,2024-10-11,22.5,0,3.7,57
名古屋,2024-10-12,23.0,0,2.0,59
名古屋,2024-10-13,23.4,0,2.4,58
名古屋,2024-10-14,23.3,0,1.7,64
名古屋,2024-10-15,21.1,10,2.1,79
名古屋,2024-10-16,24.6,20,1.8,78
名古屋,2024-10-17,25.2,0,2.3,66
名古屋,2024-10-18,24.2,50,2.5,78
名古屋,2024-10-19,24.8,90,1.7,82
名古屋,2024-10-20,19.9,0,5.1,55
名古屋,2024-10-21,19.7,0,2.8,60
名古屋,2024-10-22,20.9,0,1.2,61
名古屋,2024-10-23,23.7,100,6.2,88
名古屋,2024-10-24,21.7,0,3.2,68
名古屋,2024-10-25,22.5,0,1.8,60
名古屋,2024-10-26,21.6,0,2.0,79
名古屋,2024-10-27,21.7,20,1.8,79
名古屋,2024-10-28,20.0,0,6.5,69
名古屋,2024-10-29,17.7,70,1.6,84
名古屋,2024-10-30,19.7,0,9.4,62
名古屋,2024-10-31,19.4,0,1.4,61
名古屋,2024-11-01,20.2,50,1.9,82
名古屋,2024-11-02,19.9,80,3.7,92
名古屋,2024-11-03,20.0,0,5.3,57
名古屋,2024-11-04,20.3,10,1.5,74
名古屋,2024-11-05,19.9,10,3.5,67
名古屋,2024-11-06,17.8,30,5.5,62
名古屋,2024-11-07,13.2,0,8.4,53
名古屋,2024-11-08,13.7,0,2.3,61
名古屋,2024-11-09,16.1,0,1.1,55
名古屋,2024-11-10,16.4,10,1.9,67
名古屋,2024-11-11,20.2,0,6.6,66
名古屋,2024-11-12,19.6,0,0.9,70
名古屋,2024-11-13,18.8,0,1.7,55
名古屋,2024-11-14,14.7,30,0.6,84
名古屋,2024-11-15,18.6,0,1.5,82
名古屋,2024-11-16,17.8,40,0.7,86
名古屋,2024-11-17,21.2,0,1.2,73
名古屋,2024-11-18,15.0,0,4.6,48
名古屋,2024-11-19,11.5,0,2.7,48
名古屋,2024-11-20,11.5,10,1.0,78
名古屋,2024-11-21,14.8,0,3.6,60
名古屋,2024-11-22,14.2,10,2.2,66
名古屋,2024-11-23,12.0,0,5.1,48
名古屋,2024-11-24,12.8,0,3.5,50
名古屋,2024-11-25,12.6,0,1.2,51
名古屋,2024-11-26,15.8,50,4.9,66
名古屋,2024-11-27,13.8,0,2.0,66
名古屋,2024-11-28,11.5,10,2.6,51
名古屋,2024-11-29,10.0,30,3.0,64
名古屋,2024-11-30,9.6,0,2.0,71
名古屋,2024-12-01,12.2,0,2.4,68
名古屋,2024-12-02,12.8,0,0.8,70
名古屋,2024-12-03,13.9,0,0.7,69
名古屋,2024-12-04,12.0,0,5.2,54
名古屋,2024-12-05,10.6,0,2.6,60
名古屋,2024-12-06,9.9,20,2.2,68
名古屋,2024-12-07,9.0,40,2.9,65
名古屋,2024-12-08,8.0,0,4.5,57
名古屋,2024-12-09,8.7,0,3.7,55
名古屋,2024-12-10,9.5,0,2.6,63
名古屋,2024-12-11,9.5,0,1.8,73
名古屋,2024-12-12,7.8,0,3.9,41
名古屋,2024-12-13,7.7,0,0.8,60
名古屋,2024-12-14,8.2,0,3.8,44
名古屋,2024-12-15,7.6,0,2.5,55
名古屋,2024-12-16,8.1,40,2.1,68
名古屋,2024-12-17,8.6,0,2.0,60
名古屋,2024-12-18,7.5,0,2.2,62
名古屋,2024-12-19,6.8,0,4.9,45
名古屋,2024-12-20,6.9,0,1.3,56
名古屋,2024-12-21,4.1,0,1.0,71
名古屋,2024-12-22,6.1,0,4.9,53
名古屋,2024-12-23,6.0,10,2.3,66
名古屋,2024-12-24,7.5,20,4.1,56
名古屋,2024-12-25,7.4,0,0.9,54
名古屋,2024-12-26,9.4,0,2.4,64
名古屋,2024-12-27,7.7,20,6.0,55
名古屋,2024-12-28,6.7,20,3.3,47
名古屋,2024-12-29,6.0,20,2.8,63
名古屋,2024-12-30,6.6,0,0.8,62
名古屋,2024-12-31,8.2,10,2.8,64
大阪,2019-01-01,7.0,10,3.3,68
大阪,2019-01-02,6.8,20,4.3,65
大阪,2019-01-03,7.0,30,4.5,64
大阪,2019-01-04,7.2,0,1.8,68
大阪,2019-01-05,9.4,20,3.0,72
大阪,2019-01-06,6.5,0,4.8,60
大阪,2019-01-07,7.0,0,2.9,62
大阪,2019-01-08,8.7,0,4.0,64
大阪,2019-01-09,5.6,0,6.4,53
大阪,2019-01-10,5.3,0,2.7,71
大阪,2019-01-11,9.6,0,4.5,59
大阪,2019-01-12,6.1,0,1.5,69
大阪,2019-01-13,8.0,0,2.9,66
大阪,2019-01-14,7.9,0,2.1,69
大阪,2019-01-15,7.1,50,2.4,80
大阪,2019-01-16,7.0,20,5.6,68
大阪,2019-01-17,7.9,0,6.2,52
大阪,2019-01-18,7.0,0,4.5,64
大阪,2019-01-19,8.2,0,3.2,70
大阪,2019-01-20,9.0,60,3.9,79
大阪,2019-01-21,8.1,0,5.3,58
大阪,2019-01-22,8.3,0,4.7,59
大阪,2019-01-23,9.9,0,6.1,63
大阪,2019-01-24,6.3,0,5.7,51
大阪,2019-01-25,7.1,0,2.6,60
大阪,2019-01-26,4.2,20,7.2,55
大阪,2019-01-27,6.6,0,5.5,55
大阪,2019-01-28,8.4,20,6.5,70
大阪,2019-01-29,6.6,0,5.3,52
大阪,2019-01-30,6.5,0,1.9,61
大阪,2019-01-31,6.3,90,2.3,87
大阪,2019-02-01,5.6,0,5.4,54
大阪,2019-02-02,7.7,0,4.5,63
大阪,2019-02-03,9.2,40,2.0,76
大阪,2019-02-04,11.0,10,6.0,68
大阪,2019-02-05,9.6,0,1.1,58
大阪,2019-02-06,8.5,50,1.8,79
大阪,2019-02-07,9.9,0,2.9,86
大阪,2019-02-08,6.0,0,6.1,62
大阪,2019-02-09,5.6,0,3.7,64
大阪,2019-02-10,5.1,0,5.8,48
大阪,2019-02-11,3.8,60,2.4,78
大阪,2019-02-12,7.6,0,5.0,59
大阪,2019-02-13,7.6,0,3.7,66
大阪,2019-02-14,5.6,0,5.3,54
大阪,2019-02-15,5.4,10,1.7,62
大阪,2019-02-16,9.3,20,5.7,65
大阪,2019-02-17,7.0,20,2.7,60
大阪,2019-02-18,8.8,0,1.6,61
大阪,2019-02-19,11.1,100,4.3,85
大阪,2019-02-20,13.2,50,3.9,76
大阪,2019-02-21,9.4,0,5.8,50
大阪,2019-02-22,10.1,0,1.2,57
大阪,2019-02-23,10.0,10,7.0,47
大阪,2019-02-24,9.2,0,1.9,60
大阪,2019-02-25,11.4,0,3.0,66
大阪,2019-02-26,11.1,0,4.4,48
大阪,2019-02-27,8.8,0,2.8,56
大阪,2019-02-28,10.2,70,4.6,82
大阪,2019-03-01,11.4,0,4.0,67
大阪,2019-03-02,10.8,0,2.0,60
大阪,2019-03-03,9.8,70,4.4,72
大阪,2019-03-04,10.7,50,5.0,75
大阪,2019-03-05,12.0,0,3.8,58
大阪,2019-03-06,12.8,30,3.0,59
大阪,2019-03-07,10.3,50,5.8,69
大阪,2019-03-08,10.0,0,5.6,45
大阪,2019-03-09,11.0,0,3.6,60
大阪,2019-03-10,12.0,100,6.8,80
大阪,2019-03-11,13.6,50,7.0,66
大阪,2019-03-12,12.2,10,6.5,69
大阪,2019-03-13,9.7,30,8.6,47
大阪,2019-03-14,8.3,20,1.8,65
大阪,2019-03-15,10.9,0,3.0,50
大阪,2019-03-16,9.5,40,5.2,63
大阪,2019-03-17,9.7,30,5.7,65
大阪,2019-03-18,9.7,0,2.2,48
大阪,2019-03-19,11.7,70,4.8,75
大阪,2019-03-20,13.7,0,2.3,64
大阪,2019-03-21,19.0,10,5.4,77
大阪,2019-03-22,12.0,0,7.0,58
大阪,2019-03-23,9.6,0,4.1,46
大阪,2019-03-24,9.2,10,4.4,59
大阪,2019-03-25,11.7,0,3.3,57
大阪,2019-03-26,13.8,10,5.4,61
大阪,2019-03-27,15.3,0,7.5,54
大阪,2019-03-28,13.6,0,6.1,60
大阪,2019-03-29,13.6,0,2.1,45
大阪,2019-03-30,15.1,80,5.0,69
大阪,2019-03-31,11.7,0,7.9,43
大阪,2019-04-01,10.1,30,5.8,54
大阪,2019-04-02,9.5,30,5.9,52
大阪,2019-04-03,10.5,30,4.0,45
大阪,2019-04-04,12.4,0,5.4,55
大阪,2019-04-05,15.4,0,5.4,52
大阪,2019-04-06,16.8,0,4.2,58
大阪,2019-04-07,17.2,0,4.1,54
大阪,2019-04-08,15.7,10,6.2,63
大阪,2019-04-09,13.7,0,4.7,40
大阪,2019-04-10,10.5,90,8.5,82
大阪,2019-04-11,12.5,0,7.1,48
大阪,2019-04-12,13.7,0,4.0,42
大阪,2019-04-13,13.9,0,2.9,44
大阪,2019-04-14,15.5,80,1.1,71
大阪,2019-04-15,15.4,0,6.7,44
大阪,2019-04-16,15.9,0,1.6,47
大阪,2019-04-17,17.8,40,3.4,61
大阪,2019-04-18,17.6,0,4.4,67
大阪,2019-04-19,17.6,0,4.7,66
大阪,2019-04-20,17.7,0,1.8,47
大阪,2019-04-21,20.2,0,4.1,76
大阪,2019-04-22,22.6,0,4.0,51
大阪,2019-04-23,21.8,10,3.4,63
大阪,2019-04-24,21.8,70,3.7,72
大阪,2019-04-25,21.3,20,4.2,79
大阪,2019-04-26,19.2,50,4.4,72
大阪,2019-04-27,13.0,0,9.4,46
大阪,2019-04-28,14.0,0,1.5,61
大阪,2019-04-29,16.1,20,3.3,62
大阪,2019-04-30,19.3,50,6.0,78
大阪,2019-05-01,17.8,80,2.4,82
大阪,2019-05-02,19.2,0,4.6,60
大阪,2019-05-03,21.6,0,2.2,58
大阪,2019-05-04,21.8,0,2.8,51
大阪,2019-05-05,20.6,0,2.8,53
大阪,2019-05-06,20.4,10,6.7,66
大阪,2019-05-07,16.3,0,5.2,36
大阪,2019-05-08,17.7,0,3.7,35
大阪,2019-05-09,18.6,0,3.3,62
大阪,2019-05-10,20.9,0,2.6,63
大阪,2019-05-11,24.5,0,2.6,42
大阪,2019-05-12,22.6,0,2.7,50
大阪,2019-05-13,22.5,0,5.1,61
大阪,2019-05-14,21.6,40,1.5,62
大阪,2019-05-15,23.8,0,5.8,51
大阪,2019-05-16,24.7,0,3.0,48
大阪,2019-05-17,23.9,30,2.3,56
大阪,2019-05-18,23.0,0,7.2,49
大阪,2019-05-19,24.8,0,7.7,43
大阪,2019-05-20,24.6,30,6.7,52
大阪,2019-05-21,22.5,0,3.7,53
大阪,2019-05-22,21.2,0,4.0,44
大阪,2019-05-23,23.3,0,3.7,40
大阪,2019-05-24,23.3,0,3.6,53
大阪,2019-05-25,26.0,0,3.2,49
大阪,2019-05-26,24.8,0,3.8,65
大阪,2019-05-27,25.1,0,5.6,55
大阪,2019-05-28,22.6,100,1.3,82
大阪,2019-05-29,21.0,0,4.8,60
大阪,2019-05-30,23.5,0,3.3,42
大阪,2019-05-31,22.1,30,2.2,59
大阪,2019-06-01,23.2,0,3.9,61
大阪,2019-06-02,22.4,20,2.2,65
大阪,2019-06-03,24.9,0,3.9,62
大阪,2019-06-04,25.0,0,4.5,69
大阪,2019-06-05,25.4,0,3.8,66
大阪,2019-06-06,25.8,0,3.6,54
大阪,2019-06-07,22.5,100,4.3,84
大阪,2019-06-08,23.6,30,6.2,68
大阪,2019-06-09,24.2,20,4.9,62
大阪,2019-06-10,23.1,50,2.3,72
大阪,2019-06-11,23.4,10,3.2,68
大阪,2019-06-12,23.4,10,3.3,62
大阪,2019-06-13,24.8,0,3.5,57
大阪,2019-06-14,25.7,40,6.6,63
大阪,2019-06-15,22.9,80,10.4,69
大阪,2019-06-16,22.8,80,6.5,64
大阪,2019-06-17,22.0,0,4.7,63
大阪,2019-06-18,23.5,0,3.6,64
大阪,2019-06-19,24.9,0,3.5,69
大阪,2019-06-20,25.8,0,3.5,66
大阪,2019-06-21,25.7,20,4.7,70
大阪,2019-06-22,27.4,10,3.6,58
大阪,2019-06-23,25.9,0,3.3,59
大阪,2019-06-24,25.0,10,4.7,60
大阪,2019-06-25,26.6,0,3.6,55
大阪,2019-06-26,26.5,10,3.3,62
大阪,2019-06-27,26.0,100,2.6,82
大阪,2019-06-28,27.0,10,6.4,78
大阪,2019-06-29,27.3,10,5.7,79
大阪,2019-06-30,26.6,70,8.5,88
大阪,2019-07-01,24.9,30,4.2,85
大阪,2019-07-02,24.4,10,2.9,82
大阪,2019-07-03,25.2,60,2.0,81
大阪,2019-07-04,26.2,0,4.3,76
大阪,2019-07-05,26.7,20,7.4,68
大阪,2019-07-06,26.3,0,6.8,66
大阪,2019-07-07,27.4,0,3.5,64
大阪,2019-07-08,27.3,0,4.0,68
大阪,2019-07-09,27.1,70,3.8,67
大阪,2019-07-10,27.3,0,4.2,63
大阪,2019-07-11,24.7,100,6.2,82
大阪,2019-07-12,26.2,0,5.0,74
大阪,2019-07-13,24.6,60,1.9,80
大阪,2019-07-14,24.7,60,2.1,82
大阪,2019-07-15,28.6,20,3.6,63
大阪,2019-07-16,28.2,10,2.7,70
大阪,2019-07-17,27.2,0,3.9,78
大阪,2019-07-18,27.6,80,2.7,81
大阪,2019-07-19,26.1,100,1.6,81
大阪,2019-07-20,28.9,0,2.5,77
大阪,2019-07-21,29.5,10,4.6,72
大阪,2019-07-22,28.1,70,5.5,80
大阪,2019-07-23,28.1,40,4.5,81
大阪,2019-07-24,29.5,10,3.7,73
大阪,2019-07-25,29.6,20,3.7,72
大阪,2019-07-26,31.3,30,3.8,60
大阪,2019-07-27,27.1,100,5.6,84
大阪,2019-07-28,29.7,0,4.4,77
大阪,2019-07-29,30.3,0,3.2,72
大阪,2019-07-30,30.4,0,4.3,74
大阪,2019-07-31,31.2,0,3.8,68
大阪,2019-08-01,31.6,0,3.0,67
大阪,2019-08-02,32.0,0,2.8,67
大阪,2019-08-03,30.7,0,4.1,73
大阪,2019-08-04,30.8,0,4.1,69
大阪,2019-08-05,32.9,0,7.5,54
大阪,2019-08-06,32.5,10,4.5,63
大阪,2019-08-07,31.6,0,5.2,65
大阪,2019-08-08,31.2,10,4.9,64
大阪,2019-08-09,31.0,0,5.3,64
大阪,2019-08-10,32.6,0,4.7,58
大阪,2019-08-11,33.4,0,4.7,52
大阪,2019-08-12,35.1,10,7.2,46
大阪,2019-08-13,34.6,0,8.7,50
大阪,2019-08-14,32.4,80,10.5,62
大阪,2019-08-15,30.6,100,7.6,72
大阪,2019-08-16,30.1,10,9.3,75
大阪,2019-08-17,30.6,20,3.9,69
大阪,2019-08-18,29.8,0,3.4,69
大阪,2019-08-19,28.9,50,3.6,76
大阪,2019-08-20,29.2,40,3.6,82
大阪,2019-08-21,29.8,0,5.1,78
大阪,2019-08-22,30.0,0,5.4,72
大阪,2019-08-23,27.3,90,6.6,83
大阪,2019-08-24,27.3,60,6.1,75
大阪,2019-08-25,27.4,20,4.7,66
大阪,2019-08-26,27.7,0,2.3,64
大阪,2019-08-27,26.8,60,1.7,74
大阪,2019-08-28,27.2,100,9.3,80
大阪,2019-08-29,29.8,0,6.8,72
大阪,2019-08-30,27.2,60,5.6,83
大阪,2019-08-31,26.0,50,3.6,70
大阪,2019-09-01,27.8,10,1.9,68
大阪,2019-09-02,29.1,0,3.2,74
大阪,2019-09-03,29.2,0,3.3,68
大阪,2019-09-04,30.0,40,2.7,68
大阪,2019-09-05,29.2,50,2.2,75
大阪,2019-09-06,31.4,0,3.1,62
大阪,2019-09-07,31.8,0,5.8,57
大阪,2019-09-08,32.3,10,3.9,61
大阪,2019-09-09,30.3,0,4.9,72
大阪,2019-09-10,30.9,0,2.7,69
大阪,2019-09-11,30.0,50,3.3,73
大阪,2019-09-12,26.9,0,5.6,56
大阪,2019-09-13,24.9,80,6.3,80
大阪,2019-09-14,28.8,0,4.9,60
大阪,2019-09-15,29.6,0,4.1,55
大阪,2019-09-16,29.1,0,5.8,61
大阪,2019-09-17,28.8,0,5.6,58
大阪,2019-09-18,27.4,10,5.1,60
大阪,2019-09-19,24.8,0,6.2,47
大阪,2019-09-20,24.2,30,2.7,59
大阪,2019-09-21,23.4,30,7.0,78
大阪,2019-09-22,26.8,30,8.6,69
大阪,2019-09-23,27.5,10,8.7,68
大阪,2019-09-24,24.1,40,3.0,72
大阪,2019-09-25,25.5,0,3.5,56
大阪,2019-09-26,28.1,0,3.2,60
大阪,2019-09-27,27.7,10,2.8,70
大阪,2019-09-28,27.6,0,2.8,63
大阪,2019-09-29,28.2,0,2.4,68
大阪,2019-09-30,29.2,0,1.7,60
大阪,2019-10-01,28.4,20,3.3,68
大阪,2019-10-02,26.9,10,2.5,62
大阪,2019-10-03,28.4,40,5.6,54
大阪,2019-10-04,25.8,10,6.0,63
大阪,2019-10-05,24.3,0,3.4,64
大阪,2019-10-06,23.8,0,5.5,58
大阪,2019-10-07,25.2,0,2.8,60
大阪,2019-10-08,23.0,90,3.6,76
大阪,2019-10-09,21.0,0,4.4,46
大阪,2019-10-10,25.9,0,5.2,57
大阪,2019-10-11,27.3,0,6.4,63
大阪,2019-10-12,22.0,100,12.2,78
大阪,2019-10-13,19.8,0,6.4,65
大阪,2019-10-14,21.1,50,3.1,79
大阪,2019-10-15,19.8,0,6.2,58
大阪,2019-10-16,18.9,0,3.3,58
大阪,2019-10-17,19.8,0,5.6,71
大阪,2019-10-18,21.4,90,7.8,78
大阪,2019-10-19,23.4,90,3.2,84
大阪,2019-10-20,22.0,0,4.3,64
大阪,2019-10-21,20.0,50,6.5,79
大阪,2019-10-22,22.8,10,3.6,64
大阪,2019-10-23,22.2,0,1.9,65
大阪,2019-10-24,20.9,90,6.3,79
大阪,2019-10-25,18.2,70,3.1,79
大阪,2019-10-26,20.5,40,1.9,78
大阪,2019-10-27,20.2,10,4.0,68
大阪,2019-10-28,19.6,0,1.8,59
大阪,2019-10-29,16.5,60,2.3,81
大阪,2019-10-30,18.4,0,2.6,75
大阪,2019-10-31,18.7,0,2.9,69
大阪,2019-11-01,18.4,0,2.8,70
大阪,2019-11-02,16.9,0,2.1,58
大阪,2019-11-03,17.9,0,2.2,73
大阪,2019-11-04,16.4,0,5.6,58
大阪,2019-11-05,16.1,0,2.1,58
大阪,2019-11-06,15.5,0,2.1,69
大阪,2019-11-07,17.1,0,2.9,64
大阪,2019-11-08,15.7,0,3.9,54
大阪,2019-11-09,15.2,0,2.0,62
大阪,2019-11-10,15.8,0,1.7,57
大阪,2019-11-11,17.8,30,6.1,69
大阪,2019-11-12,17.7,0,4.0,57
大阪,2019-11-13,16.9,0,1.7,56
大阪,2019-11-14,14.4,20,6.5,55
大阪,2019-11-15,11.8,0,2.2,60
大阪,2019-11-16,14.7,0,3.2,70
大阪,2019-11-17,16.3,0,1.7,60
大阪,2019-11-18,20.5,20,5.8,69
大阪,2019-11-19,13.7,0,5.5,54
大阪,2019-11-20,11.8,0,5.5,59
大阪,2019-11-21,12.6,0,3.0,63
大阪,2019-11-22,14.3,40,4.9,75
大阪,2019-11-23,17.3,0,1.6,74
大阪,2019-11-24,16.4,0,1.9,83
大阪,2019-11-25,16.1,20,4.8,76
大阪,2019-11-26,13.2,0,3.4,62
大阪,2019-11-27,14.2,0,2.4,78
大阪,2019-11-28,9.8,50,6.0,64
大阪,2019-11-29,9.6,0,2.4,61
大阪,2019-11-30,10.0,0,3.3,56
大阪,2019-12-01,12.3,0,1.6,70
大阪,2019-12-02,14.5,80,3.0,84
大阪,2019-12-03,10.4,0,5.2,57
大阪,2019-12-04,10.6,20,4.9,62
大阪,2019-12-05,10.4,20,4.8,62
大阪,2019-12-06,7.8,0,5.5,66
大阪,2019-12-07,7.9,0,1.9,66
大阪,2019-12-08,10.0,10,2.3,69
大阪,2019-12-09,10.0,0,1.4,61
大阪,2019-12-10,10.8,0,1.7,70
大阪,2019-12-11,11.0,0,1.9,75
大阪,2019-12-12,11.0,0,5.8,61
大阪,2019-12-13,8.7,0,0.8,66
大阪,2019-12-14,10.7,0,3.8,72
大阪,2019-12-15,10.0,0,4.5,56
大阪,2019-12-16,9.6,0,1.3,65
大阪,2019-12-17,12.8,60,2.0,89
大阪,2019-12-18,13.4,30,4.9,76
大阪,2019-12-19,10.1,0,1.3,71
大阪,2019-12-20,10.8,0,5.8,62
大阪,2019-12-21,9.4,0,2.2,67
大阪,2019-12-22,8.2,40,2.6,77
大阪,2019-12-23,10.9,0,3.4,74
大阪,2019-12-24,10.3,0,3.4,63
大阪,2019-12-25,10.9,0,1.5,62
大阪,2019-12-26,11.2,50,2.1,83
大阪,2019-12-27,9.0,20,8.0,59
大阪,2019-12-28,8.1,0,1.8,72
大阪,2019-12-29,10.0,0,1.4,62
大阪,2019-12-30,10.8,50,4.4,86
大阪,2019-12-31,9.0,10,7.4,64
大阪,2020-01-01,8.1,0,4.5,59
大阪,2020-01-02,9.3,0,4.0,60
大阪,2020-01-03,10.7,0,5.0,63
大阪,2020-01-04,10.1,10,4.6,66
大阪,2020-01-05,8.0,0,5.5,55
大阪,2020-01-06,8.0,0,1.7,64
大阪,2020-01-07,6.7,60,3.6,81
大阪,2020-01-08,13.9,20,12.0,65
大阪,2020-01-09,11.0,0,4.5,69
大阪,2020-01-10,9.9,0,4.5,60
大阪,2020-01-11,8.3,0,2.7,74
大阪,2020-01-12,8.9,0,1.6,76
大阪,2020-01-13,9.8,0,6.2,56
大阪,2020-01-14,8.0,10,1.0,60
大阪,2020-01-15,8.3,30,5.7,65
大阪,2020-01-16,7.3,0,1.3,68
大阪,2020-01-17,8.0,0,2.0,70
大阪,2020-01-18,9.1,0,5.9,52
大阪,2020-01-19,8.7,0,3.1,64
大阪,2020-01-20,10.2,0,5.7,63
大阪,2020-01-21,8.5,0,5.3,59
大阪,2020-01-22,8.3,0,2.1,64
大阪,2020-01-23,11.2,50,3.5,86
大阪,2020-01-24,11.9,0,3.1,75
大阪,2020-01-25,8.9,0,4.2,54
大阪,2020-01-26,10.3,10,2.3,66
大阪,2020-01-27,9.0,80,9.9,76
大阪,2020-01-28,14.3,30,6.8,69
大阪,2020-01-29,13.1,40,3.8,69
大阪,2020-01-30,9.9,0,5.0,64
大阪,2020-01-31,6.9,10,7.5,58
大阪,2020-02-01,8.0,0,5.4,48
大阪,2020-02-02,8.6,0,2.9,68
大阪,2020-02-03,9.5,20,4.2,71
大阪,2020-02-04,8.0,0,3.4,55
大阪,2020-02-05,8.0,20,6.9,58
大阪,2020-02-06,3.8,20,6.4,54
大阪,2020-02-07,4.8,0,1.8,58
大阪,2020-02-08,7.6,30,3.3,67
大阪,2020-02-09,4.9,0,5.8,49
大阪,2020-02-10,7.6,30,5.8,58
大阪,2020-02-11,9.0,0,3.6,48
大阪,2020-02-12,11.3,30,2.0,69
大阪,2020-02-13,15.3,10,4.7,81
大阪,2020-02-14,12.9,30,1.9,84
大阪,2020-02-15,12.0,0,2.0,81
大阪,2020-02-16,14.1,100,4.2,90
大阪,2020-02-17,8.0,50,9.7,55
大阪,2020-02-18,6.5,50,5.8,60
大阪,2020-02-19,8.2,0,3.9,61
大阪,2020-02-20,9.4,0,1.7,66
大阪,2020-02-21,10.5,0,2.3,62
大阪,2020-02-22,10.6,50,3.6,81
大阪,2020-02-23,10.0,0,5.6,47
大阪,2020-02-24,9.0,0,3.4,64
大阪,2020-02-25,11.7,0,2.9,69
大阪,2020-02-26,11.9,10,5.5,62
大阪,2020-02-27,8.0,10,7.7,51
大阪,2020-02-28,8.2,0,2.5,56
大阪,2020-02-29,8.4,90,4.2,78
大阪,2020-03-01,12.2,0,3.0,60
大阪,2020-03-02,12.3,10,5.3,70
大阪,2020-03-03,12.0,0,3.7,54
大阪,2020-03-04,9.7,100,2.0,80
大阪,2020-03-05,8.2,30,8.4,50
大阪,2020-03-06,9.8,0,3.3,52
大阪,2020-03-07,11.0,10,2.6,53
大阪,2020-03-08,11.1,60,6.3,76
大阪,2020-03-09,13.2,0,1.4,72
大阪,2020-03-10,16.2,90,3.0,84
大阪,2020-03-11,13.1,50,7.0,62
大阪,2020-03-12,10.9,0,3.0,54
大阪,2020-03-13,12.4,0,3.5,63
大阪,2020-03-14,9.8,100,2.9,74
大阪,2020-03-15,10.1,50,7.8,55
大阪,2020-03-16,8.2,30,8.6,52
大阪,2020-03-17,10.4,0,5.2,59
大阪,2020-03-18,13.7,0,3.2,64
大阪,2020-03-19,17.3,0,4.0,69
大阪,2020-03-20,12.7,0,7.1,47
大阪,2020-03-21,14.1,0,4.7,60
大阪,2020-03-22,16.5,0,3.5,69
大阪,2020-03-23,13.6,20,3.7,47
大阪,2020-03-24,11.3,0,6.9,38
大阪,2020-03-25,11.1,0,2.4,54
大阪,2020-03-26,14.8,0,2.9,54
大阪,2020-03-27,17.8,90,2.1,83
大阪,2020-03-28,13.4,40,5.2,71
大阪,2020-03-29,11.4,10,6.7,60
大阪,2020-03-30,11.6,30,2.4,71
大阪,2020-03-31,16.6,10,7.5,72
大阪,2020-04-01,15.4,90,7.7,82
大阪,2020-04-02,13.1,20,7.1,55
大阪,2020-04-03,13.2,0,2.0,50
大阪,2020-04-04,16.1,0,4.9,70
大阪,2020-04-05,11.5,0,7.2,42
大阪,2020-04-06,12.4,0,4.8,53
大阪,2020-04-07,13.6,0,3.7,47
大阪,2020-04-08,16.0,0,4.9,56
大阪,2020-04-09,14.3,0,3.5,47
大阪,2020-04-10,13.1,0,6.7,39
大阪,2020-04-11,12.4,0,3.2,56
大阪,2020-04-12,10.2,100,7.4,74
大阪,2020-04-13,11.7,100,4.3,81
大阪,2020-04-14,14.5,0,6.9,47
大阪,2020-04-15,15.0,0,3.1,50
大阪,2020-04-16,17.6,0,3.9,54
大阪,2020-04-17,18.3,10,2.4,62
大阪,2020-04-18,16.2,30,7.7,68
大阪,2020-04-19,16.1,0,2.9,65
大阪,2020-04-20,18.6,30,5.9,74
大阪,2020-04-21,16.4,0,6.5,60
大阪,2020-04-22,12.3,0,6.0,44
大阪,2020-04-23,13.1,20,7.8,50
大阪,2020-04-24,13.4,20,7.7,52
大阪,2020-04-25,16.2,0,6.9,46
大阪,2020-04-26,18.5,0,7.6,65
大阪,2020-04-27,16.1,20,3.0,59
大阪,2020-04-28,16.0,20,3.2,54
大阪,2020-04-29,17.3,0,4.3,50
大阪,2020-04-30,19.0,0,4.8,56
大阪,2020-05-01,21.0,0,5.1,59
大阪,2020-05-02,21.6,0,4.4,62
大阪,2020-05-03,20.1,40,3.0,69
大阪,2020-05-04,22.5,0,4.4,71
大阪,2020-05-05,23.1,0,2.1,59
大阪,2020-05-06,22.9,10,4.2,62
大阪,2020-05-07,19.3,0,7.3,40
大阪,2020-05-08,19.8,0,6.2,56
大阪,2020-05-09,20.9,20,2.7,50
大阪,2020-05-10,24.9,20,8.3,74
大阪,2020-05-11,21.7,0,5.3,64
大阪,2020-05-12,22.1,0,5.6,62
大阪,2020-05-13,21.7,0,6.3,46
大阪,2020-05-14,22.6,0,3.6,32
大阪,2020-05-15,21.1,0,2.6,53
大阪,2020-05-16,18.8,100,4.3,84
大阪,2020-05-17,22.6,0,3.0,74
大阪,2020-05-18,23.2,40,3.1,74
大阪,2020-05-19,21.7,10,6.5,69
大阪,2020-05-20,20.0,0,7.2,58
大阪,2020-05-21,19.0,0,3.7,61
大阪,2020-05-22,22.4,40,3.7,64
大阪,2020-05-23,24.0,0,3.3,61
大阪,2020-05-24,23.5,10,4.9,70
大阪,2020-05-25,23.4,0,4.6,67
大阪,2020-05-26,22.6,50,3.7,77
大阪,2020-05-27,22.6,0,5.7,61
大阪,2020-05-28,23.2,0,3.1,48
大阪,2020-05-29,25.0,0,2.4,37
大阪,2020-05-30,25.5,0,3.7,43
大阪,2020-05-31,21.3,40,3.8,73
大阪,2020-06-01,24.5,0,3.8,63
大阪,2020-06-02,24.9,0,4.9,56
大阪,2020-06-03,24.3,0,3.2,57
大阪,2020-06-04,26.6,0,4.1,50
大阪,2020-06-05,26.7,0,5.5,55
大阪,2020-06-06,28.0,0,3.9,45
大阪,2020-06-07,28.1,0,6.0,28
大阪,2020-06-08,28.2,0,4.7,35
大阪,2020-06-09,26.1,0,7.0,60
大阪,2020-06-10,27.1,70,3.1,64
大阪,2020-06-11,25.0,100,7.5,85
大阪,2020-06-12,25.4,50,4.6,86
大阪,2020-06-13,26.0,80,7.1,87
大阪,2020-06-14,27.3,40,7.3,82
大阪,2020-06-15,26.9,0,5.8,72
大阪,2020-06-16,25.6,0,4.7,62
大阪,2020-06-17,25.8,0,2.1,52
大阪,2020-06-18,21.8,100,2.9,77
大阪,2020-06-19,21.5,60,4.3,80
大阪,2020-06-20,25.1,0,4.2,56
大阪,2020-06-21,26.8,0,4.6,56
大阪,2020-06-22,27.0,20,4.2,56
大阪,2020-06-23,27.0,0,1.7,62
大阪,2020-06-24,26.3,0,4.6,68
大阪,2020-06-25,25.8,40,4.6,78
大阪,2020-06-26,28.9,30,7.8,78
大阪,2020-06-27,25.9,0,3.6,67
大阪,2020-06-28,25.5,10,4.1,77
大阪,2020-06-29,27.0,0,2.6,56
大阪,2020-06-30,25.9,100,8.4,83
大阪,2020-07-01,25.9,10,7.9,74
大阪,2020-07-02,25.2,0,4.1,64
大阪,2020-07-03,22.9,90,3.5,84
大阪,2020-07-04,26.6,90,9.6,83
大阪,2020-07-05,26.4,10,4.3,80
大阪,2020-07-06,26.3,100,8.7,85
大阪,2020-07-07,26.8,90,8.6,86
大阪,2020-07-08,26.4,30,2.0,74
大阪,2020-07-09,26.2,60,2.9,78
大阪,2020-07-10,26.9,100,2.3,81
大阪,2020-07-11,26.9,100,8.6,88
大阪,2020-07-12,27.1,0,4.2,62
大阪,2020-07-13,22.1,100,2.7,83
大阪,2020-07-14,26.2,70,8.4,84
大阪,2020-07-15,25.2,60,6.5,76
大阪,2020-07-16,27.1,40,1.3,65
大阪,2020-07-17,25.9,30,5.0,76
大阪,2020-07-18,26.6,10,4.6,77
大阪,2020-07-19,28.5,0,3.5,67
大阪,2020-07-20,28.9,0,3.3,71
大阪,2020-07-21,30.4,0,3.9,69
大阪,2020-07-22,29.0,0,3.4,67
大阪,2020-07-23,27.3,40,3.4,77
大阪,2020-07-24,28.6,70,2.6,75
大阪,2020-07-25,26.5,100,2.5,84
大阪,2020-07-26,27.8,70,2.6,79
大阪,2020-07-27,28.6,70,5.7,78
大阪,2020-07-28,29.2,0,8.1,79
大阪,2020-07-29,28.2,70,3.5,82
大阪,2020-07-30,28.9,80,2.3,78
大阪,2020-07-31,29.0,40,4.5,76
大阪,2020-08-01,29.1,0,2.9,66
大阪,2020-08-02,29.9,0,3.6,66
大阪,2020-08-03,29.4,0,3.9,74
大阪,2020-08-04,29.9,0,3.0,65
大阪,2020-08-05,30.0,0,3.2,67
大阪,2020-08-06,29.8,0,4.6,68
大阪,2020-08-07,30.7,0,5.0,66
大阪,2020-08-08,30.8,30,5.9,65
大阪,2020-08-09,32.0,0,6.6,60
大阪,2020-08-10,32.8,0,5.6,60
大阪,2020-08-11,32.9,10,7.2,61
大阪,2020-08-12,32.3,0,5.2,59
大阪,2020-08-13,31.7,50,5.1,66
大阪,2020-08-14,32.7,0,5.0,58
大阪,2020-08-15,33.7,0,5.5,56
大阪,2020-08-16,34.6,0,3.4,52
大阪,2020-08-17,35.2,0,3.8,45
大阪,2020-08-18,34.7,0,4.1,44
大阪,2020-08-19,34.2,0,4.0,39
大阪,2020-08-20,34.1,0,4.9,53
大阪,2020-08-21,34.6,10,3.3,52
大阪,2020-08-22,33.0,30,3.2,54
大阪,2020-08-23,32.6,10,1.2,53
大阪,2020-08-24,31.7,0,4.3,57
大阪,2020-08-25,32.1,0,4.8,62
大阪,2020-08-26,32.8,0,3.7,54
大阪,2020-08-27,31.7,70,3.4,62
大阪,2020-08-28,30.2,40,2.3,74
大阪,2020-08-29,32.0,20,3.2,64
大阪,2020-08-30,32.8,30,2.7,61
大阪,2020-08-31,34.4,20,3.1,48
大阪,2020-09-01,33.8,50,2.6,53
大阪,2020-09-02,33.3,50,6.7,56
大阪,2020-09-03,31.8,20,7.3,62
大阪,2020-09-04,29.8,30,2.1,69
大阪,2020-09-05,32.4,10,2.6,56
大阪,2020-09-06,31.6,100,7.2,60
大阪,2020-09-07,30.7,80,8.5,67
大阪,2020-09-08,30.0,0,7.3,59
大阪,2020-09-09,25.6,80,1.7,74
大阪,2020-09-10,26.0,100,2.7,80
大阪,2020-09-11,28.8,50,2.2,75
大阪,2020-09-12,29.1,50,3.6,72
大阪,2020-09-13,27.7,10,5.1,70
大阪,2020-09-14,25.8,0,3.2,60
大阪,2020-09-15,26.4,0,1.2,58
大阪,2020-09-16,26.9,0,2.8,64
大阪,2020-09-17,29.2,30,4.8,69
大阪,2020-09-18,27.7,80,7.8,77
大阪,2020-09-19,25.9,0,4.7,55
大阪,2020-09-20,24.5,10,1.9,50
大阪,2020-09-21,26.4,0,4.2,41
大阪,2020-09-22,26.5,10,6.1,52
大阪,2020-09-23,28.8,0,5.0,45
大阪,2020-09-24,26.7,0,2.4,62
大阪,2020-09-25,22.9,60,5.2,82
大阪,2020-09-26,24.4,20,3.4,73
大阪,2020-09-27,23.8,10,5.9,60
大阪,2020-09-28,24.2,0,5.3,56
大阪,2020-09-29,25.1,10,3.7,63
大阪,2020-09-30,24.0,0,2.6,63
大阪,2020-10-01,24.1,0,4.5,56
大阪,2020-10-02,23.8,0,3.0,60
大阪,2020-10-03,25.0,0,1.3,55
大阪,2020-10-04,23.8,0,2.0,74
大阪,2020-10-05,23.3,20,5.8,58
大阪,2020-10-06,22.0,0,4.8,48
大阪,2020-10-07,21.8,50,4.8,58
大阪,2020-10-08,16.7,100,5.3,82
大阪,2020-10-09,19.0,100,7.4,80
大阪,2020-10-10,23.0,40,6.4,74
大阪,2020-10-11,23.8,0,2.9,74
大阪,2020-10-12,23.4,0,2.8,70
大阪,2020-10-13,23.5,0,4.2,55
大阪,2020-10-14,22.4,0,2.8,62
大阪,2020-10-15,19.9,0,5.9,55
大阪,2020-10-16,19.8,0,3.2,55
大阪,2020-10-17,13.7,100,2.5,80
大阪,2020-10-18,17.9,0,1.5,74
大阪,2020-10-19,15.7,40,1.9,87
大阪,2020-10-20,19.5,0,2.7,66
大阪,2020-10-21,21.0,0,4.7,59
大阪,2020-10-22,20.3,60,5.5,76
大阪,2020-10-23,18.8,50,5.1,73
大阪,2020-10-24,17.5,10,7.2,52
大阪,2020-10-25,16.6,0,3.9,56
大阪,2020-10-26,17.5,0,2.8,63
大阪,2020-10-27,18.3,0,1.6,63
大阪,2020-10-28,17.3,0,1.2,62
大阪,2020-10-29,18.3,0,4.0,56
大阪,2020-10-30,16.0,0,6.0,55
大阪,2020-10-31,15.5,0,2.1,59
大阪,2020-11-01,19.4,0,2.9,66
大阪,2020-11-02,16.4,90,2.3,86
大阪,2020-11-03,17.0,0,4.4,52
大阪,2020-11-04,14.3,0,3.9,50
大阪,2020-11-05,14.6,0,0.8,52
大阪,2020-11-06,15.6,0,2.0,63
大阪,2020-11-07,18.3,40,2.5,85
大阪,2020-11-08,19.2,0,3.7,62
大阪,2020-11-09,14.4,0,4.6,56
大阪,2020-11-10,13.4,0,4.1,61
大阪,2020-11-11,12.2,0,3.3,64
大阪,2020-11-12,14.9,0,4.6,64
大阪,2020-11-13,15.2,30,1.6,77
大阪,2020-11-14,15.7,0,3.8,60
大阪,2020-11-15,17.2,0,2.1,69
大阪,2020-11-16,18.0,0,2.1,77
大阪,2020-11-17,18.1,0,2.9,65
大阪,2020-11-18,20.7,0,2.6,68
大阪,2020-11-19,22.0,0,4.4,72
大阪,2020-11-20,21.1,90,5.9,84
大阪,2020-11-21,14.4,0,5.7,56
大阪,2020-11-22,14.7,0,1.4,73
大阪,2020-11-23,14.9,10,5.5,65
大阪,2020-11-24,13.7,0,1.5,58
大阪,2020-11-25,13.2,0,1.3,68
大阪,2020-11-26,14.4,0,2.5,70
大阪,2020-11-27,14.3,0,2.4,63
大阪,2020-11-28,11.4,20,5.4,64
大阪,2020-11-29,11.7,0,2.4,68
大阪,2020-11-30,12.0,0,3.4,59
大阪,2020-12-01,12.1,0,2.8,60
大阪,2020-12-02,11.7,0,1.7,72
大阪,2020-12-03,12.5,0,5.0,65
大阪,2020-12-04,11.6,0,3.2,56
大阪,2020-12-05,11.4,0,2.7,68
大阪,2020-12-06,11.6,0,1.0,56
大阪,2020-12-07,12.1,0,2.4,65
大阪,2020-12-08,12.5,0,3.4,60
大阪,2020-12-09,11.5,0,1.0,64
大阪,2020-12-10,11.7,0,2.3,68
大阪,2020-12-11,12.9,0,2.0,65
大阪,2020-12-12,13.0,0,4.1,66
大阪,2020-12-13,11.6,0,4.7,56
大阪,2020-12-14,8.7,0,7.0,63
大阪,2020-12-15,6.4,0,8.3,49
大阪,2020-12-16,5.9,0,8.9,46
大阪,2020-12-17,6.0,10,4.5,57
大阪,2020-12-18,8.4,0,5.9,55
大阪,2020-12-19,6.8,30,5.7,66
大阪,2020-12-20,6.6,40,4.2,63
大阪,2020-12-21,7.8,0,3.8,58
大阪,2020-12-22,8.2,0,3.2,63
大阪,2020-12-23,9.0,0,2.7,64
大阪,2020-12-24,7.4,60,1.9,81
大阪,2020-12-25,8.9,0,6.9,52
大阪,2020-12-26,8.7,0,4.0,56
大阪,2020-12-27,9.0,0,1.5,55
大阪,2020-12-28,11.0,10,2.0,72
大阪,2020-12-29,10.2,0,2.0,75
大阪,2020-12-30,8.4,50,8.3,62
大阪,2020-12-31,4.7,20,7.0,54
大阪,2021-01-01,4.1,0,6.6,60
大阪,2021-01-02,6.7,0,6.4,57
大阪,2021-01-03,7.6,0,5.9,56
大阪,2021-01-04,7.4,0,3.1,61
大阪,2021-01-05,7.5,10,2.4,68
大阪,2021-01-06,7.6,0,6.4,51
大阪,2021-01-07,3.8,50,9.8,54
大阪,2021-01-08,1.6,0,9.6,41
大阪,2021-01-09,2.4,0,8.6,45
大阪,2021-01-10,4.1,0,5.9,55
大阪,2021-01-11,4.3,0,2.0,66
大阪,2021-01-12,4.0,50,2.1,82
大阪,2021-01-13,6.7,0,4.0,67
大阪,2021-01-14,9.8,0,3.2,76
大阪,2021-01-15,10.5,0,1.8,63
大阪,2021-01-16,10.3,40,4.1,78
大阪,2021-01-17,7.8,0,6.4,54
大阪,2021-01-18,5.4,0,6.8,54
大阪,2021-01-19,3.9,0,6.2,56
大阪,2021-01-20,6.0,0,1.2,59
大阪,2021-01-21,8.0,0,1.9,66
大阪,2021-01-22,9.5,100,2.7,90
大阪,2021-01-23,9.3,100,4.9,84
大阪,2021-01-24,9.2,90,2.1,82
大阪,2021-01-25,11.4,0,3.0,62
大阪,2021-01-26,14.4,10,4.8,68
大阪,2021-01-27,12.4,0,6.0,58
大阪,2021-01-28,8.2,10,1.9,69
大阪,2021-01-29,3.6,0,9.9,46
大阪,2021-01-30,5.9,0,6.1,56
大阪,2021-01-31,8.3,0,2.9,61
大阪,2021-02-01,11.8,0,4.8,61
大阪,2021-02-02,10.1,0,7.0,56
大阪,2021-02-03,6.0,0,5.6,50
大阪,2021-02-04,8.1,30,6.7,64
大阪,2021-02-05,7.9,0,3.1,62
大阪,2021-02-06,10.7,0,3.2,65
大阪,2021-02-07,11.2,20,4.7,71
大阪,2021-02-08,6.6,10,5.1,65
大阪,2021-02-09,5.3,0,3.4,62
大阪,2021-02-10,7.4,0,4.7,63
大阪,2021-02-11,10.8,0,4.2,54
大阪,2021-02-12,11.5,0,2.5,59
大阪,2021-02-13,14.8,0,2.6,69
大阪,2021-02-14,15.6,0,1.8,63
大阪,2021-02-15,14.1,70,6.8,74
大阪,2021-02-16,8.4,0,8.5,47
大阪,2021-02-17,3.8,10,10.6,42
大阪,2021-02-18,3.8,30,7.9,52
大阪,2021-02-19,5.9,0,4.6,61
大阪,2021-02-20,12.0,0,7.2,61
大阪,2021-02-21,14.8,0,5.8,68
大阪,2021-02-22,15.0,0,4.8,59
大阪,2021-02-23,9.7,0,6.0,54
大阪,2021-02-24,7.8,0,5.1,44
大阪,2021-02-25,8.3,0,1.3,56
大阪,2021-02-26,7.4,80,4.4,77
大阪,2021-02-27,7.7,0,6.6,49
大阪,2021-02-28,12.7,0,4.7,59
大阪,2021-03-01,15.5,0,2.8,68
大阪,2021-03-02,8.4,70,6.5,77
大阪,2021-03-03,8.0,0,5.1,50
大阪,2021-03-04,14.0,0,2.3,62
大阪,2021-03-05,14.4,60,5.9,80
大阪,2021-03-06,12.8,0,7.4,68
大阪,2021-03-07,9.9,0,3.7,57
大阪,2021-03-08,10.0,10,5.6,61
大阪,2021-03-09,9.7,0,1.5,70
大阪,2021-03-10,12.5,0,6.5,50
大阪,2021-03-11,10.5,0,2.1,56
大阪,2021-03-12,14.2,60,4.9,75
大阪,2021-03-13,12.2,30,6.6,70
大阪,2021-03-14,12.1,0,4.2,50
大阪,2021-03-15,12.5,0,5.1,66
大阪,2021-03-16,14.5,30,4.6,78
大阪,2021-03-17,12.7,0,5.6,52
大阪,2021-03-18,13.5,0,2.1,59
大阪,2021-03-19,15.6,0,2.9,44
大阪,2021-03-20,18.4,0,3.1,53
大阪,2021-03-21,16.1,100,4.8,88
大阪,2021-03-22,11.4,50,5.4,51
大阪,2021-03-23,10.8,0,4.4,60
大阪,2021-03-24,15.0,0,4.6,64
大阪,2021-03-25,13.2,60,0.7,77
大阪,2021-03-26,15.2,0,5.9,54
大阪,2021-03-27,15.3,0,2.6,50
大阪,2021-03-28,17.4,100,2.9,78
大阪,2021-03-29,16.0,0,5.9,75
大阪,2021-03-30,17.5,10,3.1,68
大阪,2021-03-31,16.9,0,3.0,53
大阪,2021-04-01,18.9,0,4.7,48
大阪,2021-04-02,20.4,0,7.1,55
大阪,2021-04-03,19.4,0,3.7,62
大阪,2021-04-04,19.8,70,1.7,76
大阪,2021-04-05,12.8,0,6.9,53
大阪,2021-04-06,14.0,30,3.8,69
大阪,2021-04-07,14.6,0,4.1,57
大阪,2021-04-08,15.3,0,3.5,52
大阪,2021-04-09,13.5,0,6.8,44
大阪,2021-04-10,13.4,0,3.5,45
大阪,2021-04-11,15.8,0,2.4,48
大阪,2021-04-12,19.1,0,3.9,57
大阪,2021-04-13,18.7,80,3.5,73
大阪,2021-04-14,15.6,50,6.3,71
大阪,2021-04-15,14.7,0,2.5,43
大阪,2021-04-16,17.0,20,6.2,68
大阪,2021-04-17,15.3,100,2.4,91
大阪,2021-04-18,13.7,40,6.9,52
大阪,2021-04-19,14.6,0,5.8,62
大阪,2021-04-20,16.9,0,4.7,58
大阪,2021-04-21,19.0,0,2.6,54
大阪,2021-04-22,20.8,0,3.1,36
大阪,2021-04-23,20.5,0,5.4,57
大阪,2021-04-24,18.0,0,4.2,66
大阪,2021-04-25,18.2,0,6.4,47
大阪,2021-04-26,15.1,0,6.4,38
大阪,2021-04-27,17.2,0,4.9,52
大阪,2021-04-28,17.7,100,2.2,83
大阪,2021-04-29,15.9,100,2.6,88
大阪,2021-04-30,19.3,0,6.7,62
大阪,2021-05-01,20.2,30,9.5,72
大阪,2021-05-02,14.7,60,8.6,60
大阪,2021-05-03,16.3,0,5.1,61
大阪,2021-05-04,19.6,0,3.7,56
大阪,2021-05-05,18.4,100,1.9,80
大阪,2021-05-06,19.8,0,3.1,58
大阪,2021-05-07,17.2,60,2.1,69
大阪,2021-05-08,19.1,0,2.8,76
大阪,2021-05-09,21.7,0,7.9,65
大阪,2021-05-10,20.1,0,3.9,42
大阪,2021-05-11,20.6,0,4.2,56
大阪,2021-05-12,18.7,70,6.4,76
大阪,2021-05-13,22.8,0,7.3,64
大阪,2021-05-14,23.1,0,3.9,72
大阪,2021-05-15,22.7,20,3.3,78
大阪,2021-05-16,24.3,40,3.2,77
大阪,2021-05-17,23.6,100,8.2,90
大阪,2021-05-18,22.6,50,3.3,80
大阪,2021-05-19,21.9,60,2.4,84
大阪,2021-05-20,21.7,100,3.7,86
大阪,2021-05-21,22.0,80,8.6,82
大阪,2021-05-22,20.1,40,4.8,72
大阪,2021-05-23,21.1,0,4.9,70
大阪,2021-05-24,20.8,60,3.4,72
大阪,2021-05-25,21.4,0,6.0,69
大阪,2021-05-26,20.4,0,3.1,51
大阪,2021-05-27,17.9,50,4.8,82
大阪,2021-05-28,21.0,0,2.6,71
大阪,2021-05-29,23.3,0,6.4,56
大阪,2021-05-30,22.3,0,3.2,57
大阪,2021-05-31,24.1,0,3.6,49
大阪,2021-06-01,24.9,0,3.9,50
大阪,2021-06-02,25.0,0,1.8,63
大阪,2021-06-03,24.8,0,3.6,61
大阪,2021-06-04,22.3,100,3.4,84
大阪,2021-06-05,21.5,0,3.4,68
大阪,2021-06-06,22.2,0,2.4,65
大阪,2021-06-07,24.9,0,3.2,64
大阪,2021-06-08,25.9,0,3.0,62
大阪,2021-06-09,27.8,0,2.7,43
大阪,2021-06-10,26.6,0,4.0,56
大阪,2021-06-11,25.0,0,4.8,67
大阪,2021-06-12,24.6,40,3.7,67
大阪,2021-06-13,23.7,70,1.5,75
大阪,2021-06-14,25.3,10,3.7,67
大阪,2021-06-15,25.8,0,4.0,70
大阪,2021-06-16,22.9,100,4.4,84
大阪,2021-06-17,26.0,0,3.4,62
大阪,2021-06-18,24.4,30,3.3,70
大阪,2021-06-19,23.3,100,4.1,82
大阪,2021-06-20,25.1,0,3.1,67
大阪,2021-06-21,26.4,0,3.6,56
大阪,2021-06-22,25.0,20,2.1,70
大阪,2021-06-23,25.8,50,1.9,63
大阪,2021-06-24,25.6,0,3.4,68
大阪,2021-06-25,25.8,30,3.4,70
大阪,2021-06-26,24.0,40,2.7,77
大阪,2021-06-27,25.0,50,1.6,74
大阪,2021-06-28,26.1,50,2.8,69
大阪,2021-06-29,26.6,50,2.6,70
大阪,2021-06-30,26.6,40,2.6,72
大阪,2021-07-01,23.7,100,5.3,80
大阪,2021-07-02,26.8,60,4.4,84
大阪,2021-07-03,27.8,10,4.3,76
大阪,2021-07-04,29.0,40,4.6,75
大阪,2021-07-05,28.3,10,5.2,80
大阪,2021-07-06,27.9,10,2.6,81
大阪,2021-07-07,26.3,100,3.4,87
大阪,2021-07-08,25.9,80,3.6,89
大阪,2021-07-09,26.7,80,4.4,87
大阪,2021-07-10,28.0,30,4.1,80
大阪,2021-07-11,28.3,0,5.2,68
大阪,2021-07-12,27.7,30,3.2,74
大阪,2021-07-13,27.2,30,3.1,78
大阪,2021-07-14,27.9,30,2.6,75
大阪,2021-07-15,27.3,60,2.3,78
大阪,2021-07-16,29.5,0,6.4,65
大阪,2021-07-17,30.6,10,4.6,60
大阪,2021-07-18,29.7,40,4.7,71
大阪,2021-07-19,29.5,0,4.5,68
大阪,2021-07-20,30.0,0,2.5,71
大阪,2021-07-21,32.4,0,3.3,49
大阪,2021-07-22,31.9,0,4.0,53
大阪,2021-07-23,30.8,0,3.5,58
大阪,2021-07-24,31.1,0,4.0,55
大阪,2021-07-25,31.4,0,3.3,54
大阪,2021-07-26,30.9,20,4.2,56
大阪,2021-07-27,31.8,50,4.5,50
大阪,2021-07-28,30.3,0,4.1,55
大阪,2021-07-29,30.5,10,5.0,65
大阪,2021-07-30,31.2,0,4.4,57
大阪,2021-07-31,32.4,20,2.4,53
大阪,2021-08-01,32.2,20,3.4,54
大阪,2021-08-02,32.0,10,4.3,54
大阪,2021-08-03,28.6,30,4.8,75
大阪,2021-08-04,31.1,0,3.8,68
大阪,2021-08-05,33.0,0,3.0,60
大阪,2021-08-06,32.1,0,7.2,57
大阪,2021-08-07,33.5,0,6.6,53
大阪,2021-08-08,33.2,40,6.6,55
大阪,2021-08-09,29.2,70,16.1,68
大阪,2021-08-10,29.3,20,6.0,62
大阪,2021-08-11,29.4,10,3.9,61
大阪,2021-08-12,26.1,100,4.4,87
大阪,2021-08-13,26.3,100,7.0,81
大阪,2021-08-14,27.5,100,10.3,85
大阪,2021-08-15,26.1,40,2.9,77
大阪,2021-08-16,26.0,90,1.4,78
大阪,2021-08-17,26.4,100,1.7,85
大阪,2021-08-18,28.4,50,6.3,77
大阪,2021-08-19,25.0,90,2.4,87
大阪,2021-08-20,27.6,40,2.2,78
大阪,2021-08-21,27.8,40,1.9,78
大阪,2021-08-22,29.4,80,6.6,73
大阪,2021-08-23,28.4,30,3.4,81
大阪,2021-08-24,29.3,40,6.0,69
大阪,2021-08-25,30.0,0,6.8,76
大阪,2021-08-26,29.5,0,4.5,78
大阪,2021-08-27,29.4,0,3.7,65
大阪,2021-08-28,29.7,0,5.5,68
大阪,2021-08-29,29.8,0,3.6,67
大阪,2021-08-30,30.3,0,3.6,68
大阪,2021-08-31,30.6,0,2.2,57
大阪,2021-09-01,28.8,0,3.9,73
大阪,2021-09-02,25.6,100,4.7,84
大阪,2021-09-03,23.5,90,2.3,85
大阪,2021-09-04,25.9,80,2.9,81
大阪,2021-09-05,27.0,0,1.8,70
大阪,2021-09-06,27.6,20,3.5,58
大阪,2021-09-07,25.7,30,2.0,69
大阪,2021-09-08,26.0,90,2.1,76
大阪,2021-09-09,27.7,10,2.6,65
大阪,2021-09-10,27.4,0,2.7,63
大阪,2021-09-11,26.1,10,2.9,72
大阪,2021-09-12,25.5,50,0.9,81
大阪,2021-09-13,26.1,0,3.0,64
大阪,2021-09-14,21.1,100,2.6,83
大阪,2021-09-15,26.5,30,4.3,65
大阪,2021-09-16,26.3,60,2.4,72
大阪,2021-09-17,24.6,100,3.6,83
大阪,2021-09-18,27.9,20,5.8,71
大阪,2021-09-19,26.8,0,3.9,59
大阪,2021-09-20,27.1,20,2.5,69
大阪,2021-09-21,27.2,10,5.5,65
大阪,2021-09-22,27.2,30,3.8,80
大阪,2021-09-23,26.6,0,4.7,71
大阪,2021-09-24,25.4,0,2.5,62
大阪,2021-09-25,26.6,10,3.4,65
大阪,2021-09-26,21.7,60,5.6,79
大阪,2021-09-27,25.8,0,5.3,61
大阪,2021-09-28,25.6,0,2.5,65
大阪,2021-09-29,27.2,20,3.0,65
大阪,2021-09-30,26.1,30,5.5,72
大阪,2021-10-01,25.3,10,6.2,69
大阪,2021-10-02,24.5,0,4.1,65
大阪,2021-10-03,25.6,0,2.1,61
大阪,2021-10-04,25.7,0,2.7,69
大阪,2021-10-05,25.4,0,3.4,67
大阪,2021-10-06,25.5,0,3.1,65
大阪,2021-10-07,25.9,0,3.1,68
大阪,2021-10-08,26.6,0,2.6,62
大阪,2021-10-09,27.6,0,2.7,59
大阪,2021-10-10,27.0,0,2.1,65
大阪,2021-10-11,26.4,0,2.5,67
大阪,2021-10-12,26.3,0,4.0,70
大阪,2021-10-13,25.9,20,4.4,67
大阪,2021-10-14,24.8,0,1.5,57
大阪,2021-10-15,24.6,0,1.6,58
大阪,2021-10-16,24.3,20,4.2,68
大阪,2021-10-17,17.6,0,8.3,64
大阪,2021-10-18,17.9,0,2.4,53
大阪,2021-10-19,18.7,20,2.9,69
大阪,2021-10-20,16.1,0,8.0,48
大阪,2021-10-21,16.0,20,2.1,57
大阪,2021-10-22,17.3,0,2.1,55
大阪,2021-10-23,16.9,0,6.8,48
大阪,2021-10-24,16.6,0,3.0,55
大阪,2021-10-25,15.3,100,5.4,84
大阪,2021-10-26,19.0,20,4.4,67
大阪,2021-10-27,18.6,0,1.7,65
大阪,2021-10-28,19.3,0,5.1,57
大阪,2021-10-29,17.4,0,4.8,55
大阪,2021-10-30,17.9,0,1.3,55
大阪,2021-10-31,17.6,10,3.0,83
大阪,2021-11-01,19.4,0,2.3,70
大阪,2021-11-02,19.1,20,1.9,66
大阪,2021-11-03,17.9,20,2.6,66
大阪,2021-11-04,17.0,0,2.4,66
大阪,2021-11-05,16.8,60,1.7,70
大阪,2021-11-06,17.2,0,2.4,57
大阪,2021-11-07,19.3,0,6.3,60
大阪,2021-11-08,21.0,0,6.8,65
大阪,2021-11-09,15.4,70,3.1,74
大阪,2021-11-10,14.3,40,9.0,62
大阪,2021-11-11,14.5,80,7.4,66
大阪,2021-11-12,13.8,20,6.7,57
大阪,2021-11-13,13.6,0,3.2,62
大阪,2021-11-14,15.1,0,3.1,66
大阪,2021-11-15,15.8,0,3.6,68
大阪,2021-11-16,15.5,0,3.1,70
大阪,2021-11-17,14.8,0,2.0,67
大阪,2021-11-18,15.0,0,2.3,64
大阪,2021-11-19,15.7,0,1.7,62
大阪,2021-11-20,16.5,10,2.2,63
大阪,2021-11-21,15.6,0,1.7,68
大阪,2021-11-22,16.4,100,3.5,87
大阪,2021-11-23,11.1,10,8.3,51
大阪,2021-11-24,11.7,0,7.6,55
大阪,2021-11-25,14.4,0,5.6,61
大阪,2021-11-26,15.0,0,5.2,55
大阪,2021-11-27,9.8,20,6.0,57
大阪,2021-11-28,10.9,0,2.9,58
大阪,2021-11-29,10.3,0,1.9,65
大阪,2021-11-30,15.8,0,4.3,65
大阪,2021-12-01,10.6,0,8.8,50
大阪,2021-12-02,9.0,0,3.0,62
大阪,2021-12-03,11.3,0,5.1,63
大阪,2021-12-04,10.1,0,5.8,58
大阪,2021-12-05,8.7,0,3.3,64
大阪,2021-12-06,11.7,10,2.9,80
大阪,2021-12-07,11.8,100,1.6,86
大阪,2021-12-08,12.0,0,6.6,61
大阪,2021-12-09,12.6,0,1.1,67
大阪,2021-12-10,12.4,0,2.1,73
大阪,2021-12-11,12.5,0,2.2,80
大阪,2021-12-12,13.9,0,4.1,75
大阪,2021-12-13,9.8,0,6.2,61
大阪,2021-12-14,8.2,0,2.2,69
大阪,2021-12-15,10.8,0,3.9,68
大阪,2021-12-16,12.2,10,2.4,72
大阪,2021-12-17,11.6,30,8.5,64
大阪,2021-12-18,5.7,10,5.3,56
大阪,2021-12-19,8.2,0,7.3,57
大阪,2021-12-20,8.8,0,4.7,60
大阪,2021-12-21,10.9,0,3.8,75
大阪,2021-12-22,9.7,0,4.9,71
大阪,2021-12-23,9.0,0,1.3,56
大阪,2021-12-24,10.8,30,1.4,72
大阪,2021-12-25,9.5,10,7.5,63
大阪,2021-12-26,3.9,10,8.1,55
大阪,2021-12-27,4.6,0,8.1,56
大阪,2021-12-28,6.7,20,3.9,67
大阪,2021-12-29,8.2,0,1.8,73
大阪,2021-12-30,8.8,0,8.8,51
大阪,2021-12-31,3.9,40,7.8,65
大阪,2022-01-01,2.4,0,3.9,72
大阪,2022-01-02,4.9,0,3.1,70
大阪,2022-01-03,8.5,0,4.6,63
大阪,2022-01-04,7.6,0,6.0,61
大阪,2022-01-05,5.9,0,4.8,58
大阪,2022-01-06,4.1,30,1.5,70
大阪,2022-01-07,5.7,0,5.7,56
大阪,2022-01-08,6.4,0,1.5,66
大阪,2022-01-09,8.0,0,1.8,72
大阪,2022-01-10,9.3,0,1.3,61
大阪,2022-01-11,7.2,70,3.8,80
大阪,2022-01-12,4.8,30,5.5,62
大阪,2022-01-13,6.0,30,10.9,48
大阪,2022-01-14,4.7,20,5.6,61
大阪,2022-01-15,6.4,0,2.8,63
大阪,2022-01-16,7.5,0,3.5,72
大阪,2022-01-17,7.9,0,7.4,53
大阪,2022-01-18,4.7,0,6.2,58
大阪,2022-01-19,4.8,40,3.5,70
大阪,2022-01-20,5.1,0,7.9,57
大阪,2022-01-21,4.4,10,6.6,55
大阪,2022-01-22,5.4,0,1.6,65
大阪,2022-01-23,4.6,80,2.9,81
大阪,2022-01-24,7.4,0,5.8,63
大阪,2022-01-25,6.8,0,1.5,64
大阪,2022-01-26,7.8,0,3.9,74
大阪,2022-01-27,8.4,0,4.3,60
大阪,2022-01-28,8.1,10,3.8,66
大阪,2022-01-29,7.8,0,3.8,65
大阪,2022-01-30,7.0,0,3.8,62
大阪,2022-01-31,6.0,10,3.5,62
大阪,2022-02-01,7.8,30,7.0,61
大阪,2022-02-02,6.9,30,5.0,62
大阪,2022-02-03,7.4,0,5.0,52
大阪,2022-02-04,6.8,0,4.9,56
大阪,2022-02-05,4.9,20,8.2,45
大阪,2022-02-06,4.7,0,7.9,51
大阪,2022-02-07,5.7,0,2.6,60
大阪,2022-02-08,6.9,20,2.7,64
大阪,2022-02-09,8.0,0,3.3,53
大阪,2022-02-10,7.0,50,2.8,67
大阪,2022-02-11,9.4,0,4.4,55
大阪,2022-02-12,8.8,0,1.0,62
大阪,2022-02-13,5.7,90,3.3,78
大阪,2022-02-14,9.2,0,3.7,54
大阪,2022-02-15,9.6,0,6.7,65
大阪,2022-02-16,5.2,0,8.5,47
大阪,2022-02-17,4.0,10,8.1,43
大阪,2022-02-18,6.3,10,3.7,56
大阪,2022-02-19,6.7,70,4.3,74
大阪,2022-02-20,6.9,40,7.9,51
大阪,2022-02-21,5.5,20,7.4,49
大阪,2022-02-22,5.8,0,8.0,50
大阪,2022-02-23,5.0,0,4.4,59
大阪,2022-02-24,5.4,20,5.6,52
大阪,2022-02-25,6.5,0,5.2,61
大阪,2022-02-26,8.0,0,4.0,61
大阪,2022-02-27,11.3,0,5.6,51
大阪,2022-02-28,9.0,0,3.3,59
大阪,2022-03-01,9.6,70,2.2,82
大阪,2022-03-02,10.5,0,2.5,82
大阪,2022-03-03,9.9,0,4.9,65
大阪,2022-03-04,9.2,0,1.7,52
大阪,2022-03-05,13.2,20,7.9,62
大阪,2022-03-06,8.2,40,7.0,50
大阪,2022-03-07,8.1,20,4.2,51
大阪,2022-03-08,9.0,0,2.5,63
大阪,2022-03-09,9.7,0,1.7,58
大阪,2022-03-10,11.2,0,2.3,56
大阪,2022-03-11,12.7,0,3.4,67
大阪,2022-03-12,15.0,0,3.8,72
大阪,2022-03-13,17.5,0,5.1,68
大阪,2022-03-14,17.7,0,2.7,75
大阪,2022-03-15,17.2,10,5.4,57
大阪,2022-03-16,15.2,0,3.6,59
大阪,2022-03-17,14.9,0,5.2,52
大阪,2022-03-18,11.9,100,7.6,81
大阪,2022-03-19,10.8,40,4.2,67
大阪,2022-03-20,10.5,20,4.3,57
大阪,2022-03-21,11.4,0,2.3,59
大阪,2022-03-22,7.2,60,4.3,77
大阪,2022-03-23,10.9,30,3.9,60
大阪,2022-03-24,11.7,0,5.4,68
大阪,2022-03-25,14.9,0,3.0,62
大阪,2022-03-26,16.6,100,2.5,79
大阪,2022-03-27,15.4,0,4.6,56
大阪,2022-03-28,12.1,0,5.6,44
大阪,2022-03-29,13.2,0,2.1,66
大阪,2022-03-30,16.0,0,3.2,73
大阪,2022-03-31,14.4,90,4.7,78
大阪,2022-04-01,10.5,0,8.3,41
大阪,2022-04-02,10.8,0,2.9,48
大阪,2022-04-03,12.4,90,5.9,73
大阪,2022-04-04,15.4,10,4.7,54
大阪,2022-04-05,13.2,0,2.9,60
大阪,2022-04-06,16.6,0,4.0,50
大阪,2022-04-07,17.1,0,6.0,62
大阪,2022-04-08,16.9,0,3.1,54
大阪,2022-04-09,17.8,0,4.9,58
大阪,2022-04-10,19.1,0,3.5,64
大阪,2022-04-11,18.8,0,5.0,65
大阪,2022-04-12,20.7,0,4.8,67
大阪,2022-04-13,22.6,0,3.6,68
大阪,2022-04-14,22.4,30,4.2,69
大阪,2022-04-15,15.8,40,6.3,76
大阪,2022-04-16,14.4,0,8.7,48
大阪,2022-04-17,17.5,0,3.0,52
大阪,2022-04-18,19.9,0,3.3,62
大阪,2022-04-19,18.9,0,2.7,55
大阪,2022-04-20,21.0,0,4.2,37
大阪,2022-04-21,19.1,70,2.7,74
大阪,2022-04-22,18.6,10,5.6,73
大阪,2022-04-23,19.7,0,4.6,68
大阪,2022-04-24,18.0,90,4.7,84
大阪,2022-04-25,21.7,0,3.0,76
大阪,2022-04-26,23.4,70,8.0,80
大阪,2022-04-27,20.9,20,5.7,70
大阪,2022-04-28,21.4,0,4.2,49
大阪,2022-04-29,16.9,70,8.8,80
大阪,2022-04-30,17.3,0,3.3,53
大阪,2022-05-01,16.5,70,2.9,73
大阪,2022-05-02,16.3,20,4.5,53
大阪,2022-05-03,16.5,0,3.1,53
大阪,2022-05-04,19.0,0,5.6,64
大阪,2022-05-05,20.0,0,4.0,57
大阪,2022-05-06,22.2,0,2.0,58
大阪,2022-05-07,22.8,0,4.0,57
大阪,2022-05-08,19.7,0,4.7,32
大阪,2022-05-09,15.7,40,4.0,55
大阪,2022-05-10,22.4,0,3.1,50
大阪,2022-05-11,21.7,30,3.3,66
大阪,2022-05-12,21.2,90,5.0,80
大阪,2022-05-13,21.6,80,3.1,87
大阪,2022-05-14,21.4,0,4.9,64
大阪,2022-05-15,19.0,0,2.1,49
大阪,2022-05-16,18.5,0,1.7,63
大阪,2022-05-17,19.3,0,1.7,66
大阪,2022-05-18,22.5,0,2.5,54
大阪,2022-05-19,22.6,0,3.7,50
大阪,2022-05-20,21.8,0,2.7,53
大阪,2022-05-21,20.8,0,3.0,64
大阪,2022-05-22,21.7,0,5.4,60
大阪,2022-05-23,24.2,0,3.4,50
大阪,2022-05-24,25.2,0,4.6,51
大阪,2022-05-25,25.4,0,4.3,50
大阪,2022-05-26,24.1,60,3.5,66
大阪,2022-05-27,22.9,10,5.2,69
大阪,2022-05-28,24.2,0,5.3,57
大阪,2022-05-29,25.4,0,3.3,45
大阪,2022-05-30,22.9,40,4.4,68
大阪,2022-05-31,22.7,50,2.6,73
大阪,2022-06-01,23.3,0,1.0,43
大阪,2022-06-02,24.8,0,3.9,48
大阪,2022-06-03,25.0,0,4.3,57
大阪,2022-06-04,25.2,0,2.3,45
大阪,2022-06-05,23.9,40,4.3,64
大阪,2022-06-06,21.5,100,5.7,78
大阪,2022-06-07,22.4,0,6.3,58
大阪,2022-06-08,22.1,0,3.1,60
大阪,2022-06-09,24.5,0,4.2,57
大阪,2022-06-10,24.6,0,5.1,69
大阪,2022-06-11,23.9,80,4.6,68
大阪,2022-06-12,24.8,0,6.0,48
大阪,2022-06-13,25.2,0,2.1,44
大阪,2022-06-14,21.2,90,8.1,71
大阪,2022-06-15,24.3,30,5.4,68
大阪,2022-06-16,24.0,50,4.4,79
大阪,2022-06-17,25.9,0,5.0,72
大阪,2022-06-18,26.9,30,3.4,66
大阪,2022-06-19,25.6,0,5.3,72
大阪,2022-06-20,26.3,0,4.9,72
大阪,2022-06-21,24.5,100,2.2,83
大阪,2022-06-22,26.3,10,4.4,82
大阪,2022-06-23,28.3,0,4.9,74
大阪,2022-06-24,29.7,0,12.1,65
大阪,2022-06-25,28.5,20,6.5,80
大阪,2022-06-26,27.3,0,5.7,75
大阪,2022-06-27,28.2,0,5.2,77
大阪,2022-06-28,29.6,0,6.6,69
大阪,2022-06-29,29.9,0,7.7,67
大阪,2022-06-30,30.8,0,4.5,61
大阪,2022-07-01,34.7,0,1.0,43
大阪,2022-07-02,30.8,0,6.4,61
大阪,2022-07-03,28.3,50,3.9,78
大阪,2022-07-04,26.7,100,1.2,83
大阪,2022-07-05,26.9,80,4.1,84
大阪,2022-07-06,29.9,80,3.3,73
大阪,2022-07-07,29.9,30,2.0,64
大阪,2022-07-08,28.4,30,4.7,76
大阪,2022-07-09,28.6,50,3.7,75
大阪,2022-07-10,28.1,20,4.4,78
大阪,2022-07-11,28.7,10,4.7,74
大阪,2022-07-12,27.2,50,3.9,82
大阪,2022-07-13,28.6,40,2.6,67
大阪,2022-07-14,26.4,70,3.0,79
大阪,2022-07-15,27.7,50,3.9,78
大阪,2022-07-16,26.2,80,2.6,79
大阪,2022-07-17,28.3,10,4.9,72
大阪,2022-07-18,28.8,0,4.1,68
大阪,2022-07-19,28.0,90,8.5,85
大阪,2022-07-20,28.7,20,4.2,70
大阪,2022-07-21,28.4,20,3.0,74
大阪,2022-07-22,28.7,30,7.9,69
大阪,2022-07-23,28.4,0,4.0,63
大阪,2022-07-24,28.8,0,4.1,64
大阪,2022-07-25,30.4,0,3.8,66
大阪,2022-07-26,33.5,10,1.8,58
大阪,2022-07-27,29.9,80,3.0,73
大阪,2022-07-28,30.8,20,3.5,68
大阪,2022-07-29,32.7,50,1.7,58
大阪,2022-07-30,32.6,10,3.8,60
大阪,2022-07-31,31.8,0,4.6,64
大阪,2022-08-01,32.9,0,6.6,55
大阪,2022-08-02,32.3,0,6.2,55
大阪,2022-08-03,33.0,20,5.9,55
大阪,2022-08-04,31.8,20,5.8,62
大阪,2022-08-05,30.3,10,3.6,67
大阪,2022-08-06,29.5,60,2.7,75
大阪,2022-08-07,31.2,20,4.2,68
大阪,2022-08-08,31.8,0,5.5,65
大阪,2022-08-09,32.6,0,7.5,59
大阪,2022-08-10,32.8,0,6.6,58
大阪,2022-08-11,32.6,0,5.6,58
大阪,2022-08-12,31.8,20,3.7,62
大阪,2022-08-13,31.2,90,4.3,67
大阪,2022-08-14,31.3,40,5.7,70
大阪,2022-08-15,32.2,10,6.4,65
大阪,2022-08-16,32.4,50,8.9,64
大阪,2022-08-17,28.7,70,2.4,80
大阪,2022-08-18,27.5,40,4.2,71
大阪,2022-08-19,28.8,0,4.2,63
大阪,2022-08-20,29.3,70,4.2,80
大阪,2022-08-21,29.1,20,2.3,75
大阪,2022-08-22,31.9,30,2.3,68
大阪,2022-08-23,31.0,0,3.5,69
大阪,2022-08-24,29.7,50,2.3,74
大阪,2022-08-25,30.0,30,4.2,72
大阪,2022-08-26,29.8,10,4.0,62
大阪,2022-08-27,29.8,30,2.6,62
大阪,2022-08-28,28.3,0,5.8,53
大阪,2022-08-29,31.0,0,3.3,52
大阪,2022-08-30,28.3,50,2.8,77
大阪,2022-08-31,30.7,0,4.8,72
大阪,2022-09-01,27.5,70,3.7,83
大阪,2022-09-02,29.0,40,2.5,69
大阪,2022-09-03,28.8,60,2.7,75
大阪,2022-09-04,30.5,20,3.5,64
大阪,2022-09-05,31.1,50,3.6,62
大阪,2022-09-06,30.9,50,7.7,64
大阪,2022-09-07,28.4,0,4.9,61
大阪,2022-09-08,28.8,20,4.0,68
大阪,2022-09-09,26.9,90,1.8,81
大阪,2022-09-10,28.8,60,2.8,73
大阪,2022-09-11,30.6,0,0.7,60
大阪,2022-09-12,31.2,0,4.5,58
大阪,2022-09-13,31.7,0,4.9,58
大阪,2022-09-14,31.8,0,4.4,60
大阪,2022-09-15,31.4,10,4.6,56
大阪,2022-09-16,30.3,0,6.3,49
大阪,2022-09-17,28.6,0,7.9,67
大阪,2022-09-18,30.6,0,7.9,65
大阪,2022-09-19,29.7,80,7.8,70
大阪,2022-09-20,22.6,0,7.7,56
大阪,2022-09-21,22.5,0,5.1,58
大阪,2022-09-22,25.4,0,7.5,65
大阪,2022-09-23,23.1,100,5.4,87
大阪,2022-09-24,26.2,0,5.1,60
大阪,2022-09-25,24.4,0,1.8,58
大阪,2022-09-26,27.0,0,2.2,67
大阪,2022-09-27,25.9,50,4.8,73
大阪,2022-09-28,25.5,20,3.6,67
大阪,2022-09-29,24.9,0,2.9,62
大阪,2022-09-30,26.2,0,3.8,62
大阪,2022-10-01,25.4,0,3.1,68
大阪,2022-10-02,26.0,0,2.5,56
大阪,2022-10-03,26.3,0,2.8,66
大阪,2022-10-04,27.4,0,6.5,66
大阪,2022-10-05,21.2,10,5.5,63
大阪,2022-10-06,19.2,0,2.8,58
大阪,2022-10-07,17.1,90,3.0,86
大阪,2022-10-08,19.8,20,5.6,62
大阪,2022-10-09,18.8,100,5.5,81
大阪,2022-10-10,21.4,40,4.6,78
大阪,2022-10-11,19.8,0,4.3,52
大阪,2022-10-12,19.0,40,3.7,71
大阪,2022-10-13,22.6,0,3.8,63
大阪,2022-10-14,23.1,0,2.9,65
大阪,2022-10-15,23.4,0,2.0,69
大阪,2022-10-16,24.1,0,2.1,72
大阪,2022-10-17,21.6,90,2.2,84
大阪,2022-10-18,18.5,0,6.7,63
大阪,2022-10-19,18.7,0,3.6,48
大阪,2022-10-20,18.8,0,1.2,59
大阪,2022-10-21,19.6,0,2.8,64
大阪,2022-10-22,21.9,0,3.2,70
大阪,2022-10-23,21.6,10,2.6,63
大阪,2022-10-24,18.0,0,3.7,51
大阪,2022-10-25,16.3,30,5.4,60
大阪,2022-10-26,17.1,0,2.3,55
大阪,2022-10-27,17.1,0,2.2,59
大阪,2022-10-28,19.0,0,2.3,56
大阪,2022-10-29,17.4,0,5.5,53
大阪,2022-10-30,16.7,0,3.1,58
大阪,2022-10-31,17.7,30,4.9,65
大阪,2022-11-01,16.2,100,5.6,84
大阪,2022-11-02,20.2,0,1.8,72
大阪,2022-11-03,18.3,0,2.9,79
大阪,2022-11-04,18.6,0,4.8,61
大阪,2022-11-05,15.8,0,2.4,67
大阪,2022-11-06,16.0,0,1.7,60
大阪,2022-11-07,16.9,0,2.2,57
大阪,2022-11-08,16.7,0,3.5,64
大阪,2022-11-09,16.6,0,1.4,60
大阪,2022-11-10,17.9,0,2.5,69
大阪,2022-11-11,18.4,0,1.4,61
大阪,2022-11-12,19.7,0,1.5,60
大阪,2022-11-13,19.6,80,2.6,88
大阪,2022-11-14,15.9,0,5.9,51
大阪,2022-11-15,15.6,0,3.7,60
大阪,2022-11-16,15.4,0,3.8,55
大阪,2022-11-17,14.5,0,1.2,56
大阪,2022-11-18,15.2,0,1.9,59
大阪,2022-11-19,15.6,0,2.8,58
大阪,2022-11-20,15.3,60,6.2,70
大阪,2022-11-21,17.3,0,2.3,77
大阪,2022-11-22,15.9,0,2.5,75
大阪,2022-11-23,15.0,100,4.8,88
大阪,2022-11-24,16.3,0,4.3,61
大阪,2022-11-25,14.8,0,1.3,67
大阪,2022-11-26,16.2,10,1.6,76
大阪,2022-11-27,15.5,0,3.8,59
大阪,2022-11-28,16.0,0,2.0,63
大阪,2022-11-29,18.3,100,2.1,89
大阪,2022-11-30,14.8,0,6.6,65
大阪,2022-12-01,10.6,0,4.7,58
大阪,2022-12-02,9.3,0,5.6,54
大阪,2022-12-03,9.7,0,2.4,69
大阪,2022-12-04,10.8,0,1.3,74
大阪,2022-12-05,11.3,10,2.5,62
大阪,2022-12-06,10.8,0,3.8,57
大阪,2022-12-07,10.7,0,5.5,56
大阪,2022-12-08,12.0,0,4.1,61
大阪,2022-12-09,11.4,0,2.0,61
大阪,2022-12-10,13.3,0,1.3,58
大阪,2022-12-11,12.1,0,4.5,67
大阪,2022-12-12,10.5,0,2.4,58
大阪,2022-12-13,12.8,20,5.0,65
大阪,2022-12-14,7.8,0,8.0,44
大阪,2022-12-15,6.8,0,5.7,55
大阪,2022-12-16,9.1,10,5.4,64
大阪,2022-12-17,6.6,80,2.6,82
大阪,2022-12-18,3.8,0,7.8,41
大阪,2022-12-19,5.4,0,8.4,44
大阪,2022-12-20,6.9,0,3.5,62
大阪,2022-12-21,8.8,0,2.9,64
大阪,2022-12-22,9.4,30,6.0,67
大阪,2022-12-23,3.3,40,11.8,40
大阪,2022-12-24,6.5,0,6.7,65
大阪,2022-12-25,8.4,30,5.1,60
大阪,2022-12-26,6.8,0,5.2,64
大阪,2022-12-27,7.8,0,3.7,62
大阪,2022-12-28,8.2,0,3.1,69
大阪,2022-12-29,8.7,0,4.7,56
大阪,2022-12-30,8.1,0,4.3,54
大阪,2022-12-31,8.4,0,4.6,60
大阪,2023-01-01,8.9,0,4.9,58
大阪,2023-01-02,7.6,20,3.4,69
大阪,2023-01-03,8.0,0,4.1,58
大阪,2023-01-04,8.0,10,6.2,54
大阪,2023-01-05,7.1,20,3.4,66
大阪,2023-01-06,7.9,0,2.6,61
大阪,2023-01-07,7.0,30,2.8,73
大阪,2023-01-08,9.2,0,3.2,70
大阪,2023-01-09,8.7,0,4.0,77
大阪,2023-01-10,7.1,0,6.2,52
大阪,2023-01-11,6.0,0,1.9,64
大阪,2023-01-12,9.5,0,1.7,63
大阪,2023-01-13,13.4,10,3.5,74
大阪,2023-01-14,13.0,60,2.5,92
大阪,2023-01-15,12.9,0,3.5,69
大阪,2023-01-16,9.0,20,8.0,70
大阪,2023-01-17,7.3,0,1.6,60
大阪,2023-01-18,8.7,10,4.1,64
大阪,2023-01-19,8.0,0,2.9,65
大阪,2023-01-20,8.9,20,6.0,61
大阪,2023-01-21,6.3,0,4.4,54
大阪,2023-01-22,6.2,0,1.7,66
大阪,2023-01-23,6.3,40,2.5,82
大阪,2023-01-24,5.8,20,10.1,52
大阪,2023-01-25,1.7,50,6.1,52
大阪,2023-01-26,3.7,0,5.3,67
大阪,2023-01-27,4.4,60,4.9,80
大阪,2023-01-28,4.5,40,4.7,60
大阪,2023-01-29,5.2,0,5.9,59
大阪,2023-01-30,6.3,40,7.4,58
大阪,2023-01-31,5.0,0,3.0,66
大阪,2023-02-01,8.9,20,3.6,73
大阪,2023-02-02,6.4,0,5.2,57
大阪,2023-02-03,5.6,0,1.6,68
大阪,2023-02-04,8.0,0,3.9,68
大阪,2023-02-05,7.9,0,2.4,62
大阪,2023-02-06,8.1,0,2.0,63
大阪,2023-02-07,9.6,0,2.0,71
大阪,2023-02-08,10.0,10,4.9,65
大阪,2023-02-09,7.1,0,5.2,56
大阪,2023-02-10,8.3,90,6.3,84
大阪,2023-02-11,11.8,0,4.1,60
大阪,2023-02-12,11.7,0,2.2,68
大阪,2023-02-13,9.6,70,5.0,78
大阪,2023-02-14,5.9,0,7.1,52
大阪,2023-02-15,4.0,0,7.0,54
大阪,2023-02-16,5.9,0,3.5,52
大阪,2023-02-17,7.1,0,3.2,64
大阪,2023-02-18,9.8,30,2.1,78
大阪,2023-02-19,12.9,100,4.0,87
大阪,2023-02-20,9.4,40,6.6,55
大阪,2023-02-21,5.8,20,7.5,48
大阪,2023-02-22,6.8,0,2.1,60
大阪,2023-02-23,8.1,10,2.8,74
大阪,2023-02-24,6.8,80,1.6,84
大阪,2023-02-25,7.0,0,6.6,50
大阪,2023-02-26,6.4,0,6.9,52
大阪,2023-02-27,7.2,0,2.6,67
大阪,2023-02-28,10.5,0,3.9,64
大阪,2023-03-01,13.8,0,2.5,62
大阪,2023-03-02,8.7,10,8.5,53
大阪,2023-03-03,7.5,0,4.0,58
大阪,2023-03-04,10.0,0,2.9,59
大阪,2023-03-05,10.9,0,2.5,51
大阪,2023-03-06,10.5,0,3.2,61
大阪,2023-03-07,11.8,0,3.4,58
大阪,2023-03-08,14.2,0,2.6,52
大阪,2023-03-09,16.6,0,4.2,63
大阪,2023-03-10,17.4,0,4.3,64
大阪,2023-03-11,18.7,0,1.9,42
大阪,2023-03-12,17.2,10,2.6,64
大阪,2023-03-13,11.2,10,6.2,50
大阪,2023-03-14,10.7,0,1.9,59
大阪,2023-03-15,14.7,0,3.3,60
大阪,2023-03-16,16.8,0,4.9,63
大阪,2023-03-17,14.0,0,4.3,56
大阪,2023-03-18,11.5,30,5.2,68
大阪,2023-03-19,12.0,0,2.5,62
大阪,2023-03-20,14.5,0,3.0,50
大阪,2023-03-21,15.1,70,2.9,73
大阪,2023-03-22,19.7,0,2.4,69
大阪,2023-03-23,19.0,80,4.5,85
大阪,2023-03-24,18.4,10,4.3,72
大阪,2023-03-25,14.4,10,4.0,61
大阪,2023-03-26,11.9,100,4.1,82
大阪,2023-03-27,14.7,0,3.5,54
大阪,2023-03-28,14.0,0,2.8,53
大阪,2023-03-29,14.3,0,2.8,51
大阪,2023-03-30,15.2,0,2.4,44
大阪,2023-03-31,17.0,0,2.4,45
大阪,2023-04-01,19.4,0,2.7,49
大阪,2023-04-02,19.3,10,6.6,47
大阪,2023-04-03,17.4,0,3.4,48
大阪,2023-04-04,16.8,0,4.3,56
大阪,2023-04-05,18.4,0,5.7,50
大阪,2023-04-06,20.2,40,6.4,70
大阪,2023-04-07,17.3,100,3.5,87
大阪,2023-04-08,13.9,50,7.1,50
大阪,2023-04-09,13.7,0,4.3,51
大阪,2023-04-10,17.0,0,5.1,60
大阪,2023-04-11,19.4,0,7.6,62
大阪,2023-04-12,17.3,40,5.3,71
大阪,2023-04-13,16.3,0,2.7,46
大阪,2023-04-14,17.5,0,3.5,60
大阪,2023-04-15,16.0,80,6.1,81
大阪,2023-04-16,17.4,40,5.9,62
大阪,2023-04-17,16.0,20,6.2,49
大阪,2023-04-18,18.2,0,5.2,61
大阪,2023-04-19,18.5,50,3.5,89
大阪,2023-04-20,19.6,0,3.8,84
大阪,2023-04-21,19.4,0,4.9,70
大阪,2023-04-22,15.7,0,7.0,40
大阪,2023-04-23,17.0,0,4.5,38
大阪,2023-04-24,13.7,0,3.4,35
大阪,2023-04-25,14.1,100,4.2,78
大阪,2023-04-26,15.5,60,4.5,77
大阪,2023-04-27,17.0,0,3.2,61
大阪,2023-04-28,18.0,0,4.3,62
大阪,2023-04-29,20.9,50,3.0,69
大阪,2023-04-30,18.5,30,5.4,78
大阪,2023-05-01,18.7,10,5.9,55
大阪,2023-05-02,18.7,0,5.1,44
大阪,2023-05-03,18.9,0,4.5,64
大阪,2023-05-04,20.5,0,5.4,64
大阪,2023-05-05,22.0,0,7.0,61
大阪,2023-05-06,23.7,20,8.5,69
大阪,2023-05-07,20.2,100,3.7,89
大阪,2023-05-08,17.3,0,9.5,57
大阪,2023-05-09,19.0,0,2.5,59
大阪,2023-05-10,20.0,0,3.3,63
大阪,2023-05-11,21.3,0,4.1,37
大阪,2023-05-12,21.2,0,2.1,40
大阪,2023-05-13,19.6,70,2.3,66
大阪,2023-05-14,20.8,50,3.6,70
大阪,2023-05-15,21.3,30,2.6,68
大阪,2023-05-16,21.7,0,4.0,67
大阪,2023-05-17,23.6,0,3.8,68
大阪,2023-05-18,23.0,0,6.2,69
大阪,2023-05-19,19.5,100,5.8,83
大阪,2023-05-20,23.5,0,4.0,62
大阪,2023-05-21,23.6,0,4.4,69
大阪,2023-05-22,24.0,0,3.9,65
大阪,2023-05-23,20.6,0,6.4,54
大阪,2023-05-24,20.5,0,5.5,44
大阪,2023-05-25,21.7,20,2.4,60
大阪,2023-05-26,22.3,0,4.1,64
大阪,2023-05-27,22.8,0,3.9,67
大阪,2023-05-28,23.2,0,4.4,64
大阪,2023-05-29,22.5,60,5.1,86
大阪,2023-05-30,22.0,50,2.5,79
大阪,2023-05-31,21.2,30,2.5,67
大阪,2023-06-01,24.0,0,2.6,71
大阪,2023-06-02,21.2,100,2.8,93
大阪,2023-06-03,23.5,0,6.3,53
大阪,2023-06-04,22.2,0,3.6,62
大阪,2023-06-05,23.4,0,3.4,65
大阪,2023-06-06,20.2,70,4.3,71
大阪,2023-06-07,22.2,0,4.1,71
大阪,2023-06-08,22.3,50,1.8,72
大阪,2023-06-09,22.6,10,4.4,75
大阪,2023-06-10,23.7,0,3.2,74
大阪,2023-06-11,23.1,100,2.4,83
大阪,2023-06-12,24.5,90,1.5,82
大阪,2023-06-13,24.2,0,4.2,78
大阪,2023-06-14,25.0,30,2.2,78
大阪,2023-06-15,23.5,50,2.3,87
大阪,2023-06-16,24.1,20,5.3,70
大阪,2023-06-17,26.2,0,3.6,65
大阪,2023-06-18,24.0,0,2.3,71
大阪,2023-06-19,27.5,0,4.2,54
大阪,2023-06-20,26.5,0,3.0,64
大阪,2023-06-21,27.0,0,4.4,58
大阪,2023-06-22,21.9,60,8.6,80
大阪,2023-06-23,24.2,0,3.8,76
大阪,2023-06-24,26.0,10,2.4,68
大阪,2023-06-25,25.8,0,2.5,66
大阪,2023-06-26,24.1,70,2.2,82
大阪,2023-06-27,27.4,0,4.7,80
大阪,2023-06-28,27.9,30,6.6,80
大阪,2023-06-29,28.8,20,5.4,73
大阪,2023-06-30,26.7,90,8.1,86
大阪,2023-07-01,25.5,90,6.0,84
大阪,2023-07-02,27.9,10,4.7,76
大阪,2023-07-03,28.5,0,3.4,74
大阪,2023-07-04,29.1,0,2.5,60
大阪,2023-07-05,26.9,70,2.2,80
大阪,2023-07-06,28.4,0,4.3,70
大阪,2023-07-07,29.1,20,3.2,68
大阪,2023-07-08,29.6,30,7.7,75
大阪,2023-07-09,28.3,90,6.5,82
大阪,2023-07-10,28.9,20,6.2,80
大阪,2023-07-11,30.0,0,6.1,72
大阪,2023-07-12,28.8,80,5.9,79
大阪,2023-07-13,26.8,70,4.2,81
大阪,2023-07-14,29.5,10,5.6,71
大阪,2023-07-15,30.5,10,8.7,67
大阪,2023-07-16,31.2,0,7.1,61
大阪,2023-07-17,31.6,0,4.1,62
大阪,2023-07-18,32.2,0,2.6,61
大阪,2023-07-19,30.0,40,8.8,68
大阪,2023-07-20,30.7,0,3.6,54
大阪,2023-07-21,30.5,0,2.8,49
大阪,2023-07-22,30.8,0,3.7,59
大阪,2023-07-23,31.3,0,3.9,57
大阪,2023-07-24,31.5,10,5.3,55
大阪,2023-07-25,32.7,0,4.9,52
大阪,2023-07-26,33.7,30,3.7,54
大阪,2023-07-27,35.3,10,2.7,45
大阪,2023-07-28,34.2,20,2.5,52
大阪,2023-07-29,33.2,0,5.0,49
大阪,2023-07-30,33.9,20,4.4,49
大阪,2023-07-31,33.4,30,4.1,51
大阪,2023-08-01,32.4,20,4.0,56
大阪,2023-08-02,33.2,10,4.5,52
大阪,2023-08-03,33.1,20,4.6,54
大阪,2023-08-04,33.3,20,5.8,55
大阪,2023-08-05,34.6,10,4.3,51
大阪,2023-08-06,35.3,40,7.3,47
大阪,2023-08-07,32.1,40,6.3,58
大阪,2023-08-08,34.2,30,8.9,52
大阪,2023-08-09,34.6,60,6.5,53
大阪,2023-08-10,33.8,20,7.7,50
大阪,2023-08-11,33.2,40,5.1,57
大阪,2023-08-12,33.8,0,4.7,53
大阪,2023-08-13,35.6,40,4.4,46
大阪,2023-08-14,33.2,50,7.3,56
大阪,2023-08-15,27.1,100,11.8,82
大阪,2023-08-16,30.7,10,6.9,72
大阪,2023-08-17,29.0,50,2.8,79
大阪,2023-08-18,30.1,20,2.5,75
大阪,2023-08-19,31.1,0,3.7,70
大阪,2023-08-20,32.8,0,2.1,67
大阪,2023-08-21,32.9,10,2.2,62
大阪,2023-08-22,32.4,30,3.6,64
大阪,2023-08-23,31.8,40,4.2,66
大阪,2023-08-24,28.9,50,2.5,79
大阪,2023-08-25,29.8,40,2.4,71
大阪,2023-08-26,30.7,40,1.8,67
大阪,2023-08-27,30.9,30,1.8,61
大阪,2023-08-28,30.8,0,3.4,65
大阪,2023-08-29,31.4,20,4.3,63
大阪,2023-08-30,30.8,20,1.5,67
大阪,2023-08-31,31.9,0,3.7,59
大阪,2023-09-01,31.6,0,5.4,57
大阪,2023-09-02,31.0,0,2.6,55
大阪,2023-09-03,34.0,10,4.0,46
大阪,2023-09-04,33.7,30,4.9,51
大阪,2023-09-05,31.6,20,5.9,59
大阪,2023-09-06,30.4,50,3.3,59
大阪,2023-09-07,30.4,10,5.7,54
大阪,2023-09-08,28.2,40,2.5,70
大阪,2023-09-09,30.0,0,4.1,51
大阪,2023-09-10,29.7,50,2.4,61
大阪,2023-09-11,27.6,90,2.3,73
大阪,2023-09-12,28.7,40,1.5,70
大阪,2023-09-13,29.2,0,3.0,66
大阪,2023-09-14,29.5,0,3.6,68
大阪,2023-09-15,30.9,0,3.6,64
大阪,2023-09-16,30.9,0,4.5,60
大阪,2023-09-17,31.1,0,5.4,60
大阪,2023-09-18,30.1,60,4.2,64
大阪,2023-09-19,31.3,0,5.6,54
大阪,2023-09-20,30.9,0,4.3,56
大阪,2023-09-21,30.0,50,9.5,67
大阪,2023-09-22,27.6,20,2.0,68
大阪,2023-09-23,26.1,0,4.9,57
大阪,2023-09-24,27.1,0,3.4,56
大阪,2023-09-25,28.6,0,2.8,54
大阪,2023-09-26,27.9,0,2.6,56
大阪,2023-09-27,28.8,0,4.8,64
大阪,2023-09-28,29.2,20,6.2,65
大阪,2023-09-29,29.0,0,2.7,47
大阪,2023-09-30,28.4,0,4.9,58
大阪,2023-10-01,24.5,20,1.9,77
大阪,2023-10-02,24.2,0,4.9,46
大阪,2023-10-03,23.4,0,2.1,54
大阪,2023-10-04,24.7,50,2.8,68
大阪,2023-10-05,21.1,0,6.2,60
大阪,2023-10-06,21.4,10,6.1,46
大阪,2023-10-07,21.5,0,5.5,47
大阪,2023-10-08,18.6,70,4.7,72
大阪,2023-10-09,20.1,10,4.0,80
大阪,2023-10-10,22.3,20,5.7,61
大阪,2023-10-11,21.9,0,4.3,52
大阪,2023-10-12,21.8,0,3.8,52
大阪,2023-10-13,21.4,0,2.5,53
大阪,2023-10-14,20.1,40,1.7,68
大阪,2023-10-15,22.0,30,5.2,59
大阪,2023-10-16,21.6,0,4.1,62
大阪,2023-10-17,21.5,30,2.0,65
大阪,2023-10-18,21.7,0,2.0,56
大阪,2023-10-19,22.4,0,3.0,62
大阪,2023-10-20,22.6,40,6.2,68
大阪,2023-10-21,16.7,0,6.2,57
大阪,2023-10-22,16.5,0,2.1,61
大阪,2023-10-23,19.3,0,2.1,61
大阪,2023-10-24,20.4,0,2.0,59
大阪,2023-10-25,20.8,30,2.0,59
大阪,2023-10-26,19.6,0,3.4,62
大阪,2023-10-27,20.4,10,4.2,62
大阪,2023-10-28,19.3,10,5.4,54
大阪,2023-10-29,17.9,0,5.7,52
大阪,2023-10-30,17.9,0,1.3,63
大阪,2023-10-31,19.7,0,1.6,50
大阪,2023-11-01,19.3,0,3.1,62
大阪,2023-11-02,21.3,0,2.1,64
大阪,2023-11-03,21.7,0,2.7,63
大阪,2023-11-04,22.6,0,1.9,60
大阪,2023-11-05,24.9,10,4.3,52
大阪,2023-11-06,25.4,40,4.4,63
大阪,2023-11-07,19.3,0,4.9,54
大阪,2023-11-08,18.6,0,1.6,60
大阪,2023-11-09,19.7,10,1.8,73
大阪,2023-11-10,17.5,80,2.0,90
大阪,2023-11-11,14.6,0,4.8,61
大阪,2023-11-12,13.0,10,2.0,78
大阪,2023-11-13,10.2,30,4.5,68
大阪,2023-11-14,13.3,0,2.4,64
大阪,2023-11-15,13.0,0,1.9,73
大阪,2023-11-16,14.6,0,1.2,65
大阪,2023-11-17,14.4,20,6.3,64
大阪,2023-11-18,8.6,50,8.1,53
大阪,2023-11-19,13.8,0,5.2,59
大阪,2023-11-20,13.9,0,5.7,60
大阪,2023-11-21,12.0,0,1.5,64
大阪,2023-11-22,14.2,0,1.6,72
大阪,2023-11-23,15.9,0,2.4,77
大阪,2023-11-24,15.8,0,6.9,51
大阪,2023-11-25,10.5,0,4.7,59
大阪,2023-11-26,9.8,0,1.8,74
大阪,2023-11-27,11.7,30,1.2,73
大阪,2023-11-28,14.1,30,7.3,53
大阪,2023-11-29,12.2,0,4.6,59
大阪,2023-11-30,11.2,0,5.9,52
大阪,2023-12-01,9.7,20,5.5,58
大阪,2023-12-02,9.8,0,3.7,60
大阪,2023-12-03,11.3,0,5.7,57
大阪,2023-12-04,9.6,0,1.5,65
大阪,2023-12-05,10.2,50,4.3,73
大阪,2023-12-06,11.9,0,2.2,79
大阪,2023-12-07,13.3,10,7.2,52
大阪,2023-12-08,10.8,0,1.5,63
大阪,2023-12-09,14.3,0,1.9,74
大阪,2023-12-10,13.8,0,1.8,78
大阪,2023-12-11,15.2,0,4.1,64
大阪,2023-12-12,15.7,30,3.8,80
大阪,2023-12-13,12.4,0,3.9,59
大阪,2023-12-14,12.3,0,1.5,65
大阪,2023-12-15,17.5,30,5.1,84
大阪,2023-12-16,15.9,70,7.0,75
大阪,2023-12-17,5.4,0,8.0,45
大阪,2023-12-18,6.8,0,4.3,58
大阪,2023-12-19,6.9,50,1.8,68
大阪,2023-12-20,9.1,0,5.0,60
大阪,2023-12-21,4.6,0,7.7,41
大阪,2023-12-22,4.0,0,8.4,42
大阪,2023-12-23,6.0,0,3.7,56
大阪,2023-12-24,7.3,0,2.7,63
大阪,2023-12-25,8.0,0,4.1,60
大阪,2023-12-26,7.6,0,3.6,63
大阪,2023-12-27,10.5,0,3.3,61
大阪,2023-12-28,9.7,0,2.5,70
大阪,2023-12-29,10.8,0,2.0,65
大阪,2023-12-30,10.2,0,1.1,62
大阪,2023-12-31,11.7,20,4.7,79
大阪,2024-01-01,9.3,0,5.8,57
大阪,2024-01-02,7.6,0,2.2,67
大阪,2024-01-03,9.9,20,1.4,72
大阪,2024-01-04,10.4,10,4.5,60
大阪,2024-01-05,9.0,0,3.4,72
大阪,2024-01-06,10.6,10,2.0,79
大阪,2024-01-07,8.4,0,6.6,48
大阪,2024-01-08,5.8,0,3.9,56
大阪,2024-01-09,7.0,0,2.7,69
大阪,2024-01-10,5.8,40,1.7,84
大阪,2024-01-11,9.0,0,2.4,56
大阪,2024-01-12,10.7,0,5.3,61
大阪,2024-01-13,8.4,0,8.0,54
大阪,2024-01-14,6.3,0,2.6,68
大阪,2024-01-15,6.6,20,6.3,58
大阪,2024-01-16,5.7,0,6.9,49
大阪,2024-01-17,7.0,0,2.1,60
大阪,2024-01-18,8.8,100,1.8,87
大阪,2024-01-19,11.1,0,5.4,63
大阪,2024-01-20,10.8,40,7.1,78
大阪,2024-01-21,11.8,40,5.3,74
大阪,2024-01-22,9.9,0,3.0,66
大阪,2024-01-23,5.0,0,8.0,48
大阪,2024-01-24,3.6,10,8.7,45
大阪,2024-01-25,3.7,30,4.9,64
大阪,2024-01-26,5.4,10,5.2,62
大阪,2024-01-27,7.2,0,3.7,62
大阪,2024-01-28,7.1,20,2.5,72
大阪,2024-01-29,7.0,0,2.1,73
大阪,2024-01-30,8.7,0,1.7,67
大阪,2024-01-31,9.3,60,3.1,79
大阪,2024-02-01,10.1,0,5.8,68
大阪,2024-02-02,6.8,0,4.6,54
大阪,2024-02-03,8.3,0,3.4,54
大阪,2024-02-04,8.7,0,4.7,62
大阪,2024-02-05,5.2,100,7.1,84
大阪,2024-02-06,8.1,0,5.7,59
大阪,2024-02-07,7.8,20,2.9,68
大阪,2024-02-08,7.6,0,3.9,56
大阪,2024-02-09,9.0,0,2.0,55
大阪,2024-02-10,8.9,40,4.3,64
大阪,2024-02-11,8.0,10,4.3,59
大阪,2024-02-12,9.2,20,4.5,52
大阪,2024-02-13,11.2,0,3.9,69
大阪,2024-02-14,14.1,0,2.0,67
大阪,2024-02-15,16.5,60,4.3,77
大阪,2024-02-16,8.1,0,6.3,55
大阪,2024-02-17,10.9,0,0.8,68
大阪,2024-02-18,15.4,30,1.7,75
大阪,2024-02-19,16.4,100,2.1,86
大阪,2024-02-20,15.4,0,4.5,78
大阪,2024-02-21,12.7,80,3.5,84
大阪,2024-02-22,9.0,20,5.5,68
大阪,2024-02-23,6.7,60,4.3,70
大阪,2024-02-24,8.9,0,4.6,52
大阪,2024-02-25,7.3,100,6.4,82
大阪,2024-02-26,8.8,0,7.8,56
大阪,2024-02-27,6.9,0,8.5,54
大阪,2024-02-28,9.7,0,4.6,52
大阪,2024-02-29,7.6,40,4.3,69
大阪,2024-03-01,11.7,50,6.3,56
大阪,2024-03-02,5.5,20,5.1,51
大阪,2024-03-03,8.0,0,6.1,56
大阪,2024-03-04,11.5,30,4.6,61
大阪,2024-03-05,6.8,100,7.7,84
大阪,2024-03-06,9.0,0,5.8,70
大阪,2024-03-07,9.6,0,4.5,49
大阪,2024-03-08,9.9,20,5.7,48
大阪,2024-03-09,6.7,50,6.7,50
大阪,2024-03-10,8.0,0,4.7,46
大阪,2024-03-11,10.3,0,2.6,54
大阪,2024-03-12,9.2,60,4.9,81
大阪,2024-03-13,10.0,0,6.7,50
大阪,2024-03-14,10.6,0,4.1,69
大阪,2024-03-15,12.3,0,5.0,58
大阪,2024-03-16,14.6,0,3.6,64
大阪,2024-03-17,13.7,40,3.0,70
大阪,2024-03-18,8.8,0,7.9,44
大阪,2024-03-19,9.8,0,3.6,51
大阪,2024-03-20,8.1,60,11.2,58
大阪,2024-03-21,6.8,30,4.4,49
大阪,2024-03-22,9.3,10,2.7,52
大阪,2024-03-23,9.6,100,2.7,89
大阪,2024-03-24,12.0,80,5.5,82
大阪,2024-03-25,13.9,60,1.7,84
大阪,2024-03-26,12.5,50,5.8,77
大阪,2024-03-27,13.0,0,5.1,46
大阪,2024-03-28,15.5,30,3.3,66
大阪,2024-03-29,17.9,0,6.9,67
大阪,2024-03-30,18.1,0,5.0,60
大阪,2024-03-31,19.8,0,4.5,67
大阪,2024-04-01,17.6,0,5.1,49
大阪,2024-04-02,16.7,0,3.1,51
大阪,2024-04-03,15.6,100,5.1,83
大阪,2024-04-04,17.5,0,5.7,64
大阪,2024-04-05,16.3,0,2.2,56
大阪,2024-04-06,18.1,0,2.1,65
大阪,2024-04-07,19.8,0,2.7,67
大阪,2024-04-08,21.4,30,5.0,72
大阪,2024-04-09,13.1,50,5.9,68
大阪,2024-04-10,14.4,0,2.0,52
大阪,2024-04-11,18.7,0,2.8,52
大阪,2024-04-12,20.9,0,2.9,48
大阪,2024-04-13,19.2,0,3.3,53
大阪,2024-04-14,19.8,0,3.3,61
大阪,2024-04-15,19.1,0,3.5,73
大阪,2024-04-16,21.4,0,4.6,66
大阪,2024-04-17,21.7,0,2.6,57
大阪,2024-04-18,18.8,0,4.0,54
大阪,2024-04-19,19.5,0,3.5,57
大阪,2024-04-20,21.1,0,1.8,52
大阪,2024-04-21,17.9,100,3.9,80
大阪,2024-04-22,22.7,10,4.2,71
大阪,2024-04-23,19.9,50,4.8,77
大阪,2024-04-24,21.3,70,6.2,70
大阪,2024-04-25,19.4,0,4.3,69
大阪,2024-04-26,21.4,0,3.1,58
大阪,2024-04-27,19.9,30,1.4,66
大阪,2024-04-28,22.4,0,3.2,66
大阪,2024-04-29,22.4,40,1.6,72
大阪,2024-04-30,21.9,50,2.9,81
大阪,2024-05-01,15.1,90,4.0,76
大阪,2024-05-02,19.2,0,2.2,48
大阪,2024-05-03,21.1,0,2.9,52
大阪,2024-05-04,21.8,0,3.9,56
大阪,2024-05-05,21.7,0,5.8,65
大阪,2024-05-06,22.7,30,4.5,61
大阪,2024-05-07,21.0,20,5.8,74
大阪,2024-05-08,17.2,0,6.4,60
大阪,2024-05-09,16.6,0,5.7,45
大阪,2024-05-10,19.2,0,3.8,46
大阪,2024-05-11,22.0,0,4.9,57
大阪,2024-05-12,23.3,20,4.4,64
大阪,2024-05-13,15.7,70,3.2,71
大阪,2024-05-14,20.3,0,3.1,64
大阪,2024-05-15,20.0,50,1.7,73
大阪,2024-05-16,17.8,0,10.0,55
大阪,2024-05-17,20.9,0,5.8,55
大阪,2024-05-18,24.2,0,2.9,47
大阪,2024-05-19,17.9,60,3.0,68
大阪,2024-05-20,20.9,0,3.9,71
大阪,2024-05-21,23.0,0,4.6,60
大阪,2024-05-22,22.6,0,2.6,58
大阪,2024-05-23,22.5,0,3.6,72
大阪,2024-05-24,23.1,0,4.1,74
大阪,2024-05-25,22.2,0,4.9,45
大阪,2024-05-26,24.2,0,3.6,63
大阪,2024-05-27,24.3,30,3.7,80
大阪,2024-05-28,19.3,100,5.0,88
大阪,2024-05-29,21.9,0,4.2,53
大阪,2024-05-30,22.8,10,2.6,56
大阪,2024-05-31,20.1,80,1.7,84
大阪,2024-06-01,22.5,0,2.9,69
大阪,2024-06-02,22.6,60,3.3,64
大阪,2024-06-03,22.1,60,3.3,56
大阪,2024-06-04,22.9,60,5.3,54
大阪,2024-06-05,24.6,10,3.4,51
大阪,2024-06-06,23.0,0,3.5,62
大阪,2024-06-07,26.4,0,2.5,53
大阪,2024-06-08,25.6,0,3.8,56
大阪,2024-06-09,21.9,60,3.2,74
大阪,2024-06-10,25.4,0,3.0,68
大阪,2024-06-11,25.0,0,4.3,71
大阪,2024-06-12,25.9,0,4.5,67
大阪,2024-06-13,28.4,0,2.5,56
大阪,2024-06-14,27.8,0,3.1,63
大阪,2024-06-15,27.2,0,1.9,61
大阪,2024-06-16,27.3,0,5.8,67
大阪,2024-06-17,26.6,0,1.5,56
大阪,2024-06-18,22.6,50,4.2,76
大阪,2024-06-19,26.4,0,3.3,59
大阪,2024-06-20,25.6,0,2.9,69
大阪,2024-06-21,24.9,30,4.2,65
大阪,2024-06-22,26.0,50,2.8,76
大阪,2024-06-23,27.1,100,8.6,86
大阪,2024-06-24,26.0,0,5.2,79
大阪,2024-06-25,26.4,20,4.3,79
大阪,2024-06-26,26.2,10,3.2,66
大阪,2024-06-27,24.5,20,1.9,66
大阪,2024-06-28,24.5,100,8.0,88
大阪,2024-06-29,26.6,30,5.3,75
大阪,2024-06-30,27.8,40,7.2,80
大阪,2024-07-01,26.2,80,6.1,90
大阪,2024-07-02,25.8,80,3.9,89
大阪,2024-07-03,29.0,10,4.4,80
大阪,2024-07-04,30.5,20,5.7,72
大阪,2024-07-05,31.2,0,5.4,65
大阪,2024-07-06,31.3,0,5.4,69
大阪,2024-07-07,31.1,0,6.1,65
大阪,2024-07-08,31.4,0,6.3,63
大阪,2024-07-09,30.8,0,6.1,66
大阪,2024-07-10,30.1,50,8.0,74
大阪,2024-07-11,26.8,70,4.2,82
大阪,2024-07-12,27.1,70,2.6,71
大阪,2024-07-13,27.7,0,3.0,72
大阪,2024-07-14,28.2,40,3.8,80
大阪,2024-07-15,27.4,70,2.9,84
大阪,2024-07-16,28.8,20,4.4,74
大阪,2024-07-17,29.8,0,3.9,72
大阪,2024-07-18,31.2,0,4.9,67
大阪,2024-07-19,32.2,0,6.8,65
大阪,2024-07-20,31.8,10,5.7,65
大阪,2024-07-21,32.4,0,4.5,67
大阪,2024-07-22,32.3,0,4.1,65
大阪,2024-07-23,32.1,0,6.3,62
大阪,2024-07-24,31.1,10,4.9,66
大阪,2024-07-25,31.4,20,6.0,68
大阪,2024-07-26,32.4,10,6.1,64
大阪,2024-07-27,32.7,0,6.6,63
大阪,2024-07-28,33.5,70,4.0,61
大阪,2024-07-29,34.0,0,6.2,52
大阪,2024-07-30,34.3,40,5.4,54
大阪,2024-07-31,35.2,0,5.3,41
大阪,2024-08-01,35.5,0,2.3,45
大阪,2024-08-02,36.3,0,3.0,43
大阪,2024-08-03,35.6,70,3.8,50
大阪,2024-08-04,34.4,50,3.5,56
大阪,2024-08-05,33.0,30,1.8,64
大阪,2024-08-06,34.2,40,2.3,54
大阪,2024-08-07,33.7,40,3.1,52
大阪,2024-08-08,35.1,0,3.2,41
大阪,2024-08-09,35.7,0,3.1,41
大阪,2024-08-10,34.4,0,5.8,43
大阪,2024-08-11,34.2,0,4.4,45
大阪,2024-08-12,34.6,0,3.4,44
大阪,2024-08-13,36.0,20,3.6,43
大阪,2024-08-14,35.9,40,2.3,46
大阪,2024-08-15,35.0,60,3.0,50
大阪,2024-08-16,32.6,0,6.7,56
大阪,2024-08-17,31.9,0,4.6,59
大阪,2024-08-18,33.9,0,3.2,49
大阪,2024-08-19,29.3,80,3.8,73
大阪,2024-08-20,29.2,40,4.1,79
大阪,2024-08-21,31.3,30,3.0,72
大阪,2024-08-22,32.3,0,3.3,65
大阪,2024-08-23,32.2,0,5.1,63
大阪,2024-08-24,32.4,10,4.2,64
大阪,2024-08-25,31.4,50,1.4,67
大阪,2024-08-26,32.2,60,3.3,60
大阪,2024-08-27,32.3,10,2.6,63
大阪,2024-08-28,32.0,20,5.2,59
大阪,2024-08-29,27.3,80,6.3,83
大阪,2024-08-30,32.9,30,4.2,60
大阪,2024-08-31,27.9,50,4.0,81
大阪,2024-09-01,29.8,30,4.6,72
大阪,2024-09-02,30.7,10,3.4,65
大阪,2024-09-03,29.2,20,2.5,66
大阪,2024-09-04,30.3,0,1.8,57
大阪,2024-09-05,29.7,0,4.2,64
大阪,2024-09-06,30.2,0,3.3,64
大阪,2024-09-07,31.0,0,3.2,59
大阪,2024-09-08,31.7,30,1.3,61
大阪,2024-09-09,33.0,0,4.7,52
大阪,2024-09-10,32.0,60,2.7,64
大阪,2024-09-11,31.6,0,3.6,65
大阪,2024-09-12,31.9,40,2.8,64
大阪,2024-09-13,31.7,0,3.8,60
大阪,2024-09-14,32.6,40,2.7,57
大阪,2024-09-15,30.4,30,1.7,73
大阪,2024-09-16,31.4,50,2.0,67
大阪,2024-09-17,31.0,50,2.6,69
大阪,2024-09-18,31.4,0,5.0,67
大阪,2024-09-19,32.0,10,4.0,64
大阪,2024-09-20,32.2,0,7.0,61
大阪,2024-09-21,31.8,0,9.6,56
大阪,2024-09-22,26.7,60,5.2,75
大阪,2024-09-23,26.4,0,5.4,57
大阪,2024-09-24,28.0,0,4.3,53
大阪,2024-09-25,27.6,0,2.8,51
大阪,2024-09-26,29.8,0,3.3,55
大阪,2024-09-27,30.1,0,4.8,59
大阪,2024-09-28,28.8,0,4.2,57
大阪,2024-09-29,26.6,50,3.1,66
大阪,2024-09-30,28.1,0,3.0,58
大阪,2024-10-01,28.2,0,4.1,58
大阪,2024-10-02,28.8,0,4.2,49
大阪,2024-10-03,24.1,90,3.9,86
大阪,2024-10-04,23.9,70,2.9,81
大阪,2024-10-05,25.0,0,3.1,62
大阪,2024-10-06,26.9,0,1.7,64
大阪,2024-10-07,25.9,70,4.3,78
大阪,2024-10-08,23.0,10,5.1,70
大阪,2024-10-09,23.6,20,4.6,61
大阪,2024-10-10,23.8,0,2.5,56
大阪,2024-10-11,22.9,0,2.4,56
大阪,2024-10-12,23.0,0,2.5,56
大阪,2024-10-13,24.2,0,3.4,58
大阪,2024-10-14,26.0,0,4.2,50
大阪,2024-10-15,25.8,0,2.3,66
大阪,2024-10-16,24.9,40,2.6,77
大阪,2024-10-17,26.2,0,3.1,58
大阪,2024-10-18,24.4,80,2.4,82
大阪,2024-10-19,24.9,70,3.8,82
大阪,2024-10-20,18.2,0,6.1,55
大阪,2024-10-21,21.7,0,7.0,55
大阪,2024-10-22,23.1,10,5.0,66
大阪,2024-10-23,25.0,90,6.7,83
大阪,2024-10-24,22.4,10,2.3,65
大阪,2024-10-25,22.2,0,4.2,60
大阪,2024-10-26,21.9,0,2.4,78
大阪,2024-10-27,23.7,0,1.9,73
大阪,2024-10-28,19.8,20,3.8,71
大阪,2024-10-29,18.5,90,4.4,79
大阪,2024-10-30,20.2,0,5.6,61
大阪,2024-10-31,19.1,0,3.1,68
大阪,2024-11-01,21.4,60,3.8,82
大阪,2024-11-02,19.6,70,3.7,88
大阪,2024-11-03,19.5,0,4.4,55
大阪,2024-11-04,20.0,0,1.9,70
大阪,2024-11-05,19.8,0,2.9,62
大阪,2024-11-06,17.7,10,4.1,62
大阪,2024-11-07,13.6,0,6.5,56
大阪,2024-11-08,14.2,0,2.1,57
大阪,2024-11-09,16.4,0,3.2,54
大阪,2024-11-10,19.0,0,4.2,69
大阪,2024-11-11,19.8,0,3.6,65
大阪,2024-11-12,18.6,0,2.6,72
大阪,2024-11-13,18.4,0,2.5,56
大阪,2024-11-14,17.9,0,1.2,67
大阪,2024-11-15,17.8,20,0.6,86
大阪,2024-11-16,18.9,60,2.5,82
大阪,2024-11-17,20.8,10,1.3,81
大阪,2024-11-18,13.8,0,4.2,62
大阪,2024-11-19,11.1,0,3.1,58
大阪,2024-11-20,12.8,0,0.8,64
大阪,2024-11-21,14.3,0,1.5,64
大阪,2024-11-22,15.5,0,2.8,58
大阪,2024-11-23,12.2,0,3.9,51
大阪,2024-11-24,11.6,10,2.2,63
大阪,2024-11-25,12.9,0,1.0,61
大阪,2024-11-26,16.6,50,1.8,79
大阪,2024-11-27,13.3,10,2.4,66
大阪,2024-11-28,11.8,20,4.6,53
大阪,2024-11-29,11.6,40,3.2,52
大阪,2024-11-30,12.1,0,3.8,52
大阪,2024-12-01,12.3,0,1.5,66
大阪,2024-12-02,13.1,0,0.8,68
大阪,2024-12-03,14.5,0,1.3,74
大阪,2024-12-04,12.6,0,2.5,52
大阪,2024-12-05,11.2,0,3.3,51
大阪,2024-12-06,12.4,0,3.8,51
大阪,2024-12-07,10.8,0,4.3,46
大阪,2024-12-08,8.8,0,3.4,53
大阪,2024-12-09,9.2,0,2.0,62
大阪,2024-12-10,10.2,0,1.6,64
大阪,2024-12-11,10.8,10,2.7,63
大阪,2024-12-12,9.2,0,2.3,50
大阪,2024-12-13,9.8,0,1.4,64
大阪,2024-12-14,7.2,30,2.0,65
大阪,2024-12-15,8.8,0,4.0,52
大阪,2024-12-16,10.0,0,3.0,53
大阪,2024-12-17,9.8,0,2.7,56
大阪,2024-12-18,8.9,0,2.8,49
大阪,2024-12-19,6.8,0,3.5,54
大阪,2024-12-20,6.1,0,0.9,70
大阪,2024-12-21,8.0,20,1.8,77
大阪,2024-12-22,6.8,10,3.3,62
大阪,2024-12-23,8.4,0,2.9,56
大阪,2024-12-24,8.1,0,2.4,63
大阪,2024-12-25,7.9,0,0.9,69
大阪,2024-12-26,11.3,0,3.3,62
大阪,2024-12-27,8.8,0,4.3,41
大阪,2024-12-28,7.4,0,3.8,44
大阪,2024-12-29,7.7,0,3.5,52
大阪,2024-12-30,8.0,0,1.5,67
大阪,2024-12-31,10.5,40,3.6,60
新潟,2019-01-01,4.9,70,4.6,77
新潟,2019-01-02,4.6,20,7.6,57
新潟,2019-01-03,3.9,30,7.4,57
新潟,2019-01-04,6.9,0,3.8,60
新潟,2019-01-05,5.4,70,9.3,66
新潟,2019-01-06,3.8,20,6.4,57
新潟,2019-01-07,4.9,30,6.7,50
新潟,2019-01-08,3.1,100,2.5,85
新潟,2019-01-09,2.7,60,7.6,58
新潟,2019-01-10,3.9,40,7.0,74
新潟,2019-01-11,4.3,0,6.1,54
新潟,2019-01-12,6.1,0,2.0,58
新潟,2019-01-13,5.2,70,2.3,73
新潟,2019-01-14,5.6,10,1.6,73
新潟,2019-01-15,6.9,10,6.4,56
新潟,2019-01-16,2.7,20,7.7,58
新潟,2019-01-17,4.4,100,6.8,80
新潟,2019-01-18,3.5,10,10.2,49
新潟,2019-01-19,5.6,0,5.6,50
新潟,2019-01-20,4.5,100,3.2,90
新潟,2019-01-21,2.9,60,8.3,57
新潟,2019-01-22,4.0,30,6.9,58
新潟,2019-01-23,5.7,90,7.5,75
新潟,2019-01-24,1.9,90,10.5,57
新潟,2019-01-25,4.2,0,5.4,52
新潟,2019-01-26,1.8,90,5.5,78
新潟,2019-01-27,2.8,20,6.5,68
新潟,2019-01-28,3.5,100,5.4,83
新潟,2019-01-29,3.3,10,9.2,69
新潟,2019-01-30,5.6,0,2.8,65
新潟,2019-01-31,3.8,100,5.9,75
新潟,2019-02-01,0.5,80,7.8,69
新潟,2019-02-02,6.2,0,6.6,63
新潟,2019-02-03,9.2,20,3.8,62
新潟,2019-02-04,6.2,0,9.6,60
新潟,2019-02-05,6.0,0,3.2,56
新潟,2019-02-06,8.6,0,2.1,62
新潟,2019-02-07,10.4,30,8.2,70
新潟,2019-02-08,-0.0,50,8.8,56
新潟,2019-02-09,1.7,100,3.7,70
新潟,2019-02-10,0.0,60,5.9,68
新潟,2019-02-11,3.0,20,2.5,67
新潟,2019-02-12,1.8,0,7.6,56
新潟,2019-02-13,1.0,80,5.4,66
新潟,2019-02-14,0.8,50,6.5,65
新潟,2019-02-15,3.0,0,1.9,58
新潟,2019-02-16,4.5,20,6.9,64
新潟,2019-02-17,5.2,10,7.9,53
新潟,2019-02-18,7.9,0,4.2,60
新潟,2019-02-19,8.6,50,4.0,71
新潟,2019-02-20,9.6,80,4.2,79
新潟,2019-02-21,6.5,10,6.3,67
新潟,2019-02-22,6.9,0,2.9,58
新潟,2019-02-23,6.9,0,7.1,48
新潟,2019-02-24,7.8,0,3.6,59
新潟,2019-02-25,10.7,0,5.4,69
新潟,2019-02-26,6.6,0,4.8,50
新潟,2019-02-27,6.3,0,2.3,51
新潟,2019-02-28,6.7,50,3.2,78
新潟,2019-03-01,8.2,20,5.2,69
新潟,2019-03-02,8.8,0,3.8,44
新潟,2019-03-03,9.4,0,3.7,57
新潟,2019-03-04,7.6,100,2.2,88
新潟,2019-03-05,8.5,0,2.9,63
新潟,2019-03-06,11.8,0,3.2,60
新潟,2019-03-07,7.1,80,6.5,80
新潟,2019-03-08,6.8,0,6.5,45
新潟,2019-03-09,10.1,0,4.0,44
新潟,2019-03-10,12.4,0,3.3,54
新潟,2019-03-11,9.2,100,5.8,89
新潟,2019-03-12,10.4,40,6.0,70
新潟,2019-03-13,6.3,80,9.2,72
新潟,2019-03-14,7.0,30,8.4,47
新潟,2019-03-15,8.5,20,4.1,56
新潟,2019-03-16,7.0,40,4.9,62
新潟,2019-03-17,7.4,30,3.2,57
新潟,2019-03-18,8.3,0,1.8,45
新潟,2019-03-19,13.0,0,3.1,50
新潟,2019-03-20,13.6,0,2.1,63
新潟,2019-03-21,14.8,50,4.3,67
新潟,2019-03-22,7.0,0,7.0,65
新潟,2019-03-23,5.5,10,7.3,48
新潟,2019-03-24,5.5,0,7.4,45
新潟,2019-03-25,11.0,0,7.1,60
新潟,2019-03-26,12.1,30,6.7,64
新潟,2019-03-27,10.1,30,3.3,48
新潟,2019-03-28,6.1,10,6.8,48
新潟,2019-03-29,7.0,0,3.7,41
新潟,2019-03-30,10.4,60,4.6,66
新潟,2019-03-31,8.7,90,10.0,71
新潟,2019-04-01,7.0,30,5.7,57
新潟,2019-04-02,5.4,60,8.1,59
新潟,2019-04-03,7.2,50,7.1,46
新潟,2019-04-04,10.5,40,9.7,66
新潟,2019-04-05,14.7,10,10.7,50
新潟,2019-04-06,10.8,10,7.3,47
新潟,2019-04-07,12.2,0,5.5,63
新潟,2019-04-08,8.2,10,2.9,56
新潟,2019-04-09,9.4,30,7.3,53
新潟,2019-04-10,7.3,90,4.2,67
新潟,2019-04-11,8.9,30,6.0,57
新潟,2019-04-12,10.3,0,2.4,56
新潟,2019-04-13,12.0,0,3.5,51
新潟,2019-04-14,15.5,10,2.4,51
新潟,2019-04-15,10.6,20,11.5,68
新潟,2019-04-16,13.1,0,3.2,44
新潟,2019-04-17,17.1,0,2.9,51
新潟,2019-04-18,17.6,0,3.3,47
新潟,2019-04-19,10.9,10,5.5,69
新潟,2019-04-20,11.6,0,3.1,45
新潟,2019-04-21,15.0,0,3.1,62
新潟,2019-04-22,13.3,0,3.7,67
新潟,2019-04-23,18.8,0,2.9,59
新潟,2019-04-24,21.2,0,3.7,60
新潟,2019-04-25,13.8,80,4.7,92
新潟,2019-04-26,11.9,80,3.7,90
新潟,2019-04-27,8.5,100,7.6,74
新潟,2019-04-28,11.3,0,2.9,50
新潟,2019-04-29,16.0,0,3.0,57
新潟,2019-04-30,15.3,70,6.0,76
新潟,2019-05-01,14.2,30,2.1,87
新潟,2019-05-02,15.1,0,7.0,52
新潟,2019-05-03,15.0,0,4.0,67
新潟,2019-05-04,14.9,0,3.8,56
新潟,2019-05-05,19.1,0,2.4,63
新潟,2019-05-06,20.8,20,3.4,55
新潟,2019-05-07,13.5,10,5.7,43
新潟,2019-05-08,16.8,0,8.1,44
新潟,2019-05-09,19.2,0,4.6,50
新潟,2019-05-10,19.1,0,2.5,61
新潟,2019-05-11,18.1,0,2.6,66
新潟,2019-05-12,14.7,0,4.4,70
新潟,2019-05-13,15.9,0,3.3,62
新潟,2019-05-14,20.3,20,4.2,67
新潟,2019-05-15,19.2,0,3.1,67
新潟,2019-05-16,19.7,0,3.0,72
新潟,2019-05-17,21.6,0,2.8,63
新潟,2019-05-18,23.1,0,4.2,55
新潟,2019-05-19,24.4,0,4.6,47
新潟,2019-05-20,25.4,0,7.8,42
新潟,2019-05-21,17.5,50,5.3,79
新潟,2019-05-22,20.2,0,3.5,42
新潟,2019-05-23,22.6,0,2.6,39
新潟,2019-05-24,21.1,0,4.9,61
新潟,2019-05-25,25.6,0,2.1,44
新潟,2019-05-26,26.1,0,2.8,52
新潟,2019-05-27,25.7,0,2.4,57
新潟,2019-05-28,20.4,40,3.4,73
新潟,2019-05-29,19.1,0,5.2,56
新潟,2019-05-30,21.9,0,3.2,42
新潟,2019-05-31,20.6,50,3.6,70
新潟,2019-06-01,21.1,0,3.1,54
新潟,2019-06-02,22.3,0,3.6,56
新潟,2019-06-03,22.7,0,3.7,63
新潟,2019-06-04,24.6,0,2.8,60
新潟,2019-06-05,24.2,60,3.7,69
新潟,2019-06-06,20.1,30,3.9,80
新潟,2019-06-07,22.8,20,3.2,67
新潟,2019-06-08,19.8,60,5.0,84
新潟,2019-06-09,23.1,0,4.0,61
新潟,2019-06-10,21.4,40,4.5,64
新潟,2019-06-11,22.2,0,4.2,53
新潟,2019-06-12,20.9,20,2.6,62
新潟,2019-06-13,20.2,0,2.4,67
新潟,2019-06-14,24.4,0,4.2,63
新潟,2019-06-15,20.5,30,4.3,68
新潟,2019-06-16,18.4,100,11.8,83
新潟,2019-06-17,18.5,20,4.9,69
新潟,2019-06-18,21.0,0,2.6,71
新潟,2019-06-19,20.0,80,1.3,84
新潟,2019-06-20,21.5,0,2.4,77
新潟,2019-06-21,24.6,0,2.9,72
新潟,2019-06-22,22.3,90,3.2,86
新潟,2019-06-23,22.3,0,3.5,72
新潟,2019-06-24,19.6,100,3.0,90
新潟,2019-06-25,22.1,10,3.2,74
新潟,2019-06-26,24.9,0,2.4,70
新潟,2019-06-27,23.4,70,2.6,84
新潟,2019-06-28,22.9,70,2.7,86
新潟,2019-06-29,23.8,80,2.8,85
新潟,2019-06-30,22.6,90,6.3,89
新潟,2019-07-01,23.7,0,2.5,81
新潟,2019-07-02,24.0,0,3.7,73
新潟,2019-07-03,25.0,0,2.0,73
新潟,2019-07-04,23.3,20,3.3,84
新潟,2019-07-05,23.1,20,3.8,84
新潟,2019-07-06,26.0,0,4.0,63
新潟,2019-07-07,26.2,0,3.8,58
新潟,2019-07-08,25.8,0,3.8,63
新潟,2019-07-09,24.5,0,4.3,62
新潟,2019-07-10,25.0,0,4.7,66
新潟,2019-07-11,22.9,0,6.8,66
新潟,2019-07-12,24.1,30,5.0,78
新潟,2019-07-13,23.1,0,3.4,75
新潟,2019-07-14,24.2,10,3.4,82
新潟,2019-07-15,24.8,10,4.2,77
新潟,2019-07-16,25.3,10,3.6,73
新潟,2019-07-17,24.6,10,2.8,83
新潟,2019-07-18,26.1,40,2.4,80
新潟,2019-07-19,25.2,40,4.3,84
新潟,2019-07-20,25.1,90,2.0,87
新潟,2019-07-21,29.0,0,3.7,71
新潟,2019-07-22,26.2,50,3.6,81
新潟,2019-07-23,27.2,20,1.7,81
新潟,2019-07-24,27.6,20,3.3,76
新潟,2019-07-25,29.1,0,1.6,69
新潟,2019-07-26,30.0,0,2.8,69
新潟,2019-07-27,29.7,10,4.1,70
新潟,2019-07-28,28.5,40,4.2,79
新潟,2019-07-29,29.3,30,4.0,76
新潟,2019-07-30,30.4,0,3.9,68
新潟,2019-07-31,30.3,0,3.9,68
新潟,2019-08-01,30.8,0,4.2,62
新潟,2019-08-02,29.8,0,3.1,70
新潟,2019-08-03,28.5,0,3.5,77
新潟,2019-08-04,28.9,0,3.9,76
新潟,2019-08-05,30.2,0,3.3,74
新潟,2019-08-06,29.6,0,3.5,76
新潟,2019-08-07,30.2,0,3.0,70
新潟,2019-08-08,32.2,0,3.0,66
新潟,2019-08-09,30.8,0,2.5,69
新潟,2019-08-10,29.3,40,3.9,75
新潟,2019-08-11,28.7,0,5.1,65
新潟,2019-08-12,30.9,0,3.4,67
新潟,2019-08-13,30.9,0,5.5,69
新潟,2019-08-14,35.7,0,7.3,48
新潟,2019-08-15,35.4,0,9.2,47
新潟,2019-08-16,28.4,50,6.3,81
新潟,2019-08-17,29.5,20,5.7,70
新潟,2019-08-18,29.5,0,2.6,72
新潟,2019-08-19,30.9,10,2.8,68
新潟,2019-08-20,25.7,100,1.7,87
新潟,2019-08-21,26.8,50,1.9,83
新潟,2019-08-22,26.4,60,4.8,76
新潟,2019-08-23,26.8,60,8.0,75
新潟,2019-08-24,26.6,10,4.3,60
新潟,2019-08-25,24.8,90,4.2,78
新潟,2019-08-26,25.0,10,2.7,67
新潟,2019-08-27,26.8,0,2.6,71
新潟,2019-08-28,25.6,70,7.0,81
新潟,2019-08-29,25.6,80,3.4,84
新潟,2019-08-30,24.1,100,3.6,90
新潟,2019-08-31,26.3,40,5.0,73
新潟,2019-09-01,26.1,20,3.5,73
新潟,2019-09-02,22.3,100,1.9,87
新潟,2019-09-03,22.2,70,1.2,79
新潟,2019-09-04,25.6,0,2.9,68
新潟,2019-09-05,28.3,0,2.5,70
新潟,2019-09-06,28.6,0,2.8,73
新潟,2019-09-07,29.0,0,3.4,78
新潟,2019-09-08,30.9,0,3.6,66
新潟,2019-09-09,27.9,30,2.1,78
新潟,2019-09-10,28.0,40,3.1,79
新潟,2019-09-11,26.5,100,4.3,84
新潟,2019-09-12,23.6,0,5.2,52
新潟,2019-09-13,24.4,0,4.1,61
新潟,2019-09-14,26.6,0,3.3,56
新潟,2019-09-15,27.3,0,2.9,65
新潟,2019-09-16,26.0,10,3.1,73
新潟,2019-09-17,24.6,0,6.6,55
新潟,2019-09-18,22.6,20,3.4,72
新潟,2019-09-19,20.4,0,4.6,49
新潟,2019-09-20,21.5,10,2.2,64
新潟,2019-09-21,22.4,20,2.0,63
新潟,2019-09-22,22.4,60,7.2,75
新潟,2019-09-23,27.9,10,11.7,68
新潟,2019-09-24,22.0,40,3.4,72
新潟,2019-09-25,21.8,10,4.4,56
新潟,2019-09-26,21.5,0,3.2,55
新潟,2019-09-27,23.0,0,2.7,61
新潟,2019-09-28,24.0,50,1.6,71
新潟,2019-09-29,22.0,100,3.5,88
新潟,2019-09-30,23.8,0,2.7,75
新潟,2019-10-01,23.2,0,3.1,72
新潟,2019-10-02,24.7,0,2.4,68
新潟,2019-10-03,25.3,0,6.2,56
新潟,2019-10-04,22.7,90,12.0,82
新潟,2019-10-05,21.2,30,3.9,73
新潟,2019-10-06,19.6,30,6.5,66
新潟,2019-10-07,22.9,10,2.7,61
新潟,2019-10-08,20.7,100,7.4,83
新潟,2019-10-09,18.9,0,4.3,51
新潟,2019-10-10,20.7,0,2.8,64
新潟,2019-10-11,23.4,0,4.3,75
新潟,2019-10-12,21.0,100,12.5,87
新潟,2019-10-13,18.4,0,6.9,63
新潟,2019-10-14,17.3,90,3.2,78
新潟,2019-10-15,15.7,0,5.6,53
新潟,2019-10-16,15.6,0,1.6,61
新潟,2019-10-17,17.2,0,2.5,64
新潟,2019-10-18,19.5,0,4.6,63
新潟,2019-10-19,19.8,100,3.0,86
新潟,2019-10-20,18.4,10,4.0,64
新潟,2019-10-21,18.6,0,3.4,62
新潟,2019-10-22,16.8,70,2.6,83
新潟,2019-10-23,19.0,0,2.1,76
新潟,2019-10-24,19.8,0,7.9,60
新潟,2019-10-25,15.8,100,4.4,83
新潟,2019-10-26,19.0,90,4.7,78
新潟,2019-10-27,16.4,10,3.1,66
新潟,2019-10-28,16.2,0,2.2,62
新潟,2019-10-29,16.8,20,4.5,77
新潟,2019-10-30,17.1,40,3.4,69
新潟,2019-10-31,18.8,0,4.8,62
新潟,2019-11-01,16.6,40,8.3,63
新潟,2019-11-02,15.6,0,2.3,57
新潟,2019-11-03,15.7,0,1.8,69
新潟,2019-11-04,13.5,10,4.7,51
新潟,2019-11-05,15.4,0,5.2,53
新潟,2019-11-06,14.9,0,4.0,61
新潟,2019-11-07,16.5,20,7.0,62
新潟,2019-11-08,11.3,0,3.7,52
新潟,2019-11-09,13.1,0,3.1,64
新潟,2019-11-10,12.6,0,2.6,57
新潟,2019-11-11,15.8,40,6.3,69
新潟,2019-11-12,14.8,10,6.7,60
新潟,2019-11-13,15.0,0,2.5,64
新潟,2019-11-14,10.4,100,8.7,73
新潟,2019-11-15,12.7,20,8.9,62
新潟,2019-11-16,11.4,40,3.3,72
新潟,2019-11-17,10.6,0,6.5,58
新潟,2019-11-18,18.0,30,5.9,60
新潟,2019-11-19,11.2,50,10.8,64
新潟,2019-11-20,7.5,0,8.9,57
新潟,2019-11-21,9.8,10,5.0,55
新潟,2019-11-22,10.9,0,3.1,59
新潟,2019-11-23,15.1,0,6.6,62
新潟,2019-11-24,17.6,10,3.2,80
新潟,2019-11-25,10.0,100,8.2,77
新潟,2019-11-26,8.8,10,2.6,65
新潟,2019-11-27,9.6,0,1.3,73
新潟,2019-11-28,5.8,0,7.7,53
新潟,2019-11-29,6.1,70,5.0,69
新潟,2019-11-30,7.6,0,4.1,54
新潟,2019-12-01,10.7,0,3.7,58
新潟,2019-12-02,12.3,90,6.0,74
新潟,2019-12-03,6.9,90,6.6,76
新潟,2019-12-04,6.9,100,5.7,76
新潟,2019-12-05,5.4,100,7.4,78
新潟,2019-12-06,5.6,50,6.2,57
新潟,2019-12-07,7.0,0,5.6,67
新潟,2019-12-08,6.7,0,6.9,52
新潟,2019-12-09,8.7,0,3.9,51
新潟,2019-12-10,12.0,0,3.2,68
新潟,2019-12-11,13.7,0,2.6,60
新潟,2019-12-12,7.1,70,10.3,68
新潟,2019-12-13,7.4,40,3.7,62
新潟,2019-12-14,10.0,60,8.9,66
新潟,2019-12-15,6.5,0,4.8,54
新潟,2019-12-16,7.2,0,2.0,60
新潟,2019-12-17,10.1,40,4.3,81
新潟,2019-12-18,10.2,30,6.7,70
新潟,2019-12-19,8.5,0,2.4,61
新潟,2019-12-20,6.2,90,6.8,71
新潟,2019-12-21,8.9,50,6.2,71
新潟,2019-12-22,8.7,0,1.6,70
新潟,2019-12-23,8.9,50,2.4,77
新潟,2019-12-24,5.4,0,7.6,52
新潟,2019-12-25,9.2,0,3.7,52
新潟,2019-12-26,8.4,90,2.3,89
新潟,2019-12-27,6.4,90,12.6,74
新潟,2019-12-28,5.1,50,7.1,60
新潟,2019-12-29,7.6,0,2.4,60
新潟,2019-12-30,7.5,80,5.8,78
新潟,2019-12-31,4.9,100,11.2,72
新潟,2020-01-01,4.7,90,9.0,74
新潟,2020-01-02,6.2,20,6.1,55
新潟,2020-01-03,5.7,100,3.6,82
新潟,2020-01-04,5.8,20,5.5,53
新潟,2020-01-05,5.0,60,9.6,57
新潟,2020-01-06,7.4,0,6.2,54
新潟,2020-01-07,6.6,40,3.1,63
新潟,2020-01-08,9.5,70,8.8,81
新潟,2020-01-09,7.3,30,7.2,71
新潟,2020-01-10,6.7,80,3.3,71
新潟,2020-01-11,8.5,30,6.7,66
新潟,2020-01-12,7.1,50,1.7,75
新潟,2020-01-13,6.1,80,5.0,79
新潟,2020-01-14,7.3,70,4.0,78
新潟,2020-01-15,5.9,100,6.8,85
新潟,2020-01-16,6.2,60,4.6,61
新潟,2020-01-17,5.7,20,3.2,67
新潟,2020-01-18,4.9,0,4.1,59
新潟,2020-01-19,6.5,30,2.8,66
新潟,2020-01-20,6.8,60,4.8,65
新潟,2020-01-21,4.6,30,8.7,58
新潟,2020-01-22,6.6,0,3.1,58
新潟,2020-01-23,7.6,100,2.5,86
新潟,2020-01-24,7.6,50,7.0,77
新潟,2020-01-25,4.9,0,3.6,52
新潟,2020-01-26,6.0,0,3.3,63
新潟,2020-01-27,6.4,0,5.3,54
新潟,2020-01-28,7.1,50,3.2,76
新潟,2020-01-29,7.8,80,2.6,91
新潟,2020-01-30,8.7,100,8.2,84
新潟,2020-01-31,5.1,70,10.8,66
新潟,2020-02-01,6.4,100,8.2,73
新潟,2020-02-02,6.8,10,4.6,58
新潟,2020-02-03,8.7,50,8.2,65
新潟,2020-02-04,5.1,30,3.3,60
新潟,2020-02-05,3.5,100,9.9,78
新潟,2020-02-06,-0.4,40,8.6,51
新潟,2020-02-07,3.9,10,6.1,56
新潟,2020-02-08,3.1,90,5.8,72
新潟,2020-02-09,1.4,30,8.2,57
新潟,2020-02-10,3.4,70,4.9,66
新潟,2020-02-11,5.2,0,5.3,52
新潟,2020-02-12,8.1,0,3.1,49
新潟,2020-02-13,11.9,60,6.8,79
新潟,2020-02-14,11.6,0,1.9,87
新潟,2020-02-15,9.3,0,3.6,72
新潟,2020-02-16,9.8,80,6.3,84
新潟,2020-02-17,6.5,90,7.7,72
新潟,2020-02-18,4.2,100,8.4,69
新潟,2020-02-19,6.6,0,4.4,53
新潟,2020-02-20,5.7,10,3.2,73
新潟,2020-02-21,8.6,0,3.9,64
新潟,2020-02-22,11.2,50,7.2,70
新潟,2020-02-23,5.9,40,11.6,55
新潟,2020-02-24,9.4,70,9.4,64
新潟,2020-02-25,8.3,60,3.5,68
新潟,2020-02-26,6.8,0,5.2,58
新潟,2020-02-27,4.4,70,7.9,61
新潟,2020-02-28,5.8,0,4.3,51
新潟,2020-02-29,8.6,0,3.8,59
新潟,2020-03-01,7.3,0,4.7,57
新潟,2020-03-02,9.2,30,7.1,65
新潟,2020-03-03,8.2,20,5.3,65
新潟,2020-03-04,9.9,50,3.6,71
新潟,2020-03-05,5.6,80,12.6,63
新潟,2020-03-06,6.6,0,6.2,53
新潟,2020-03-07,8.4,0,4.5,56
新潟,2020-03-08,11.2,0,3.8,70
新潟,2020-03-09,12.2,0,3.1,77
新潟,2020-03-10,14.1,100,3.5,88
新潟,2020-03-11,8.8,60,7.9,71
新潟,2020-03-12,8.7,0,4.7,51
新潟,2020-03-13,10.6,40,7.4,66
新潟,2020-03-14,6.0,0,2.6,65
新潟,2020-03-15,7.3,0,2.4,47
新潟,2020-03-16,4.7,90,11.0,64
新潟,2020-03-17,8.8,30,6.4,51
新潟,2020-03-18,10.6,40,6.9,71
新潟,2020-03-19,16.4,0,2.8,49
新潟,2020-03-20,9.5,50,12.4,53
新潟,2020-03-21,12.8,0,8.8,58
新潟,2020-03-22,9.4,70,3.6,81
新潟,2020-03-23,8.1,10,4.9,48
新潟,2020-03-24,6.0,50,6.6,53
新潟,2020-03-25,8.9,0,4.5,45
新潟,2020-03-26,12.2,0,1.6,44
新潟,2020-03-27,14.5,70,3.9,63
新潟,2020-03-28,8.1,0,5.7,57
新潟,2020-03-29,6.6,40,3.5,68
新潟,2020-03-30,8.7,0,3.3,62
新潟,2020-03-31,10.7,0,3.9,71
新潟,2020-04-01,13.3,50,5.3,79
新潟,2020-04-02,9.7,40,8.0,59
新潟,2020-04-03,12.5,0,4.6,46
新潟,2020-04-04,15.1,0,6.0,54
新潟,2020-04-05,7.9,80,9.3,62
新潟,2020-04-06,9.1,40,9.2,58
新潟,2020-04-07,12.0,0,4.2,53
新潟,2020-04-08,12.4,0,3.6,71
新潟,2020-04-09,9.6,10,3.8,56
新潟,2020-04-10,7.3,70,7.3,63
新潟,2020-04-11,10.1,0,3.0,58
新潟,2020-04-12,10.6,0,4.6,60
新潟,2020-04-13,10.2,60,9.8,68
新潟,2020-04-14,8.9,20,7.1,60
新潟,2020-04-15,13.9,0,5.7,56
新潟,2020-04-16,9.7,0,6.7,53
新潟,2020-04-17,12.5,0,3.5,59
新潟,2020-04-18,11.5,100,5.0,84
新潟,2020-04-19,12.2,0,2.7,72
新潟,2020-04-20,12.2,70,7.7,77
新潟,2020-04-21,12.4,20,5.5,65
新潟,2020-04-22,7.8,70,8.0,68
新潟,2020-04-23,9.0,90,7.4,71
新潟,2020-04-24,9.3,10,3.9,64
新潟,2020-04-25,15.4,0,6.6,45
新潟,2020-04-26,12.3,20,5.0,74
新潟,2020-04-27,10.7,0,3.7,62
新潟,2020-04-28,11.5,30,4.3,68
新潟,2020-04-29,15.3,0,6.7,56
新潟,2020-04-30,19.0,0,2.6,50
新潟,2020-05-01,18.5,0,5.9,64
新潟,2020-05-02,21.2,0,6.1,63
新潟,2020-05-03,19.5,0,3.2,71
新潟,2020-05-04,19.7,0,2.5,70
新潟,2020-05-05,12.6,0,4.8,71
新潟,2020-05-06,14.1,20,3.8,79
新潟,2020-05-07,13.2,40,5.0,67
新潟,2020-05-08,15.4,0,3.2,58
新潟,2020-05-09,18.0,0,2.6,59
新潟,2020-05-10,18.8,80,5.7,82
新潟,2020-05-11,18.7,0,7.3,73
新潟,2020-05-12,23.6,0,4.6,48
新潟,2020-05-13,16.4,30,6.9,66
新潟,2020-05-14,18.8,0,4.4,56
新潟,2020-05-15,21.4,0,1.8,56
新潟,2020-05-16,19.2,50,3.0,72
新潟,2020-05-17,17.6,10,3.4,87
新潟,2020-05-18,17.2,0,5.3,80
新潟,2020-05-19,19.4,30,5.9,75
新潟,2020-05-20,15.6,50,5.3,68
新潟,2020-05-21,15.4,50,3.3,75
新潟,2020-05-22,17.2,0,3.6,73
新潟,2020-05-23,18.6,0,3.0,76
新潟,2020-05-24,22.5,0,2.5,69
新潟,2020-05-25,19.5,0,4.2,81
新潟,2020-05-26,19.8,0,2.3,85
新潟,2020-05-27,18.9,50,6.2,72
新潟,2020-05-28,19.3,0,4.1,65
新潟,2020-05-29,19.0,0,3.4,70
新潟,2020-05-30,19.4,0,3.7,60
新潟,2020-05-31,22.4,0,2.0,64
新潟,2020-06-01,23.0,0,2.9,60
新潟,2020-06-02,22.1,0,4.1,66
新潟,2020-06-03,22.8,0,2.5,63
新潟,2020-06-04,25.5,0,3.0,61
新潟,2020-06-05,21.4,20,3.3,80
新潟,2020-06-06,20.0,0,3.8,69
新潟,2020-06-07,19.1,20,5.0,71
新潟,2020-06-08,20.5,0,2.7,65
新潟,2020-06-09,25.7,0,2.7,57
新潟,2020-06-10,25.3,0,4.6,58
新潟,2020-06-11,24.4,70,2.6,78
新潟,2020-06-12,22.8,0,3.3,73
新潟,2020-06-13,22.0,30,2.4,78
新潟,2020-06-14,24.0,70,2.7,80
新潟,2020-06-15,24.4,0,5.3,78
新潟,2020-06-16,22.2,60,6.0,74
新潟,2020-06-17,20.3,0,3.8,69
新潟,2020-06-18,23.9,0,2.3,76
新潟,2020-06-19,23.3,30,3.5,71
新潟,2020-06-20,19.6,0,4.7,67
新潟,2020-06-21,21.4,0,3.7,64
新潟,2020-06-22,24.4,0,4.6,62
新潟,2020-06-23,22.8,0,3.2,70
新潟,2020-06-24,27.6,30,2.2,70
新潟,2020-06-25,25.6,30,3.3,73
新潟,2020-06-26,24.2,80,6.0,87
新潟,2020-06-27,25.1,10,5.7,73
新潟,2020-06-28,22.8,30,3.9,80
新潟,2020-06-29,22.4,40,3.4,75
新潟,2020-06-30,24.4,50,5.3,77
新潟,2020-07-01,24.0,70,3.6,88
新潟,2020-07-02,23.4,40,8.6,78
新潟,2020-07-03,22.9,0,4.3,78
新潟,2020-07-04,23.6,50,2.4,82
新潟,2020-07-05,23.5,90,2.9,81
新潟,2020-07-06,24.3,100,2.6,89
新潟,2020-07-07,24.4,80,2.7,90
新潟,2020-07-08,23.9,30,4.4,84
新潟,2020-07-09,23.9,30,2.7,86
新潟,2020-07-10,24.2,90,2.2,89
新潟,2020-07-11,25.6,80,3.8,87
新潟,2020-07-12,22.7,50,7.5,82
新潟,2020-07-13,22.9,0,2.1,75
新潟,2020-07-14,22.2,100,3.8,87
新潟,2020-07-15,22.8,100,3.1,86
新潟,2020-07-16,23.0,10,2.1,76
新潟,2020-07-17,24.4,0,3.9,77
新潟,2020-07-18,26.2,20,3.5,77
新潟,2020-07-19,24.4,0,3.3,82
新潟,2020-07-20,26.7,0,1.4,73
新潟,2020-07-21,27.3,80,3.1,82
新潟,2020-07-22,25.2,20,4.5,79
新潟,2020-07-23,24.1,20,3.6,81
新潟,2020-07-24,24.3,50,2.0,80
新潟,2020-07-25,26.9,40,2.8,82
新潟,2020-07-26,27.7,30,2.1,78
新潟,2020-07-27,25.8,60,2.6,86
新潟,2020-07-28,24.5,100,6.4,91
新潟,2020-07-29,25.5,20,1.7,76
新潟,2020-07-30,25.2,20,1.8,79
新潟,2020-07-31,25.4,90,3.8,85
新潟,2020-08-01,25.9,30,2.5,83
新潟,2020-08-02,27.3,0,2.1,74
新潟,2020-08-03,29.0,10,3.4,70
新潟,2020-08-04,29.9,0,3.4,67
新潟,2020-08-05,29.8,0,2.0,60
新潟,2020-08-06,30.5,0,1.6,69
新潟,2020-08-07,25.8,70,1.8,83
新潟,2020-08-08,24.1,100,2.5,88
新潟,2020-08-09,26.4,100,6.1,87
新潟,2020-08-10,32.6,0,1.9,62
新潟,2020-08-11,31.7,0,2.8,63
新潟,2020-08-12,28.2,50,5.6,78
新潟,2020-08-13,28.4,0,2.6,76
新潟,2020-08-14,29.0,10,4.4,76
新潟,2020-08-15,28.8,70,7.0,82
新潟,2020-08-16,28.3,40,2.7,83
新潟,2020-08-17,28.5,10,4.9,78
新潟,2020-08-18,26.5,20,2.7,78
新潟,2020-08-19,27.8,0,1.6,68
新潟,2020-08-20,30.1,0,2.6,70
新潟,2020-08-21,27.9,0,2.9,81
新潟,2020-08-22,26.7,30,4.5,78
新潟,2020-08-23,27.6,0,4.0,76
新潟,2020-08-24,28.6,0,2.7,79
新潟,2020-08-25,29.6,0,2.1,68
新潟,2020-08-26,30.0,0,3.9,70
新潟,2020-08-27,31.6,0,3.2,69
新潟,2020-08-28,31.3,0,2.9,71
新潟,2020-08-29,30.2,0,3.2,77
新潟,2020-08-30,30.1,40,3.4,76
新潟,2020-08-31,27.1,70,2.7,81
新潟,2020-09-01,29.1,0,5.5,64
新潟,2020-09-02,31.4,0,7.0,63
新潟,2020-09-03,34.4,0,5.5,61
新潟,2020-09-04,27.7,30,4.2,79
新潟,2020-09-05,28.6,0,3.5,81
新潟,2020-09-06,30.8,0,6.5,58
新潟,2020-09-07,31.5,0,7.4,63
新潟,2020-09-08,31.2,0,2.0,63
新潟,2020-09-09,28.8,20,2.1,66
新潟,2020-09-10,26.6,60,2.0,75
新潟,2020-09-11,27.4,0,3.6,71
新潟,2020-09-12,29.4,0,6.7,62
新潟,2020-09-13,26.4,70,3.3,80
新潟,2020-09-14,24.4,80,5.4,71
新潟,2020-09-15,24.0,40,2.0,69
新潟,2020-09-16,25.8,0,1.9,71
新潟,2020-09-17,27.9,0,2.6,67
新潟,2020-09-18,23.2,100,4.8,88
新潟,2020-09-19,23.7,0,3.8,59
新潟,2020-09-20,23.3,0,2.3,61
新潟,2020-09-21,22.9,10,3.5,59
新潟,2020-09-22,23.1,0,3.0,65
新潟,2020-09-23,26.0,0,4.2,59
新潟,2020-09-24,23.2,0,3.9,59
新潟,2020-09-25,20.2,100,4.9,85
新潟,2020-09-26,22.7,100,4.1,85
新潟,2020-09-27,20.9,100,3.8,77
新潟,2020-09-28,20.9,20,5.5,60
新潟,2020-09-29,21.9,0,3.9,63
新潟,2020-09-30,21.3,0,2.5,59
新潟,2020-10-01,20.3,60,2.2,75
新潟,2020-10-02,21.6,0,2.1,66
新潟,2020-10-03,21.6,40,2.5,75
新潟,2020-10-04,22.7,0,3.1,69
新潟,2020-10-05,19.0,60,4.3,69
新潟,2020-10-06,19.4,0,4.7,54
新潟,2020-10-07,19.0,0,2.9,54
新潟,2020-10-08,17.2,40,2.4,75
新潟,2020-10-09,18.8,0,4.7,63
新潟,2020-10-10,19.9,0,8.3,69
新潟,2020-10-11,22.7,0,3.7,72
新潟,2020-10-12,23.1,40,3.3,75
新潟,2020-10-13,19.4,0,3.8,66
新潟,2020-10-14,19.1,20,2.5,64
新潟,2020-10-15,15.3,0,4.0,56
新潟,2020-10-16,16.1,0,3.0,60
新潟,2020-10-17,14.3,0,2.3,68
新潟,2020-10-18,17.7,0,1.2,60
新潟,2020-10-19,17.0,30,2.2,75
新潟,2020-10-20,18.0,10,3.6,57
新潟,2020-10-21,18.4,0,6.7,53
新潟,2020-10-22,19.3,0,5.4,64
新潟,2020-10-23,17.3,90,5.3,84
新潟,2020-10-24,13.6,80,6.5,68
新潟,2020-10-25,16.1,10,9.2,50
新潟,2020-10-26,16.5,40,3.8,61
新潟,2020-10-27,16.8,10,1.3,62
新潟,2020-10-28,16.4,0,1.9,68
新潟,2020-10-29,14.7,0,5.7,53
新潟,2020-10-30,13.5,20,6.7,48
新潟,2020-10-31,14.3,0,2.0,69
新潟,2020-11-01,16.8,0,3.8,51
新潟,2020-11-02,14.8,100,4.3,87
新潟,2020-11-03,14.1,70,6.4,69
新潟,2020-11-04,11.6,80,6.8,59
新潟,2020-11-05,14.1,40,4.5,64
新潟,2020-11-06,16.1,0,2.6,63
新潟,2020-11-07,16.3,50,2.9,68
新潟,2020-11-08,16.5,10,8.3,56
新潟,2020-11-09,10.0,30,8.3,56
新潟,2020-11-10,9.4,30,5.6,55
新潟,2020-11-11,9.8,20,5.5,55
新潟,2020-11-12,11.1,0,3.4,55
新潟,2020-11-13,14.9,0,3.8,67
新潟,2020-11-14,13.2,0,3.7,57
新潟,2020-11-15,13.4,0,2.4,56
新潟,2020-11-16,15.7,50,4.7,76
新潟,2020-11-17,13.4,0,3.4,63
新潟,2020-11-18,17.4,0,2.2,63
新潟,2020-11-19,20.3,10,3.5,64
新潟,2020-11-20,17.5,90,5.7,85
新潟,2020-11-21,11.7,50,7.2,64
新潟,2020-11-22,14.2,30,3.2,61
新潟,2020-11-23,9.8,70,5.7,69
新潟,2020-11-24,11.3,0,1.9,57
新潟,2020-11-25,12.2,0,1.8,59
新潟,2020-11-26,12.0,0,6.5,62
新潟,2020-11-27,10.5,0,3.0,66
新潟,2020-11-28,9.0,40,8.9,62
新潟,2020-11-29,9.5,10,2.6,64
新潟,2020-11-30,8.5,90,2.9,76
新潟,2020-12-01,7.9,100,5.7,73
新潟,2020-12-02,8.8,10,3.5,65
新潟,2020-12-03,8.8,30,3.8,75
新潟,2020-12-04,7.8,0,4.7,59
新潟,2020-12-05,10.4,60,6.6,67
新潟,2020-12-06,9.8,50,3.7,81
新潟,2020-12-07,11.9,30,3.9,67
新潟,2020-12-08,8.2,30,7.1,60
新潟,2020-12-09,9.1,40,2.1,61
新潟,2020-12-10,10.5,70,4.2,75
新潟,2020-12-11,10.1,100,2.6,85
新潟,2020-12-12,8.8,100,4.5,84
新潟,2020-12-13,4.6,90,5.7,85
新潟,2020-12-14,3.5,100,9.1,74
新潟,2020-12-15,2.0,100,11.1,69
新潟,2020-12-16,3.0,80,10.6,60
新潟,2020-12-17,3.8,50,10.5,59
新潟,2020-12-18,4.0,100,3.7,89
新潟,2020-12-19,2.7,70,12.0,62
新潟,2020-12-20,2.4,60,10.2,56
新潟,2020-12-21,4.6,20,5.5,66
新潟,2020-12-22,6.6,100,4.6,82
新潟,2020-12-23,8.8,100,4.7,81
新潟,2020-12-24,11.7,0,7.8,53
新潟,2020-12-25,4.2,100,6.2,72
新潟,2020-12-26,6.0,40,5.9,61
新潟,2020-12-27,6.0,0,2.3,74
新潟,2020-12-28,8.1,100,3.5,83
新潟,2020-12-29,8.3,10,3.2,72
新潟,2020-12-30,3.9,100,10.8,80
新潟,2020-12-31,0.6,80,9.0,63
新潟,2021-01-01,0.9,70,9.7,73
新潟,2021-01-02,0.1,100,7.2,85
新潟,2021-01-03,0.9,100,5.1,82
新潟,2021-01-04,2.3,100,3.5,87
新潟,2021-01-05,2.8,70,5.8,83
新潟,2021-01-06,1.5,0,3.9,76
新潟,2021-01-07,1.8,90,11.6,84
新潟,2021-01-08,-1.1,100,6.4,75
新潟,2021-01-09,-0.7,100,5.6,78
新潟,2021-01-10,0.6,90,7.5,73
新潟,2021-01-11,1.2,40,2.9,79
新潟,2021-01-12,2.5,20,6.5,78
新潟,2021-01-13,4.8,50,7.2,77
新潟,2021-01-14,5.3,30,9.2,71
新潟,2021-01-15,3.3,0,3.9,74
新潟,2021-01-16,4.9,90,7.0,81
新潟,2021-01-17,1.4,90,5.8,76
新潟,2021-01-18,2.0,80,7.1,85
新潟,2021-01-19,-1.3,60,13.7,65
新潟,2021-01-20,1.9,20,5.3,70
新潟,2021-01-21,0.7,0,3.7,76
新潟,2021-01-22,5.2,80,4.1,88
新潟,2021-01-23,4.1,0,6.3,75
新潟,2021-01-24,5.0,10,2.8,78
新潟,2021-01-25,5.2,0,1.9,81
新潟,2021-01-26,5.2,0,6.3,68
新潟,2021-01-27,6.3,30,8.4,71
新潟,2021-01-28,3.8,30,5.9,65
新潟,2021-01-29,1.4,30,12.3,61
新潟,2021-01-30,1.8,30,9.9,61
新潟,2021-01-31,1.5,0,8.0,64
新潟,2021-02-01,4.1,20,6.4,64
新潟,2021-02-02,2.8,90,8.8,74
新潟,2021-02-03,0.7,100,7.1,75
新潟,2021-02-04,2.0,100,11.3,78
新潟,2021-02-05,3.9,40,5.9,73
新潟,2021-02-06,7.3,30,5.2,76
新潟,2021-02-07,6.3,80,8.3,77
新潟,2021-02-08,1.0,70,9.2,60
新潟,2021-02-09,1.7,60,8.7,61
新潟,2021-02-10,5.3,100,6.6,81
新潟,2021-02-11,6.2,30,6.6,57
新潟,2021-02-12,7.4,0,3.0,61
新潟,2021-02-13,12.8,0,2.2,53
新潟,2021-02-14,14.0,10,2.0,55
新潟,2021-02-15,9.1,100,4.1,87
新潟,2021-02-16,3.0,90,12.7,70
新潟,2021-02-17,0.4,100,4.2,78
新潟,2021-02-18,0.9,90,6.7,70
新潟,2021-02-19,4.3,0,5.9,75
新潟,2021-02-20,9.7,20,10.8,66
新潟,2021-02-21,12.4,10,4.1,76
新潟,2021-02-22,14.5,0,8.4,62
新潟,2021-02-23,3.0,30,10.8,52
新潟,2021-02-24,2.3,20,9.1,57
新潟,2021-02-25,4.2,0,2.8,55
新潟,2021-02-26,5.6,0,4.9,52
新潟,2021-02-27,2.8,0,4.8,49
新潟,2021-02-28,8.6,0,1.8,47
新潟,2021-03-01,13.9,0,3.7,48
新潟,2021-03-02,7.5,100,7.3,86
新潟,2021-03-03,3.1,0,3.7,51
新潟,2021-03-04,11.2,0,4.9,45
新潟,2021-03-05,12.1,0,2.7,68
新潟,2021-03-06,5.0,50,8.1,75
新潟,2021-03-07,3.4,0,4.1,57
新潟,2021-03-08,5.0,0,2.2,59
新潟,2021-03-09,6.9,0,2.5,61
新潟,2021-03-10,6.6,0,7.6,52
新潟,2021-03-11,7.6,0,1.6,58
新潟,2021-03-12,9.3,0,2.5,60
新潟,2021-03-13,9.3,80,5.1,82
新潟,2021-03-14,7.0,100,7.6,80
新潟,2021-03-15,10.4,0,4.8,62
新潟,2021-03-16,11.4,70,5.4,71
新潟,2021-03-17,7.3,0,6.7,54
新潟,2021-03-18,8.4,0,4.3,59
新潟,2021-03-19,7.9,0,3.6,61
新潟,2021-03-20,11.1,0,4.1,63
新潟,2021-03-21,14.8,60,6.3,80
新潟,2021-03-22,8.4,50,6.6,58
新潟,2021-03-23,8.8,40,5.8,63
新潟,2021-03-24,13.8,0,3.5,52
新潟,2021-03-25,13.2,30,3.7,68
新潟,2021-03-26,9.4,40,5.8,76
新潟,2021-03-27,10.6,0,3.2,68
新潟,2021-03-28,15.2,70,6.7,74
新潟,2021-03-29,15.5,10,5.9,73
新潟,2021-03-30,15.1,0,2.4,56
新潟,2021-03-31,11.7,0,3.9,64
新潟,2021-04-01,11.0,0,3.5,67
新潟,2021-04-02,17.4,0,4.1,56
新潟,2021-04-03,17.7,0,3.2,62
新潟,2021-04-04,15.1,90,2.7,86
新潟,2021-04-05,9.5,0,5.3,61
新潟,2021-04-06,12.5,0,4.3,57
新潟,2021-04-07,11.5,0,4.0,63
新潟,2021-04-08,9.4,0,5.1,51
新潟,2021-04-09,7.1,30,7.8,49
新潟,2021-04-10,8.2,0,3.3,50
新潟,2021-04-11,9.6,0,3.3,54
新潟,2021-04-12,15.6,0,3.3,55
新潟,2021-04-13,18.5,50,6.4,58
新潟,2021-04-14,8.7,30,5.9,70
新潟,2021-04-15,9.6,0,3.1,46
新潟,2021-04-16,18.2,0,3.6,46
新潟,2021-04-17,13.7,100,5.5,85
新潟,2021-04-18,9.2,100,15.3,74
新潟,2021-04-19,13.0,30,9.7,60
新潟,2021-04-20,15.9,0,6.9,64
新潟,2021-04-21,13.7,0,3.7,46
新潟,2021-04-22,13.4,0,4.6,63
新潟,2021-04-23,12.4,0,4.8,72
新潟,2021-04-24,14.1,0,2.4,72
新潟,2021-04-25,11.2,30,6.7,73
新潟,2021-04-26,9.5,0,6.2,50
新潟,2021-04-27,12.6,0,2.6,52
新潟,2021-04-28,17.4,10,3.6,62
新潟,2021-04-29,13.4,100,5.0,93
新潟,2021-04-30,12.3,30,3.8,76
新潟,2021-05-01,15.6,60,4.8,71
新潟,2021-05-02,12.1,60,11.2,75
新潟,2021-05-03,12.5,100,9.8,79
新潟,2021-05-04,17.6,0,4.1,54
新潟,2021-05-05,16.8,90,2.7,80
新潟,2021-05-06,18.6,0,2.3,52
新潟,2021-05-07,21.4,0,4.2,58
新潟,2021-05-08,18.8,0,3.9,66
新潟,2021-05-09,17.0,30,7.8,64
新潟,2021-05-10,15.9,0,3.8,57
新潟,2021-05-11,15.7,0,2.7,58
新潟,2021-05-12,16.5,0,5.0,64
新潟,2021-05-13,20.7,0,5.2,59
新潟,2021-05-14,17.9,0,3.5,78
新潟,2021-05-15,25.4,0,3.9,61
新潟,2021-05-16,21.3,80,3.9,80
新潟,2021-05-17,17.7,100,5.9,93
新潟,2021-05-18,16.9,50,2.8,81
新潟,2021-05-19,17.3,80,1.5,91
新潟,2021-05-20,19.5,0,3.7,74
新潟,2021-05-21,20.4,50,3.7,87
新潟,2021-05-22,18.5,0,7.2,75
新潟,2021-05-23,16.4,70,6.3,83
新潟,2021-05-24,21.1,10,1.8,68
新潟,2021-05-25,19.0,10,4.3,68
新潟,2021-05-26,17.1,0,3.9,64
新潟,2021-05-27,18.5,80,3.9,83
新潟,2021-05-28,19.7,0,4.2,69
新潟,2021-05-29,19.2,10,6.1,73
新潟,2021-05-30,16.4,20,3.4,73
新潟,2021-05-31,16.8,0,5.5,74
新潟,2021-06-01,16.9,0,4.5,77
新潟,2021-06-02,21.5,0,2.3,69
新潟,2021-06-03,25.5,0,3.2,65
新潟,2021-06-04,19.8,100,5.1,91
新潟,2021-06-05,21.0,0,3.3,64
新潟,2021-06-06,23.0,0,3.5,56
新潟,2021-06-07,23.1,0,2.1,63
新潟,2021-06-08,21.4,0,4.1,74
新潟,2021-06-09,19.6,0,3.2,82
新潟,2021-06-10,22.2,0,3.4,73
新潟,2021-06-11,26.3,0,4.5,61
新潟,2021-06-12,23.8,0,3.1,68
新潟,2021-06-13,21.9,0,2.9,80
新潟,2021-06-14,21.0,0,4.3,86
新潟,2021-06-15,20.7,0,3.8,83
新潟,2021-06-16,22.7,0,3.6,82
新潟,2021-06-17,23.8,0,2.7,71
新潟,2021-06-18,22.7,0,2.7,76
新潟,2021-06-19,21.2,90,4.1,86
新潟,2021-06-20,21.1,30,4.2,76
新潟,2021-06-21,21.4,0,3.5,72
新潟,2021-06-22,23.8,20,2.7,73
新潟,2021-06-23,21.4,60,2.5,80
新潟,2021-06-24,21.9,20,2.8,76
新潟,2021-06-25,22.5,0,3.2,77
新潟,2021-06-26,24.2,0,3.0,77
新潟,2021-06-27,23.1,20,3.8,85
新潟,2021-06-28,23.7,0,3.5,82
新潟,2021-06-29,23.7,20,2.4,78
新潟,2021-06-30,26.1,0,5.8,62
新潟,2021-07-01,26.8,0,7.8,62
新潟,2021-07-02,27.6,0,5.2,64
新潟,2021-07-03,25.7,20,2.9,84
新潟,2021-07-04,23.1,90,5.4,86
新潟,2021-07-05,23.8,70,5.8,86
新潟,2021-07-06,25.0,40,2.9,76
新潟,2021-07-07,24.1,50,3.9,87
新潟,2021-07-08,24.6,0,3.3,82
新潟,2021-07-09,24.8,90,2.5,89
新潟,2021-07-10,25.5,50,4.0,85
新潟,2021-07-11,24.5,90,4.0,86
新潟,2021-07-12,24.7,70,3.6,82
新潟,2021-07-13,25.4,10,2.2,82
新潟,2021-07-14,26.7,0,3.2,79
新潟,2021-07-15,28.5,0,2.5,68
新潟,2021-07-16,28.0,0,2.8,73
新潟,2021-07-17,28.3,0,4.0,78
新潟,2021-07-18,27.9,0,3.3,79
新潟,2021-07-19,28.2,0,3.1,77
新潟,2021-07-20,28.3,0,3.3,76
新潟,2021-07-21,27.7,0,3.9,81
新潟,2021-07-22,27.5,20,3.6,80
新潟,2021-07-23,27.8,10,3.1,76
新潟,2021-07-24,29.0,10,3.1,74
新潟,2021-07-25,29.6,0,2.9,69
新潟,2021-07-26,28.9,0,4.0,68
新潟,2021-07-27,26.4,60,5.1,78
新潟,2021-07-28,27.2,60,3.2,76
新潟,2021-07-29,28.5,60,2.9,74
新潟,2021-07-30,29.2,20,1.9,71
新潟,2021-07-31,28.9,0,3.7,72
新潟,2021-08-01,28.7,10,2.1,72
新潟,2021-08-02,31.2,0,3.0,65
新潟,2021-08-03,32.5,0,4.3,61
新潟,2021-08-04,31.1,0,3.1,68
新潟,2021-08-05,30.8,0,4.3,69
新潟,2021-08-06,31.9,0,4.2,69
新潟,2021-08-07,34.3,0,4.5,52
新潟,2021-08-08,31.0,0,4.9,68
新潟,2021-08-09,30.6,30,8.1,69
新潟,2021-08-10,25.9,90,9.1,74
新潟,2021-08-11,26.8,0,2.9,63
新潟,2021-08-12,26.7,60,1.6,73
新潟,2021-08-13,23.2,100,4.8,84
新潟,2021-08-14,23.1,100,2.5,84
新潟,2021-08-15,24.9,0,2.4,68
新潟,2021-08-16,25.4,0,3.4,69
新潟,2021-08-17,23.8,90,4.3,84
新潟,2021-08-18,26.5,40,3.9,80
新潟,2021-08-19,27.4,0,2.5,75
新潟,2021-08-20,29.0,0,2.9,71
新潟,2021-08-21,28.9,0,2.1,75
新潟,2021-08-22,29.4,30,1.9,69
新潟,2021-08-23,27.3,30,3.6,74
新潟,2021-08-24,26.2,50,2.8,79
新潟,2021-08-25,27.9,70,6.4,80
新潟,2021-08-26,29.6,0,3.7,72
新潟,2021-08-27,27.5,10,3.9,74
新潟,2021-08-28,27.2,20,6.4,73
新潟,2021-08-29,26.8,0,2.4,64
新潟,2021-08-30,25.4,40,3.3,78
新潟,2021-08-31,25.7,10,2.4,63
新潟,2021-09-01,20.2,100,2.5,83
新潟,2021-09-02,24.1,10,3.7,70
新潟,2021-09-03,24.8,0,5.6,65
新潟,2021-09-04,24.2,60,6.7,68
新潟,2021-09-05,25.3,0,4.1,64
新潟,2021-09-06,22.0,50,3.5,72
新潟,2021-09-07,24.0,0,4.7,54
新潟,2021-09-08,19.1,90,7.4,85
新潟,2021-09-09,25.0,0,2.9,77
新潟,2021-09-10,24.2,10,2.9,79
新潟,2021-09-11,25.0,20,4.1,74
新潟,2021-09-12,25.6,0,4.4,70
新潟,2021-09-13,23.2,0,3.3,59
新潟,2021-09-14,22.9,0,2.8,59
新潟,2021-09-15,23.0,0,4.8,69
新潟,2021-09-16,24.3,0,7.6,59
新潟,2021-09-17,24.4,0,4.3,65
新潟,2021-09-18,22.9,90,2.7,87
新潟,2021-09-19,23.5,0,5.5,66
新潟,2021-09-20,23.8,0,4.2,65
新潟,2021-09-21,26.2,0,3.7,51
新潟,2021-09-22,26.0,30,2.9,72
新潟,2021-09-23,25.3,30,6.7,69
新潟,2021-09-24,22.1,40,5.9,68
新潟,2021-09-25,22.4,0,3.7,67
新潟,2021-09-26,21.8,20,5.9,65
新潟,2021-09-27,23.8,0,5.0,56
新潟,2021-09-28,24.6,0,4.0,59
新潟,2021-09-29,24.8,0,4.2,60
新潟,2021-09-30,26.1,0,2.8,68
新潟,2021-10-01,20.4,100,3.8,86
新潟,2021-10-02,22.4,50,5.0,70
新潟,2021-10-03,22.4,0,1.9,71
新潟,2021-10-04,25.2,0,2.2,59
新潟,2021-10-05,24.9,0,5.2,67
新潟,2021-10-06,20.1,0,5.1,69
新潟,2021-10-07,22.0,0,1.8,72
新潟,2021-10-08,23.0,30,3.6,79
新潟,2021-10-09,22.9,0,4.2,71
新潟,2021-10-10,26.0,0,3.5,66
新潟,2021-10-11,21.2,30,5.4,73
新潟,2021-10-12,19.0,100,3.2,87
新潟,2021-10-13,19.9,50,3.4,77
新潟,2021-10-14,21.4,0,3.1,67
新潟,2021-10-15,21.5,10,4.5,67
新潟,2021-10-16,20.1,20,2.4,82
新潟,2021-10-17,13.5,40,8.6,58
新潟,2021-10-18,13.8,30,2.1,66
新潟,2021-10-19,18.2,10,2.8,57
新潟,2021-10-20,13.9,100,10.4,69
新潟,2021-10-21,14.7,0,5.2,47
新潟,2021-10-22,14.6,0,3.0,60
新潟,2021-10-23,14.1,10,8.4,48
新潟,2021-10-24,15.5,50,3.6,67
新潟,2021-10-25,17.2,0,2.9,61
新潟,2021-10-26,16.0,90,3.5,78
新潟,2021-10-27,17.2,0,2.3,72
新潟,2021-10-28,17.0,0,5.8,54
新潟,2021-10-29,15.9,0,5.0,51
新潟,2021-10-30,15.9,0,2.1,66
新潟,2021-10-31,17.9,0,2.5,69
新潟,2021-11-01,17.2,0,2.6,75
新潟,2021-11-02,17.0,20,3.2,71
新潟,2021-11-03,15.8,50,3.7,68
新潟,2021-11-04,15.5,20,2.4,65
新潟,2021-11-05,14.0,20,2.2,75
新潟,2021-11-06,15.2,0,2.3,71
新潟,2021-11-07,15.9,0,4.0,64
新潟,2021-11-08,19.2,0,7.7,59
新潟,2021-11-09,16.4,90,4.8,87
新潟,2021-11-10,13.8,80,12.3,69
新潟,2021-11-11,13.0,100,10.4,75
新潟,2021-11-12,10.8,100,8.1,72
新潟,2021-11-13,13.4,60,5.9,65
新潟,2021-11-14,14.2,30,5.6,64
新潟,2021-11-15,13.9,60,4.3,77
新潟,2021-11-16,12.9,0,3.6,58
新潟,2021-11-17,13.1,0,2.5,64
新潟,2021-11-18,14.2,0,4.5,65
新潟,2021-11-19,16.1,10,5.6,62
新潟,2021-11-20,12.3,0,3.2,61
新潟,2021-11-21,12.4,0,3.1,59
新潟,2021-11-22,15.9,60,5.9,78
新潟,2021-11-23,9.5,100,10.8,70
新潟,2021-11-24,8.6,90,10.2,63
新潟,2021-11-25,10.5,100,7.7,79
新潟,2021-11-26,8.6,60,5.2,68
新潟,2021-11-27,7.6,100,6.9,69
新潟,2021-11-28,10.4,50,4.9,52
新潟,2021-11-29,9.2,0,2.9,66
新潟,2021-11-30,12.3,0,4.1,50
新潟,2021-12-01,9.8,100,9.2,72
新潟,2021-12-02,7.8,30,6.3,60
新潟,2021-12-03,11.6,10,7.3,56
新潟,2021-12-04,6.4,100,4.9,83
新潟,2021-12-05,6.6,0,2.5,58
新潟,2021-12-06,8.7,50,2.7,77
新潟,2021-12-07,11.9,70,5.0,84
新潟,2021-12-08,11.3,90,5.2,83
新潟,2021-12-09,10.4,0,2.0,73
新潟,2021-12-10,10.4,0,2.6,63
新潟,2021-12-11,12.4,30,4.2,73
新潟,2021-12-12,11.5,100,6.0,83
新潟,2021-12-13,5.1,0,11.0,54
新潟,2021-12-14,8.0,0,2.5,64
新潟,2021-12-15,9.9,70,6.0,75
新潟,2021-12-16,11.5,60,3.9,72
新潟,2021-12-17,8.8,100,4.1,84
新潟,2021-12-18,2.3,80,9.8,59
新潟,2021-12-19,3.7,90,3.9,79
新潟,2021-12-20,5.2,90,3.4,87
新潟,2021-12-21,11.1,100,7.1,75
新潟,2021-12-22,5.1,0,6.8,57
新潟,2021-12-23,5.5,70,3.7,63
新潟,2021-12-24,7.7,0,2.6,72
新潟,2021-12-25,1.3,100,10.9,79
新潟,2021-12-26,0.1,100,10.6,58
新潟,2021-12-27,1.2,90,10.1,65
新潟,2021-12-28,1.7,50,7.9,66
新潟,2021-12-29,6.8,50,6.9,66
新潟,2021-12-30,4.7,100,7.2,82
新潟,2021-12-31,0.3,80,12.4,58
新潟,2022-01-01,2.0,90,11.1,59
新潟,2022-01-02,5.4,60,7.5,63
新潟,2022-01-03,3.8,40,3.7,63
新潟,2022-01-04,1.6,60,11.3,65
新潟,2022-01-05,1.0,50,6.2,68
新潟,2022-01-06,1.3,0,2.4,76
新潟,2022-01-07,1.9,20,8.2,67
新潟,2022-01-08,3.9,20,2.8,71
新潟,2022-01-09,7.1,30,4.7,68
新潟,2022-01-10,4.8,0,1.8,65
新潟,2022-01-11,6.3,70,6.6,78
新潟,2022-01-12,2.4,0,13.5,54
新潟,2022-01-13,2.2,70,7.1,70
新潟,2022-01-14,1.6,100,9.9,69
新潟,2022-01-15,4.3,0,5.5,63
新潟,2022-01-16,5.1,80,5.8,80
新潟,2022-01-17,3.1,80,7.2,66
新潟,2022-01-18,0.7,40,10.7,66
新潟,2022-01-19,1.4,100,2.8,90
新潟,2022-01-20,1.4,90,7.9,85
新潟,2022-01-21,1.5,60,9.7,69
新潟,2022-01-22,3.3,0,4.5,71
新潟,2022-01-23,4.1,0,1.6,72
新潟,2022-01-24,4.0,0,5.8,59
新潟,2022-01-25,4.5,0,1.3,62
新潟,2022-01-26,6.1,50,3.2,71
新潟,2022-01-27,4.3,0,7.9,57
新潟,2022-01-28,3.9,20,7.1,59
新潟,2022-01-29,2.4,90,1.3,72
新潟,2022-01-30,2.5,20,6.9,58
新潟,2022-01-31,2.4,90,7.4,64
新潟,2022-02-01,2.6,50,2.5,66
新潟,2022-02-02,2.7,70,6.8,67
新潟,2022-02-03,1.7,90,5.5,84
新潟,2022-02-04,1.4,90,4.2,78
新潟,2022-02-05,0.2,80,9.2,65
新潟,2022-02-06,0.2,90,9.5,63
新潟,2022-02-07,1.6,50,6.8,68
新潟,2022-02-08,2.9,90,2.8,76
新潟,2022-02-09,4.8,0,2.7,56
新潟,2022-02-10,3.2,90,2.2,77
新潟,2022-02-11,4.9,50,3.4,68
新潟,2022-02-12,6.6,30,4.3,67
新潟,2022-02-13,5.4,0,3.8,57
新潟,2022-02-14,4.1,0,3.0,59
新潟,2022-02-15,6.0,50,6.3,69
新潟,2022-02-16,3.5,90,7.3,71
新潟,2022-02-17,1.4,60,5.9,72
新潟,2022-02-18,2.8,90,4.9,80
新潟,2022-02-19,5.9,0,2.9,64
新潟,2022-02-20,3.0,100,8.3,77
新潟,2022-02-21,1.2,60,13.2,51
新潟,2022-02-22,0.8,90,9.6,59
新潟,2022-02-23,1.6,10,8.6,50
新潟,2022-02-24,3.1,30,7.7,60
新潟,2022-02-25,6.3,40,8.3,58
新潟,2022-02-26,9.1,0,8.2,58
新潟,2022-02-27,6.5,80,10.0,66
新潟,2022-02-28,7.0,40,5.2,70
新潟,2022-03-01,9.9,40,6.0,57
新潟,2022-03-02,6.4,0,4.4,60
新潟,2022-03-03,6.3,30,8.2,62
新潟,2022-03-04,6.2,0,4.2,48
新潟,2022-03-05,9.8,30,8.9,60
新潟,2022-03-06,4.4,80,10.9,56
新潟,2022-03-07,5.2,30,4.8,60
新潟,2022-03-08,6.4,0,2.9,52
新潟,2022-03-09,7.4,0,1.7,54
新潟,2022-03-10,7.9,20,2.3,73
新潟,2022-03-11,12.8,0,5.0,47
新潟,2022-03-12,10.7,0,3.8,57
新潟,2022-03-13,13.8,50,3.0,67
新潟,2022-03-14,9.2,10,3.9,81
新潟,2022-03-15,10.0,40,9.3,71
新潟,2022-03-16,9.5,0,2.4,70
新潟,2022-03-17,7.8,0,5.5,64
新潟,2022-03-18,4.8,100,4.9,87
新潟,2022-03-19,7.0,80,5.0,78
新潟,2022-03-20,6.2,10,5.6,56
新潟,2022-03-21,5.7,50,4.3,64
新潟,2022-03-22,4.9,30,2.5,58
新潟,2022-03-23,7.1,0,3.9,56
新潟,2022-03-24,8.7,30,5.6,73
新潟,2022-03-25,11.5,0,2.4,62
新潟,2022-03-26,13.2,50,6.5,70
新潟,2022-03-27,9.7,0,3.2,73
新潟,2022-03-28,9.0,10,5.6,48
新潟,2022-03-29,10.0,0,3.2,60
新潟,2022-03-30,15.2,0,3.6,61
新潟,2022-03-31,8.1,60,4.8,79
新潟,2022-04-01,7.4,0,7.0,42
新潟,2022-04-02,7.2,0,3.9,50
新潟,2022-04-03,10.2,0,4.7,63
新潟,2022-04-04,10.7,100,3.1,87
新潟,2022-04-05,11.8,0,2.6,81
新潟,2022-04-06,13.0,0,5.2,68
新潟,2022-04-07,11.5,20,3.9,65
新潟,2022-04-08,9.1,0,3.8,58
新潟,2022-04-09,17.6,0,5.1,46
新潟,2022-04-10,20.9,0,3.3,50
新潟,2022-04-11,19.4,0,2.6,66
新潟,2022-04-12,20.4,0,2.2,57
新潟,2022-04-13,14.5,10,5.1,84
新潟,2022-04-14,13.5,50,4.8,73
新潟,2022-04-15,10.9,90,4.2,90
新潟,2022-04-16,9.9,20,6.1,70
新潟,2022-04-17,12.7,0,2.7,52
新潟,2022-04-18,15.4,0,2.2,59
新潟,2022-04-19,11.8,0,4.4,67
新潟,2022-04-20,16.1,0,2.5,57
新潟,2022-04-21,19.4,0,3.0,61
新潟,2022-04-22,16.7,0,5.3,76
新潟,2022-04-23,13.3,30,4.7,76
新潟,2022-04-24,20.4,0,2.8,71
新潟,2022-04-25,19.0,0,2.5,83
新潟,2022-04-26,21.2,50,4.6,71
新潟,2022-04-27,13.2,0,3.9,64
新潟,2022-04-28,13.1,0,5.2,58
新潟,2022-04-29,12.7,60,7.6,74
新潟,2022-04-30,11.0,0,4.7,59
新潟,2022-05-01,11.2,100,1.8,84
新潟,2022-05-02,12.0,0,3.9,56
新潟,2022-05-03,12.7,30,5.2,56
新潟,2022-05-04,18.4,0,6.0,51
新潟,2022-05-05,21.1,0,2.3,58
新潟,2022-05-06,19.8,0,3.6,74
新潟,2022-05-07,21.2,0,4.2,59
新潟,2022-05-08,14.2,0,3.4,52
新潟,2022-05-09,15.5,0,4.1,54
新潟,2022-05-10,15.9,0,5.1,54
新潟,2022-05-11,21.4,0,3.5,54
新潟,2022-05-12,21.4,0,3.7,62
新潟,2022-05-13,21.7,0,4.0,79
新潟,2022-05-14,15.9,50,5.8,83
新潟,2022-05-15,16.4,0,3.4,56
新潟,2022-05-16,18.0,0,3.0,60
新潟,2022-05-17,17.6,0,1.6,68
新潟,2022-05-18,20.6,0,2.8,44
新潟,2022-05-19,23.0,0,5.1,41
新潟,2022-05-20,22.5,0,3.7,41
新潟,2022-05-21,21.0,30,2.1,75
新潟,2022-05-22,19.3,20,3.1,72
新潟,2022-05-23,17.1,30,4.1,80
新潟,2022-05-24,19.5,0,3.0,67
新潟,2022-05-25,23.0,0,2.5,66
新潟,2022-05-26,24.3,0,3.3,60
新潟,2022-05-27,19.8,40,2.4,79
新潟,2022-05-28,19.6,20,6.6,61
新潟,2022-05-29,23.1,0,3.9,63
新潟,2022-05-30,22.6,0,4.2,71
新潟,2022-05-31,19.6,90,6.4,78
新潟,2022-06-01,19.7,0,2.6,68
新潟,2022-06-02,22.9,20,2.7,59
新潟,2022-06-03,18.7,50,4.8,78
新潟,2022-06-04,16.5,0,4.2,68
新潟,2022-06-05,16.9,0,5.2,68
新潟,2022-06-06,15.8,100,5.3,85
新潟,2022-06-07,17.1,100,4.9,90
新潟,2022-06-08,18.2,20,3.3,74
新潟,2022-06-09,19.3,0,3.6,73
新潟,2022-06-10,21.3,60,2.3,74
新潟,2022-06-11,19.7,0,4.6,83
新潟,2022-06-12,18.4,50,6.2,79
新潟,2022-06-13,17.5,0,4.4,64
新潟,2022-06-14,21.5,0,7.7,55
新潟,2022-06-15,20.6,30,6.0,68
新潟,2022-06-16,22.8,10,3.3,74
新潟,2022-06-17,23.2,0,4.6,72
新潟,2022-06-18,26.5,0,2.6,64
新潟,2022-06-19,25.1,20,4.9,74
新潟,2022-06-20,24.0,0,3.6,80
新潟,2022-06-21,23.5,0,3.9,81
新潟,2022-06-22,25.2,0,4.5,80
新潟,2022-06-23,27.3,10,2.4,70
新潟,2022-06-24,29.4,30,6.4,64
新潟,2022-06-25,27.7,0,5.3,70
新潟,2022-06-26,28.1,0,3.4,64
新潟,2022-06-27,24.3,90,5.9,85
新潟,2022-06-28,29.6,0,4.0,66
新潟,2022-06-29,29.4,0,5.1,64
新潟,2022-06-30,28.9,0,3.6,68
新潟,2022-07-01,27.5,0,3.4,78
新潟,2022-07-02,27.2,0,3.8,80
新潟,2022-07-03,28.5,0,2.9,76
新潟,2022-07-04,27.3,60,4.1,76
新潟,2022-07-05,28.9,0,4.1,74
新潟,2022-07-06,27.8,0,4.0,78
新潟,2022-07-07,27.7,0,3.1,72
新潟,2022-07-08,28.4,0,4.4,65
新潟,2022-07-09,28.3,0,3.8,66
新潟,2022-07-10,28.8,0,2.3,69
新潟,2022-07-11,28.2,0,3.5,74
新潟,2022-07-12,27.0,60,3.7,79
新潟,2022-07-13,27.9,20,2.7,72
新潟,2022-07-14,28.6,30,5.3,67
新潟,2022-07-15,25.6,90,5.4,79
新潟,2022-07-16,28.3,0,3.2,72
新潟,2022-07-17,27.5,40,3.6,73
新潟,2022-07-18,27.3,20,4.2,73
新潟,2022-07-19,26.8,60,2.5,83
新潟,2022-07-20,26.0,80,3.0,76
新潟,2022-07-21,25.7,40,1.8,74
新潟,2022-07-22,27.0,50,2.3,78
新潟,2022-07-23,25.8,50,5.8,76
新潟,2022-07-24,25.7,0,3.8,72
新潟,2022-07-25,29.0,10,1.8,68
新潟,2022-07-26,28.0,0,3.7,78
新潟,2022-07-27,27.3,0,3.7,81
新潟,2022-07-28,28.1,0,3.6,73
新潟,2022-07-29,28.5,0,3.4,75
新潟,2022-07-30,29.4,0,3.3,75
新潟,2022-07-31,30.5,0,2.7,71
新潟,2022-08-01,32.1,0,1.8,64
新潟,2022-08-02,30.7,0,4.9,71
新潟,2022-08-03,26.6,90,8.3,86
新潟,2022-08-04,26.3,90,4.4,86
新潟,2022-08-05,29.2,20,2.6,67
新潟,2022-08-06,29.7,0,2.2,67
新潟,2022-08-07,29.8,60,1.3,73
新潟,2022-08-08,31.6,0,3.4,63
新潟,2022-08-09,30.9,0,5.9,69
新潟,2022-08-10,31.0,0,4.1,65
新潟,2022-08-11,30.8,10,2.0,72
新潟,2022-08-12,29.3,40,3.3,75
新潟,2022-08-13,29.0,50,2.1,80
新潟,2022-08-14,26.9,60,4.3,82
新潟,2022-08-15,26.4,70,4.9,85
新潟,2022-08-16,27.1,90,9.7,82
新潟,2022-08-17,25.8,70,2.4,82
新潟,2022-08-18,26.1,80,6.9,76
新潟,2022-08-19,26.6,10,2.9,67
新潟,2022-08-20,25.6,80,4.7,82
新潟,2022-08-21,26.8,0,3.8,74
新潟,2022-08-22,30.2,0,3.6,68
新潟,2022-08-23,29.9,0,3.8,74
新潟,2022-08-24,25.0,0,3.6,61
新潟,2022-08-25,24.1,80,3.6,85
新潟,2022-08-26,25.4,10,2.8,72
新潟,2022-08-27,26.1,70,3.0,79
新潟,2022-08-28,23.4,10,5.0,64
新潟,2022-08-29,26.0,0,3.3,59
新潟,2022-08-30,26.3,0,3.8,73
新潟,2022-08-31,30.3,10,2.4,71
新潟,2022-09-01,25.5,90,3.6,88
新潟,2022-09-02,24.9,10,4.8,66
新潟,2022-09-03,25.4,10,2.4,80
新潟,2022-09-04,27.2,10,3.2,78
新潟,2022-09-05,30.0,0,3.2,70
新潟,2022-09-06,30.4,0,9.4,60
新潟,2022-09-07,25.1,20,3.3,70
新潟,2022-09-08,25.2,30,4.2,77
新潟,2022-09-09,25.4,0,4.6,75
新潟,2022-09-10,26.4,0,4.1,75
新潟,2022-09-11,27.0,0,3.6,63
新潟,2022-09-12,28.6,0,2.4,65
新潟,2022-09-13,26.6,0,3.2,76
新潟,2022-09-14,25.1,0,6.0,66
新潟,2022-09-15,25.1,0,2.2,74
新潟,2022-09-16,27.0,0,2.7,70
新潟,2022-09-17,27.8,0,3.4,63
新潟,2022-09-18,29.7,20,5.3,71
新潟,2022-09-19,31.8,0,7.2,61
新潟,2022-09-20,19.5,20,8.2,66
新潟,2022-09-21,19.5,20,3.2,58
新潟,2022-09-22,21.1,30,6.9,67
新潟,2022-09-23,24.0,50,2.1,86
新潟,2022-09-24,22.9,70,4.5,74
新潟,2022-09-25,22.2,0,3.1,62
新潟,2022-09-26,22.8,0,2.8,73
新潟,2022-09-27,22.0,20,4.3,68
新潟,2022-09-28,21.8,20,2.3,71
新潟,2022-09-29,23.1,0,2.1,66
新潟,2022-09-30,22.8,0,3.0,68
新潟,2022-10-01,23.5,0,2.2,70
新潟,2022-10-02,22.9,0,3.6,76
新潟,2022-10-03,23.3,0,3.0,72
新潟,2022-10-04,25.5,10,6.2,66
新潟,2022-10-05,16.5,10,5.6,61
新潟,2022-10-06,15.2,30,2.4,71
新潟,2022-10-07,13.6,100,5.8,81
新潟,2022-10-08,17.9,50,5.4,69
新潟,2022-10-09,19.0,0,6.2,63
新潟,2022-10-10,19.8,100,5.3,86
新潟,2022-10-11,19.0,30,10.1,62
新潟,2022-10-12,18.2,0,2.8,60
新潟,2022-10-13,18.5,0,3.1,64
新潟,2022-10-14,18.8,20,2.4,76
新潟,2022-10-15,20.9,10,3.0,74
新潟,2022-10-16,20.1,0,2.6,71
新潟,2022-10-17,19.5,100,3.9,87
新潟,2022-10-18,15.5,40,4.4,56
新潟,2022-10-19,15.8,0,4.1,48
新潟,2022-10-20,17.4,0,3.8,57
新潟,2022-10-21,18.1,0,3.0,59
新潟,2022-10-22,19.8,60,6.4,73
新潟,2022-10-23,16.4,90,5.7,78
新潟,2022-10-24,13.9,50,5.5,57
新潟,2022-10-25,14.6,0,5.0,51
新潟,2022-10-26,14.3,0,2.8,57
新潟,2022-10-27,14.4,0,2.4,51
新潟,2022-10-28,16.9,0,3.4,62
新潟,2022-10-29,14.9,10,3.7,59
新潟,2022-10-30,15.0,20,3.9,63
新潟,2022-10-31,16.0,0,2.6,67
新潟,2022-11-01,16.9,30,4.8,66
新潟,2022-11-02,17.0,40,2.1,76
新潟,2022-11-03,18.0,10,6.1,66
新潟,2022-11-04,11.5,80,2.6,72
新潟,2022-11-05,12.4,30,4.0,63
新潟,2022-11-06,13.5,60,4.0,71
新潟,2022-11-07,15.6,0,2.0,60
新潟,2022-11-08,14.5,80,4.5,67
新潟,2022-11-09,15.0,0,2.9,62
新潟,2022-11-10,15.8,0,3.7,64
新潟,2022-11-11,15.2,0,3.7,62
新潟,2022-11-12,18.7,0,2.2,58
新潟,2022-11-13,18.7,40,5.7,70
新潟,2022-11-14,12.7,10,3.4,64
新潟,2022-11-15,11.8,40,3.0,79
新潟,2022-11-16,11.6,20,4.9,56
新潟,2022-11-17,11.7,30,2.6,66
新潟,2022-11-18,14.0,30,5.2,64
新潟,2022-11-19,13.4,0,3.6,55
新潟,2022-11-20,13.9,20,5.7,59
新潟,2022-11-21,15.2,0,1.8,78
新潟,2022-11-22,13.4,0,5.1,64
新潟,2022-11-23,12.6,60,7.5,69
新潟,2022-11-24,13.5,70,6.0,72
新潟,2022-11-25,12.7,0,2.1,66
新潟,2022-11-26,16.5,10,5.3,67
新潟,2022-11-27,10.0,0,4.8,55
新潟,2022-11-28,13.1,0,3.8,56
新潟,2022-11-29,18.6,30,5.0,69
新潟,2022-11-30,11.0,40,7.7,73
新潟,2022-12-01,5.7,100,3.2,83
新潟,2022-12-02,4.9,90,5.6,72
新潟,2022-12-03,10.0,0,5.9,62
新潟,2022-12-04,7.8,100,8.3,78
新潟,2022-12-05,5.2,100,6.1,78
新潟,2022-12-06,9.7,20,8.1,69
新潟,2022-12-07,8.6,100,5.9,77
新潟,2022-12-08,7.4,100,6.4,69
新潟,2022-12-09,8.0,40,2.8,79
新潟,2022-12-10,10.2,40,3.9,75
新潟,2022-12-11,8.2,50,4.3,67
新潟,2022-12-12,7.9,0,2.4,66
新潟,2022-12-13,10.6,90,8.6,72
新潟,2022-12-14,5.1,90,10.9,60
新潟,2022-12-15,3.5,100,3.8,86
新潟,2022-12-16,4.6,80,9.3,70
新潟,2022-12-17,6.1,50,4.8,72
新潟,2022-12-18,1.8,100,5.8,74
新潟,2022-12-19,1.3,100,3.0,86
新潟,2022-12-20,3.3,80,6.0,79
新潟,2022-12-21,3.9,0,4.3,80
新潟,2022-12-22,6.0,60,7.5,83
新潟,2022-12-23,1.9,80,13.2,78
新潟,2022-12-24,5.8,80,13.7,74
新潟,2022-12-25,4.6,80,8.1,74
新潟,2022-12-26,5.0,80,5.9,75
新潟,2022-12-27,5.5,90,3.1,85
新潟,2022-12-28,7.5,60,5.4,75
新潟,2022-12-29,4.6,100,8.6,72
新潟,2022-12-30,5.5,30,6.8,61
新潟,2022-12-31,6.2,80,2.5,67
新潟,2023-01-01,6.0,90,7.3,78
新潟,2023-01-02,3.2,50,10.5,62
新潟,2023-01-03,4.0,60,7.8,63
新潟,2023-01-04,4.0,20,9.6,58
新潟,2023-01-05,3.4,80,7.1,69
新潟,2023-01-06,4.4,0,4.1,59
新潟,2023-01-07,4.4,70,3.1,77
新潟,2023-01-08,3.4,50,1.9,82
新潟,2023-01-09,7.6,90,5.9,80
新潟,2023-01-10,3.1,70,10.6,59
新潟,2023-01-11,8.3,0,6.2,59
新潟,2023-01-12,10.9,0,5.2,61
新潟,2023-01-13,11.1,0,4.0,56
新潟,2023-01-14,11.8,40,5.9,82
新潟,2023-01-15,6.4,90,3.5,78
新潟,2023-01-16,4.4,90,7.1,69
新潟,2023-01-17,4.3,0,3.5,58
新潟,2023-01-18,5.7,90,7.2,74
新潟,2023-01-19,6.3,0,2.1,57
新潟,2023-01-20,7.1,100,9.8,77
新潟,2023-01-21,2.5,70,7.8,62
新潟,2023-01-22,2.2,100,3.4,77
新潟,2023-01-23,6.8,60,5.4,69
新潟,2023-01-24,0.1,100,12.7,82
新潟,2023-01-25,-2.9,100,13.1,62
新潟,2023-01-26,1.0,100,4.1,78
新潟,2023-01-27,0.8,80,6.6,83
新潟,2023-01-28,-0.6,70,9.5,67
新潟,2023-01-29,0.5,100,4.3,76
新潟,2023-01-30,2.0,60,11.3,73
新潟,2023-01-31,1.0,0,5.6,62
新潟,2023-02-01,4.8,90,9.6,72
新潟,2023-02-02,1.8,40,8.3,69
新潟,2023-02-03,1.6,0,4.3,66
新潟,2023-02-04,2.9,70,6.6,81
新潟,2023-02-05,3.5,0,3.4,67
新潟,2023-02-06,6.0,40,3.7,74
新潟,2023-02-07,6.9,0,3.1,75
新潟,2023-02-08,4.8,90,4.1,76
新潟,2023-02-09,3.1,30,7.9,58
新潟,2023-02-10,2.4,80,5.4,75
新潟,2023-02-11,6.8,0,3.5,60
新潟,2023-02-12,6.9,0,2.9,68
新潟,2023-02-13,5.5,90,5.4,80
新潟,2023-02-14,2.2,90,10.0,59
新潟,2023-02-15,1.3,70,9.4,59
新潟,2023-02-16,2.4,20,3.3,60
新潟,2023-02-17,6.5,10,5.5,61
新潟,2023-02-18,9.2,30,3.1,68
新潟,2023-02-19,8.7,70,5.8,85
新潟,2023-02-20,2.6,50,7.6,58
新潟,2023-02-21,1.4,80,9.9,59
新潟,2023-02-22,3.5,0,3.8,61
新潟,2023-02-23,6.6,30,3.9,69
新潟,2023-02-24,8.2,0,1.3,73
新潟,2023-02-25,3.3,50,7.9,56
新潟,2023-02-26,4.1,0,9.0,54
新潟,2023-02-27,6.5,0,3.9,53
新潟,2023-02-28,11.4,0,6.6,46
新潟,2023-03-01,12.5,0,5.6,64
新潟,2023-03-02,5.1,80,7.1,78
新潟,2023-03-03,7.2,30,5.5,53
新潟,2023-03-04,7.3,10,5.0,61
新潟,2023-03-05,6.0,0,3.7,59
新潟,2023-03-06,8.1,0,1.7,64
新潟,2023-03-07,12.1,0,5.7,51
新潟,2023-03-08,14.8,0,5.5,53
新潟,2023-03-09,16.1,0,1.9,59
新潟,2023-03-10,10.9,40,5.9,80
新潟,2023-03-11,10.4,0,3.6,64
新潟,2023-03-12,16.7,0,3.9,51
新潟,2023-03-13,7.7,70,6.9,74
新潟,2023-03-14,7.9,30,2.4,61
新潟,2023-03-15,14.0,0,2.1,50
新潟,2023-03-16,13.3,30,4.5,67
新潟,2023-03-17,7.2,0,3.2,54
新潟,2023-03-18,6.0,80,2.6,79
新潟,2023-03-19,9.4,0,4.9,52
新潟,2023-03-20,12.0,0,2.1,42
新潟,2023-03-21,16.2,0,2.3,48
新潟,2023-03-22,14.8,0,4.1,67
新潟,2023-03-23,19.4,30,7.8,62
新潟,2023-03-24,10.6,30,5.3,82
新潟,2023-03-25,8.8,0,4.4,64
新潟,2023-03-26,8.7,100,4.2,91
新潟,2023-03-27,9.3,0,3.5,60
新潟,2023-03-28,8.4,0,4.0,60
新潟,2023-03-29,8.9,0,3.2,61
新潟,2023-03-30,10.9,0,2.5,54
新潟,2023-03-31,15.8,0,4.6,58
新潟,2023-04-01,11.8,0,4.7,64
新潟,2023-04-02,10.7,0,5.4,67
新潟,2023-04-03,11.8,0,3.9,69
新潟,2023-04-04,12.2,0,3.1,67
新潟,2023-04-05,16.6,0,2.6,56
新潟,2023-04-06,18.0,0,4.1,62
新潟,2023-04-07,14.7,100,3.2,94
新潟,2023-04-08,10.4,70,7.6,69
新潟,2023-04-09,10.5,10,7.5,44
新潟,2023-04-10,15.4,0,4.6,47
新潟,2023-04-11,19.6,0,3.6,42
新潟,2023-04-12,9.3,50,3.5,77
新潟,2023-04-13,14.9,0,6.8,40
新潟,2023-04-14,17.0,0,4.2,54
新潟,2023-04-15,16.5,60,5.9,65
新潟,2023-04-16,12.9,80,7.7,77
新潟,2023-04-17,9.3,50,6.5,63
新潟,2023-04-18,12.5,30,2.5,62
新潟,2023-04-19,14.1,0,3.0,75
新潟,2023-04-20,20.6,0,4.1,64
新潟,2023-04-21,13.0,0,5.0,61
新潟,2023-04-22,11.7,0,7.1,40
新潟,2023-04-23,11.7,0,6.0,49
新潟,2023-04-24,11.8,0,4.5,40
新潟,2023-04-25,13.2,0,4.2,56
新潟,2023-04-26,13.3,80,5.1,87
新潟,2023-04-27,12.9,0,2.1,71
新潟,2023-04-28,18.7,0,1.8,50
新潟,2023-04-29,18.4,0,2.9,71
新潟,2023-04-30,15.9,30,6.2,78
新潟,2023-05-01,17.8,0,5.6,48
新潟,2023-05-02,14.7,0,5.0,61
新潟,2023-05-03,18.5,0,2.8,40
新潟,2023-05-04,20.1,0,3.4,56
新潟,2023-05-05,20.8,0,3.1,64
新潟,2023-05-06,17.9,100,1.5,88
新潟,2023-05-07,15.2,100,2.8,88
新潟,2023-05-08,11.8,80,6.8,73
新潟,2023-05-09,15.9,0,2.5,54
新潟,2023-05-10,16.1,0,4.1,68
新潟,2023-05-11,14.0,0,3.6,60
新潟,2023-05-12,14.5,0,4.6,58
新潟,2023-05-13,19.5,0,2.0,71
新潟,2023-05-14,19.4,30,5.2,62
新潟,2023-05-15,18.3,30,2.6,76
新潟,2023-05-16,18.7,0,2.1,81
新潟,2023-05-17,22.7,0,6.4,65
新潟,2023-05-18,24.4,0,3.0,63
新潟,2023-05-19,17.8,80,4.2,90
新潟,2023-05-20,19.6,0,3.5,81
新潟,2023-05-21,21.1,0,3.9,73
新潟,2023-05-22,18.3,10,4.6,65
新潟,2023-05-23,15.6,70,2.7,78
新潟,2023-05-24,16.0,50,6.2,62
新潟,2023-05-25,19.9,0,1.1,58
新潟,2023-05-26,19.1,50,2.4,72
新潟,2023-05-27,22.1,0,2.9,66
新潟,2023-05-28,19.9,90,1.1,79
新潟,2023-05-29,18.7,70,1.4,89
新潟,2023-05-30,18.6,10,5.3,79
新潟,2023-05-31,18.4,0,4.2,61
新潟,2023-06-01,22.1,0,2.2,57
新潟,2023-06-02,19.8,100,3.4,90
新潟,2023-06-03,19.1,30,6.1,73
新潟,2023-06-04,21.6,0,7.3,64
新潟,2023-06-05,21.8,0,5.4,68
新潟,2023-06-06,24.4,0,2.5,58
新潟,2023-06-07,22.6,0,4.8,69
新潟,2023-06-08,24.9,0,2.0,69
新潟,2023-06-09,21.2,40,4.5,81
新潟,2023-06-10,22.2,0,3.2,80
新潟,2023-06-11,22.2,90,3.7,84
新潟,2023-06-12,24.0,0,2.3,84
新潟,2023-06-13,23.0,0,3.7,83
新潟,2023-06-14,23.4,30,3.4,84
新潟,2023-06-15,21.2,0,3.3,87
新潟,2023-06-16,20.8,60,3.7,80
新潟,2023-06-17,23.6,0,4.4,69
新潟,2023-06-18,24.2,0,4.6,73
新潟,2023-06-19,21.6,0,5.9,64
新潟,2023-06-20,21.6,0,4.6,72
新潟,2023-06-21,26.6,0,3.7,60
新潟,2023-06-22,22.0,30,5.7,68
新潟,2023-06-23,23.4,10,3.9,77
新潟,2023-06-24,23.5,10,3.2,77
新潟,2023-06-25,22.7,0,3.8,77
新潟,2023-06-26,24.0,0,2.8,75
新潟,2023-06-27,26.0,50,4.1,73
新潟,2023-06-28,26.4,60,3.9,78
新潟,2023-06-29,26.3,40,4.2,74
新潟,2023-06-30,24.4,100,6.5,85
新潟,2023-07-01,22.9,60,2.6,87
新潟,2023-07-02,25.7,0,4.3,74
新潟,2023-07-03,24.1,0,4.2,72
新潟,2023-07-04,23.8,0,4.4,73
新潟,2023-07-05,27.0,20,5.0,63
新潟,2023-07-06,27.9,0,5.5,69
新潟,2023-07-07,29.5,0,2.2,61
新潟,2023-07-08,24.9,80,3.7,82
新潟,2023-07-09,26.5,50,5.3,84
新潟,2023-07-10,27.8,30,3.6,79
新潟,2023-07-11,28.6,20,7.2,72
新潟,2023-07-12,25.9,60,9.6,81
新潟,2023-07-13,26.7,40,2.6,72
新潟,2023-07-14,25.0,60,3.4,88
新潟,2023-07-15,27.8,10,5.2,69
新潟,2023-07-16,29.9,40,5.0,72
新潟,2023-07-17,30.2,0,4.3,65
新潟,2023-07-18,27.6,30,3.0,74
新潟,2023-07-19,24.8,100,4.6,89
新潟,2023-07-20,25.1,30,4.2,76
新潟,2023-07-21,25.9,0,3.9,78
新潟,2023-07-22,27.2,0,2.4,77
新潟,2023-07-23,29.6,0,2.4,68
新潟,2023-07-24,30.2,0,2.8,66
新潟,2023-07-25,30.4,0,2.6,68
新潟,2023-07-26,30.6,0,2.1,65
新潟,2023-07-27,30.3,0,2.6,66
新潟,2023-07-28,30.2,0,2.8,65
新潟,2023-07-29,30.5,0,2.5,68
新潟,2023-07-30,31.8,0,3.5,64
新潟,2023-07-31,31.0,0,3.5,66
新潟,2023-08-01,29.0,40,2.1,73
新潟,2023-08-02,31.3,0,2.8,61
新潟,2023-08-03,32.7,0,2.2,52
新潟,2023-08-04,32.6,0,2.8,56
新潟,2023-08-05,32.2,0,3.7,64
新潟,2023-08-06,32.5,0,3.5,64
新潟,2023-08-07,32.4,20,3.3,63
新潟,2023-08-08,34.7,0,3.7,51
新潟,2023-08-09,35.5,10,5.6,52
新潟,2023-08-10,34.5,0,8.3,43
新潟,2023-08-11,33.1,0,4.9,53
新潟,2023-08-12,30.0,40,2.7,70
新潟,2023-08-13,31.2,0,3.4,62
新潟,2023-08-14,34.7,0,5.3,52
新潟,2023-08-15,34.8,0,8.8,49
新潟,2023-08-16,32.1,20,6.2,57
新潟,2023-08-17,31.4,10,3.4,67
新潟,2023-08-18,31.5,0,3.6,66
新潟,2023-08-19,31.7,0,2.8,64
新潟,2023-08-20,31.9,0,3.9,63
新潟,2023-08-21,32.0,10,3.5,66
新潟,2023-08-22,33.8,0,3.6,55
新潟,2023-08-23,34.6,10,3.2,53
新潟,2023-08-24,33.9,0,2.9,53
新潟,2023-08-25,33.2,0,3.4,55
新潟,2023-08-26,30.8,70,3.5,70
新潟,2023-08-27,31.8,0,4.0,55
新潟,2023-08-28,30.0,20,3.4,67
新潟,2023-08-29,32.0,0,3.1,58
新潟,2023-08-30,32.9,0,3.7,57
新潟,2023-08-31,33.8,0,3.7,46
新潟,2023-09-01,32.8,0,2.6,45
新潟,2023-09-02,28.8,10,2.6,67
新潟,2023-09-03,30.4,0,5.6,64
新潟,2023-09-04,32.2,0,3.0,56
新潟,2023-09-05,30.4,50,3.7,68
新潟,2023-09-06,25.6,100,3.0,86
新潟,2023-09-07,27.2,20,5.6,61
新潟,2023-09-08,24.8,30,3.7,68
新潟,2023-09-09,29.8,0,3.3,62
新潟,2023-09-10,29.8,20,2.6,66
新潟,2023-09-11,31.7,0,2.3,59
新潟,2023-09-12,29.3,40,3.3,67
新潟,2023-09-13,28.5,10,3.7,70
新潟,2023-09-14,30.0,0,4.0,58
新潟,2023-09-15,27.3,20,3.4,69
新潟,2023-09-16,27.6,60,1.9,77
新潟,2023-09-17,30.9,0,2.9,67
新潟,2023-09-18,29.2,40,3.9,70
新潟,2023-09-19,27.6,60,4.9,75
新潟,2023-09-20,25.7,70,5.3,75
新潟,2023-09-21,26.0,80,5.4,77
新潟,2023-09-22,24.6,20,3.6,68
新潟,2023-09-23,24.0,0,4.9,53
新潟,2023-09-24,23.7,0,5.3,48
新潟,2023-09-25,25.5,0,3.3,48
新潟,2023-09-26,24.4,10,2.0,65
新潟,2023-09-27,23.2,60,2.9,83
新潟,2023-09-28,24.4,100,6.5,82
新潟,2023-09-29,24.4,20,3.3,59
新潟,2023-09-30,24.3,30,2.7,71
新潟,2023-10-01,23.3,50,5.6,72
新潟,2023-10-02,22.0,20,4.9,48
新潟,2023-10-03,22.0,0,2.2,49
新潟,2023-10-04,22.7,0,4.0,58
新潟,2023-10-05,18.9,90,9.0,68
新潟,2023-10-06,19.4,10,11.4,45
新潟,2023-10-07,18.4,70,6.8,59
新潟,2023-10-08,19.7,0,3.3,62
新潟,2023-10-09,17.9,40,3.8,76
新潟,2023-10-10,19.0,100,4.4,80
新潟,2023-10-11,19.2,30,3.7,57
新潟,2023-10-12,18.8,0,1.5,57
新潟,2023-10-13,18.8,0,1.8,57
新潟,2023-10-14,19.3,0,2.2,61
新潟,2023-10-15,16.5,60,4.8,79
新潟,2023-10-16,20.0,60,4.6,61
新潟,2023-10-17,19.0,0,7.0,50
新潟,2023-10-18,19.5,0,2.2,61
新潟,2023-10-19,22.2,0,4.8,58
新潟,2023-10-20,20.2,50,6.7,71
新潟,2023-10-21,12.8,100,5.7,68
新潟,2023-10-22,15.1,30,4.9,55
新潟,2023-10-23,17.7,10,2.1,70
新潟,2023-10-24,19.5,0,1.4,62
新潟,2023-10-25,18.8,10,2.2,68
新潟,2023-10-26,18.7,10,2.7,66
新潟,2023-10-27,17.0,0,2.7,76
新潟,2023-10-28,16.0,80,3.2,83
新潟,2023-10-29,15.2,100,4.6,79
新潟,2023-10-30,17.1,20,2.9,78
新潟,2023-10-31,17.2,0,2.0,74
新潟,2023-11-01,19.0,0,4.2,57
新潟,2023-11-02,19.1,40,4.3,81
新潟,2023-11-03,22.0,0,3.4,58
新潟,2023-11-04,18.1,60,2.2,83
新潟,2023-11-05,19.3,0,3.3,78
新潟,2023-11-06,24.1,0,6.5,59
新潟,2023-11-07,18.0,40,10.8,62
新潟,2023-11-08,14.4,0,3.1,60
新潟,2023-11-09,18.2,0,3.7,56
新潟,2023-11-10,15.6,80,3.3,80
新潟,2023-11-11,10.1,0,6.7,51
新潟,2023-11-12,10.1,60,7.0,65
新潟,2023-11-13,9.9,50,7.4,55
新潟,2023-11-14,12.6,0,6.3,52
新潟,2023-11-15,13.3,0,2.7,62
新潟,2023-11-16,15.1,0,2.4,58
新潟,2023-11-17,13.8,90,5.0,85
新潟,2023-11-18,8.5,80,10.0,74
新潟,2023-11-19,14.5,50,7.7,63
新潟,2023-11-20,10.6,40,10.4,58
新潟,2023-11-21,12.3,0,1.4,63
新潟,2023-11-22,15.0,0,2.6,67
新潟,2023-11-23,16.1,0,3.9,59
新潟,2023-11-24,11.5,90,9.0,69
新潟,2023-11-25,6.9,0,9.0,53
新潟,2023-11-26,9.9,0,2.4,62
新潟,2023-11-27,11.2,50,3.0,88
新潟,2023-11-28,11.8,90,10.6,68
新潟,2023-11-29,8.1,60,7.2,74
新潟,2023-11-30,5.5,90,9.4,68
新潟,2023-12-01,5.5,100,2.5,82
新潟,2023-12-02,4.6,100,2.4,89
新潟,2023-12-03,6.7,70,7.0,80
新潟,2023-12-04,8.5,70,3.4,76
新潟,2023-12-05,10.5,0,3.0,59
新潟,2023-12-06,11.7,0,2.2,64
新潟,2023-12-07,9.8,90,9.9,75
新潟,2023-12-08,12.3,60,4.3,69
新潟,2023-12-09,15.1,0,4.4,57
新潟,2023-12-10,12.8,10,5.2,65
新潟,2023-12-11,9.0,0,4.2,61
新潟,2023-12-12,10.9,70,7.2,77
新潟,2023-12-13,8.3,0,6.0,57
新潟,2023-12-14,9.5,0,3.1,61
新潟,2023-12-15,9.1,100,3.6,88
新潟,2023-12-16,15.3,30,8.2,80
新潟,2023-12-17,3.6,90,10.1,64
新潟,2023-12-18,3.0,40,8.7,61
新潟,2023-12-19,4.6,20,2.0,77
新潟,2023-12-20,4.6,100,5.4,81
新潟,2023-12-21,1.8,100,4.7,85
新潟,2023-12-22,0.8,100,4.2,83
新潟,2023-12-23,2.4,30,10.1,68
新潟,2023-12-24,3.3,40,5.2,78
新潟,2023-12-25,3.4,90,3.8,84
新潟,2023-12-26,6.3,100,7.8,80
新潟,2023-12-27,5.6,0,6.6,51
新潟,2023-12-28,6.4,0,3.0,56
新潟,2023-12-29,8.9,70,4.7,74
新潟,2023-12-30,8.6,20,2.3,76
新潟,2023-12-31,8.8,80,2.9,82
新潟,2024-01-01,6.4,0,5.7,54
新潟,2024-01-02,7.1,0,3.4,58
新潟,2024-01-03,8.1,80,2.1,88
新潟,2024-01-04,8.2,30,6.6,61
新潟,2024-01-05,10.8,20,8.0,59
新潟,2024-01-06,8.5,80,1.8,84
新潟,2024-01-07,3.1,100,4.4,72
新潟,2024-01-08,1.8,40,6.2,67
新潟,2024-01-09,5.4,50,6.9,73
新潟,2024-01-10,3.4,40,6.1,67
新潟,2024-01-11,3.8,0,1.6,62
新潟,2024-01-12,6.6,90,6.5,78
新潟,2024-01-13,2.4,100,6.8,68
新潟,2024-01-14,5.0,0,4.7,63
新潟,2024-01-15,2.1,40,10.3,55
新潟,2024-01-16,1.7,70,11.8,51
新潟,2024-01-17,7.0,0,3.6,61
新潟,2024-01-18,8.5,100,4.4,88
新潟,2024-01-19,6.3,0,3.8,55
新潟,2024-01-20,6.6,10,5.5,61
新潟,2024-01-21,7.6,100,2.2,92
新潟,2024-01-22,9.7,60,3.3,83
新潟,2024-01-23,4.6,70,6.1,64
新潟,2024-01-24,2.8,60,9.6,57
新潟,2024-01-25,1.5,70,10.6,69
新潟,2024-01-26,4.1,10,7.2,64
新潟,2024-01-27,5.9,20,7.1,54
新潟,2024-01-28,5.0,100,2.0,79
新潟,2024-01-29,6.9,10,3.6,59
新潟,2024-01-30,6.2,10,2.0,71
新潟,2024-01-31,9.4,0,3.6,56
新潟,2024-02-01,3.0,0,10.4,66
新潟,2024-02-02,3.4,10,4.2,54
新潟,2024-02-03,4.2,0,4.7,54
新潟,2024-02-04,5.8,0,4.6,53
新潟,2024-02-05,3.9,50,3.8,73
新潟,2024-02-06,4.4,70,3.5,70
新潟,2024-02-07,4.0,80,2.4,77
新潟,2024-02-08,5.4,60,3.4,68
新潟,2024-02-09,5.8,20,2.1,62
新潟,2024-02-10,7.0,40,5.7,65
新潟,2024-02-11,5.6,0,4.4,51
新潟,2024-02-12,6.6,40,3.8,54
新潟,2024-02-13,10.6,0,5.4,53
新潟,2024-02-14,14.0,0,7.2,64
新潟,2024-02-15,14.6,0,3.6,64
新潟,2024-02-16,3.2,0,5.8,55
新潟,2024-02-17,6.5,0,2.5,59
新潟,2024-02-18,14.7,0,2.6,60
新潟,2024-02-19,16.6,20,5.0,66
新潟,2024-02-20,7.2,60,6.5,75
新潟,2024-02-21,3.2,100,7.6,89
新潟,2024-02-22,3.6,40,4.9,67
新潟,2024-02-23,3.7,50,3.7,67
新潟,2024-02-24,3.7,10,3.4,56
新潟,2024-02-25,5.8,40,2.6,65
新潟,2024-02-26,5.5,100,8.9,69
新潟,2024-02-27,5.2,70,10.1,66
新潟,2024-02-28,5.9,30,6.2,60
新潟,2024-02-29,6.9,0,3.0,56
新潟,2024-03-01,7.1,70,5.9,78
新潟,2024-03-02,2.3,30,7.7,51
新潟,2024-03-03,5.5,80,10.5,72
新潟,2024-03-04,4.0,80,4.3,72
新潟,2024-03-05,5.9,20,3.2,53
新潟,2024-03-06,5.3,40,7.7,67
新潟,2024-03-07,4.7,0,3.8,53
新潟,2024-03-08,6.1,0,3.4,62
新潟,2024-03-09,4.5,50,8.7,55
新潟,2024-03-10,4.9,60,6.1,54
新潟,2024-03-11,8.5,0,4.2,50
新潟,2024-03-12,6.6,100,2.7,83
新潟,2024-03-13,6.0,60,8.8,54
新潟,2024-03-14,10.2,20,9.2,57
新潟,2024-03-15,12.6,10,11.4,52
新潟,2024-03-16,9.0,0,4.3,60
新潟,2024-03-17,12.5,30,7.9,68
新潟,2024-03-18,4.6,60,11.3,48
新潟,2024-03-19,7.6,20,2.7,49
新潟,2024-03-20,5.3,90,8.8,79
新潟,2024-03-21,4.6,80,7.5,56
新潟,2024-03-22,6.1,70,4.4,52
新潟,2024-03-23,6.1,90,3.7,69
新潟,2024-03-24,10.4,10,3.6,82
新潟,2024-03-25,9.7,0,6.1,76
新潟,2024-03-26,6.2,100,8.6,88
新潟,2024-03-27,8.6,20,4.2,56
新潟,2024-03-28,14.0,0,5.7,43
新潟,2024-03-29,13.1,40,6.5,86
新潟,2024-03-30,12.2,0,5.4,50
新潟,2024-03-31,9.8,0,4.0,58
新潟,2024-04-01,10.7,10,2.2,53
新潟,2024-04-02,11.1,0,2.1,54
新潟,2024-04-03,13.7,20,1.7,78
新潟,2024-04-04,11.4,0,5.4,76
新潟,2024-04-05,10.6,0,4.3,56
新潟,2024-04-06,12.9,0,2.6,70
新潟,2024-04-07,16.8,0,2.4,74
新潟,2024-04-08,17.9,0,3.0,79
新潟,2024-04-09,8.1,90,7.5,87
新潟,2024-04-10,9.4,0,3.4,55
新潟,2024-04-11,15.5,0,1.9,63
新潟,2024-04-12,15.8,0,3.2,63
新潟,2024-04-13,15.3,0,3.0,78
新潟,2024-04-14,16.1,0,3.1,70
新潟,2024-04-15,21.1,0,3.5,67
新潟,2024-04-16,17.7,30,4.0,72
新潟,2024-04-17,16.5,30,4.7,76
新潟,2024-04-18,14.5,0,4.8,77
新潟,2024-04-19,12.8,70,5.7,76
新潟,2024-04-20,13.0,0,4.5,72
新潟,2024-04-21,13.0,0,6.5,67
新潟,2024-04-22,15.6,0,5.3,70
新潟,2024-04-23,17.6,0,3.1,78
新潟,2024-04-24,16.3,30,10.4,69
新潟,2024-04-25,16.1,20,8.0,70
新潟,2024-04-26,20.5,0,2.5,61
新潟,2024-04-27,18.1,0,2.4,74
新潟,2024-04-28,20.0,0,2.3,66
新潟,2024-04-29,17.3,0,4.5,74
新潟,2024-04-30,16.9,50,2.6,86
新潟,2024-05-01,12.5,0,5.7,65
新潟,2024-05-02,15.2,0,4.0,67
新潟,2024-05-03,18.3,0,3.7,59
新潟,2024-05-04,20.5,0,2.9,48
新潟,2024-05-05,23.6,0,2.9,53
新潟,2024-05-06,21.6,10,2.3,59
新潟,2024-05-07,18.1,80,4.4,81
新潟,2024-05-08,11.4,30,5.7,69
新潟,2024-05-09,12.5,0,3.7,57
新潟,2024-05-10,19.9,0,2.8,37
新潟,2024-05-11,24.0,0,2.4,40
新潟,2024-05-12,23.5,0,4.0,51
新潟,2024-05-13,14.5,80,4.6,86
新潟,2024-05-14,17.1,0,3.8,65
新潟,2024-05-15,22.4,0,2.2,58
新潟,2024-05-16,21.1,60,6.1,65
新潟,2024-05-17,18.5,10,9.6,57
新潟,2024-05-18,23.4,0,3.9,31
新潟,2024-05-19,23.9,0,2.3,57
新潟,2024-05-20,17.5,40,2.6,81
新潟,2024-05-21,15.6,20,5.3,67
新潟,2024-05-22,20.5,0,2.4,58
新潟,2024-05-23,24.9,0,3.0,49
新潟,2024-05-24,19.3,70,6.2,79
新潟,2024-05-25,15.3,10,5.2,63
新潟,2024-05-26,19.7,0,2.8,64
新潟,2024-05-27,24.2,30,4.5,63
新潟,2024-05-28,15.2,100,3.2,86
新潟,2024-05-29,16.2,20,4.6,75
新潟,2024-05-30,20.3,0,2.8,67
新潟,2024-05-31,19.5,30,1.6,87
新潟,2024-06-01,19.9,0,3.3,72
新潟,2024-06-02,17.8,70,2.7,80
新潟,2024-06-03,18.8,20,3.5,74
新潟,2024-06-04,19.0,0,3.6,78
新潟,2024-06-05,18.2,20,4.0,74
新潟,2024-06-06,19.1,0,3.8,70
新潟,2024-06-07,21.0,0,3.1,70
新潟,2024-06-08,24.2,0,2.9,66
新潟,2024-06-09,23.7,0,2.7,68
新潟,2024-06-10,22.4,0,3.4,71
新潟,2024-06-11,24.3,0,2.8,65
新潟,2024-06-12,27.5,0,2.6,58
新潟,2024-06-13,25.2,0,3.6,67
新潟,2024-06-14,23.6,0,3.6,72
新潟,2024-06-15,28.4,0,3.4,60
新潟,2024-06-16,25.8,30,5.7,66
新潟,2024-06-17,25.9,0,5.2,49
新潟,2024-06-18,24.0,20,2.1,58
新潟,2024-06-19,24.7,0,3.6,53
新潟,2024-06-20,28.2,0,2.1,45
新潟,2024-06-21,26.0,0,2.9,58
新潟,2024-06-22,26.9,0,2.6,55
新潟,2024-06-23,23.3,100,3.4,88
新潟,2024-06-24,26.0,10,5.8,74
新潟,2024-06-25,25.5,30,6.0,75
新潟,2024-06-26,22.2,60,4.3,73
新潟,2024-06-27,24.5,0,1.8,56
新潟,2024-06-28,24.9,0,1.9,70
新潟,2024-06-29,25.2,0,3.1,72
新潟,2024-06-30,26.1,60,4.3,80
新潟,2024-07-01,24.5,30,5.2,78
新潟,2024-07-02,24.7,20,3.7,72
新潟,2024-07-03,26.1,60,4.0,78
新潟,2024-07-04,26.5,10,6.1,78
新潟,2024-07-05,29.9,0,4.3,64
新潟,2024-07-06,27.3,40,5.2,80
新潟,2024-07-07,29.5,40,6.9,67
新潟,2024-07-08,24.1,100,6.1,93
新潟,2024-07-09,25.3,70,8.0,84
新潟,2024-07-10,24.5,100,3.6,88
新潟,2024-07-11,24.2,60,2.6,84
新潟,2024-07-12,24.0,0,2.7,78
新潟,2024-07-13,24.6,0,3.3,72
新潟,2024-07-14,24.8,50,2.2,84
新潟,2024-07-15,25.9,30,2.1,79
新潟,2024-07-16,27.9,20,2.5,74
新潟,2024-07-17,25.5,60,3.7,84
新潟,2024-07-18,29.7,0,2.5,65
新潟,2024-07-19,30.2,30,1.5,66
新潟,2024-07-20,28.1,70,5.7,76
新潟,2024-07-21,31.6,0,4.4,61
新潟,2024-07-22,29.5,0,5.2,74
新潟,2024-07-23,31.4,0,4.0,60
新潟,2024-07-24,26.6,90,7.9,82
新潟,2024-07-25,27.8,60,4.2,78
新潟,2024-07-26,29.2,10,2.2,76
新潟,2024-07-27,30.0,40,2.5,75
新潟,2024-07-28,29.3,40,7.1,76
新潟,2024-07-29,29.4,20,8.9,75
新潟,2024-07-30,29.0,30,7.9,80
新潟,2024-07-31,26.6,50,4.1,79
新潟,2024-08-01,27.7,0,2.4,74
新潟,2024-08-02,29.4,0,1.9,67
新潟,2024-08-03,30.6,0,2.0,68
新潟,2024-08-04,30.1,0,2.7,75
新潟,2024-08-05,28.6,10,5.4,78
新潟,2024-08-06,27.7,10,4.5,76
新潟,2024-08-07,28.1,0,3.6,75
新潟,2024-08-08,27.9,20,2.9,69
新潟,2024-08-09,28.6,0,3.8,71
新潟,2024-08-10,28.6,50,5.6,74
新潟,2024-08-11,29.1,20,4.6,74
新潟,2024-08-12,28.8,70,5.1,76
新潟,2024-08-13,29.5,20,3.6,74
新潟,2024-08-14,28.3,30,3.2,77
新潟,2024-08-15,28.9,30,4.7,75
新潟,2024-08-16,30.7,0,4.5,74
新潟,2024-08-17,29.8,20,3.9,77
新潟,2024-08-18,28.2,20,3.7,73
新潟,2024-08-19,28.4,0,2.9,67
新潟,2024-08-20,29.5,20,2.4,73
新潟,2024-08-21,28.6,10,3.1,66
新潟,2024-08-22,31.4,0,1.5,66
新潟,2024-08-23,33.6,0,3.4,53
新潟,2024-08-24,30.6,30,3.5,70
新潟,2024-08-25,29.7,50,1.7,73
新潟,2024-08-26,30.1,50,0.9,72
新潟,2024-08-27,31.6,10,2.6,65
新潟,2024-08-28,27.9,0,3.4,73
新潟,2024-08-29,28.0,50,2.7,76
新潟,2024-08-30,31.6,0,4.7,66
新潟,2024-08-31,27.8,70,2.5,84
新潟,2024-09-01,28.8,0,4.2,74
新潟,2024-09-02,25.2,100,4.3,81
新潟,2024-09-03,26.0,10,2.2,75
新潟,2024-09-04,27.9,0,3.4,65
新潟,2024-09-05,28.9,0,3.3,66
新潟,2024-09-06,27.7,20,3.0,71
新潟,2024-09-07,28.0,20,1.9,74
新潟,2024-09-08,24.2,60,2.6,72
新潟,2024-09-09,27.6,0,4.0,70
新潟,2024-09-10,31.0,0,2.8,65
新潟,2024-09-11,29.8,30,2.0,72
新潟,2024-09-12,27.9,50,2.4,78
新潟,2024-09-13,28.3,40,2.4,76
新潟,2024-09-14,29.4,20,1.8,76
新潟,2024-09-15,26.3,100,3.8,89
新潟,2024-09-16,26.9,0,3.3,70
新潟,2024-09-17,27.4,10,2.6,68
新潟,2024-09-18,26.6,100,1.8,83
新潟,2024-09-19,25.8,60,3.0,80
新潟,2024-09-20,26.3,70,4.7,86
新潟,2024-09-21,22.7,100,2.6,92
新潟,2024-09-22,22.6,90,4.4,84
新潟,2024-09-23,22.5,30,3.2,75
新潟,2024-09-24,22.9,0,6.4,51
新潟,2024-09-25,24.9,0,5.9,60
新潟,2024-09-26,25.8,0,2.6,67
新潟,2024-09-27,25.2,0,5.1,67
新潟,2024-09-28,24.5,10,5.1,72
新潟,2024-09-29,23.6,0,3.4,64
新潟,2024-09-30,24.6,20,2.7,69
新潟,2024-10-01,24.6,0,2.4,72
新潟,2024-10-02,24.3,30,6.7,71
新潟,2024-10-03,21.9,40,4.7,74
新潟,2024-10-04,23.9,60,3.8,83
新潟,2024-10-05,22.0,0,2.7,61
新潟,2024-10-06,23.5,0,3.6,73
新潟,2024-10-07,21.1,100,5.7,84
新潟,2024-10-08,17.3,80,1.4,79
新潟,2024-10-09,18.5,0,2.5,78
新潟,2024-10-10,20.5,0,2.5,62
新潟,2024-10-11,20.5,60,4.1,71
新潟,2024-10-12,20.5,0,2.0,68
新潟,2024-10-13,21.3,10,1.9,63
新潟,2024-10-14,22.9,0,3.6,59
新潟,2024-10-15,23.9,0,2.8,63
新潟,2024-10-16,21.3,60,2.0,85
新潟,2024-10-17,20.5,0,4.7,64
新潟,2024-10-18,25.6,0,6.3,65
新潟,2024-10-19,21.4,80,7.1,85
新潟,2024-10-20,14.5,0,5.4,50
新潟,2024-10-21,18.6,0,6.6,53
新潟,2024-10-22,19.5,0,2.9,69
新潟,2024-10-23,24.8,30,5.7,72
新潟,2024-10-24,19.8,0,3.7,65
新潟,2024-10-25,18.7,0,3.3,63
新潟,2024-10-26,18.7,0,3.6,67
新潟,2024-10-27,20.9,0,1.5,72
新潟,2024-10-28,17.2,60,6.9,72
新潟,2024-10-29,16.7,0,4.5,55
新潟,2024-10-30,16.9,70,6.2,70
新潟,2024-10-31,17.9,0,2.4,65
新潟,2024-11-01,19.8,10,1.6,65
新潟,2024-11-02,17.0,100,5.8,89
新潟,2024-11-03,15.4,0,4.0,56
新潟,2024-11-04,19.1,0,4.0,58
新潟,2024-11-05,14.9,0,4.6,57
新潟,2024-11-06,12.5,30,1.8,69
新潟,2024-11-07,10.5,20,7.8,55
新潟,2024-11-08,12.0,0,2.9,54
新潟,2024-11-09,13.7,0,2.0,62
新潟,2024-11-10,14.8,0,2.7,62
新潟,2024-11-11,17.5,20,3.4,69
新潟,2024-11-12,16.4,0,1.2,70
新潟,2024-11-13,13.4,0,3.2,56
新潟,2024-11-14,13.8,0,2.5,61
新潟,2024-11-15,15.7,0,1.8,77
新潟,2024-11-16,18.1,0,5.3,61
新潟,2024-11-17,18.2,70,5.3,80
新潟,2024-11-18,8.7,70,7.9,63
新潟,2024-11-19,7.7,0,3.8,56
新潟,2024-11-20,9.7,0,1.3,57
新潟,2024-11-21,11.8,50,2.6,76
新潟,2024-11-22,10.8,100,2.8,82
新潟,2024-11-23,9.8,90,6.4,68
新潟,2024-11-24,9.9,30,3.7,57
新潟,2024-11-25,11.1,0,1.7,55
新潟,2024-11-26,14.1,0,7.3,52
新潟,2024-11-27,13.5,60,5.8,75
新潟,2024-11-28,8.3,100,7.2,73
新潟,2024-11-29,8.1,50,3.0,70
新潟,2024-11-30,9.3,20,6.1,61
新潟,2024-12-01,10.3,40,3.8,68
新潟,2024-12-02,12.4,0,2.3,69
新潟,2024-12-03,12.1,100,4.2,84
新潟,2024-12-04,9.2,70,4.1,71
新潟,2024-12-05,9.0,100,5.1,73
新潟,2024-12-06,8.1,40,8.1,63
新潟,2024-12-07,4.0,70,3.8,78
新潟,2024-12-08,5.2,100,6.2,72
新潟,2024-12-09,8.1,10,5.6,55
新潟,2024-12-10,7.6,90,2.1,76
新潟,2024-12-11,6.4,50,6.9,65
新潟,2024-12-12,5.6,100,7.4,60
新潟,2024-12-13,4.3,70,2.4,86
新潟,2024-12-14,4.9,90,6.1,65
新潟,2024-12-15,6.0,90,7.0,76
新潟,2024-12-16,3.5,100,2.3,88
新潟,2024-12-17,3.6,100,2.2,89
新潟,2024-12-18,4.0,90,4.5,68
新潟,2024-12-19,4.2,80,2.6,72
新潟,2024-12-20,7.5,0,3.1,55
新潟,2024-12-21,8.4,100,6.3,82
新潟,2024-12-22,4.0,80,10.1,54
新潟,2024-12-23,4.3,100,8.6,64
新潟,2024-12-24,4.5,50,8.2,61
新潟,2024-12-25,7.4,0,2.7,60
新潟,2024-12-26,8.1,90,5.9,75
新潟,2024-12-27,3.7,30,9.8,63
新潟,2024-12-28,4.4,90,5.9,58
新潟,2024-12-29,3.0,70,6.9,73
新潟,2024-12-30,6.2,50,4.1,73
新潟,2024-12-31,7.2,100,7.6,75
札幌,2019-01-01,-4.0,0,2.4,78
札幌,2019-01-02,-4.9,30,3.2,78
札幌,2019-01-03,-2.8,0,4.4,72
札幌,2019-01-04,-1.7,0,2.4,80
札幌,2019-01-05,-3.9,70,5.2,78
札幌,2019-01-06,-3.5,60,4.3,70
札幌,2019-01-07,-5.9,40,1.2,76
札幌,2019-01-08,-5.8,0,2.2,74
札幌,2019-01-09,-4.8,10,4.3,64
札幌,2019-01-10,-1.4,0,2.7,72
札幌,2019-01-11,-5.5,70,2.8,76
札幌,2019-01-12,-3.2,0,3.4,76
札幌,2019-01-13,-6.9,0,0.8,72
札幌,2019-01-14,-7.4,0,1.8,80
札幌,2019-01-15,0.6,30,8.9,83
札幌,2019-01-16,-5.0,0,4.0,62
札幌,2019-01-17,-8.0,100,5.3,55
札幌,2019-01-18,-5.2,90,9.6,72
札幌,2019-01-19,-3.2,0,3.3,68
札幌,2019-01-20,-2.4,30,3.5,80
札幌,2019-01-21,-6.9,80,5.6,74
札幌,2019-01-22,-4.9,20,3.4,68
札幌,2019-01-23,-1.6,40,6.3,82
札幌,2019-01-24,-3.0,60,7.4,78
札幌,2019-01-25,-2.4,100,4.9,83
札幌,2019-01-26,-4.8,10,0.8,74
札幌,2019-01-27,-6.4,0,1.7,70
札幌,2019-01-28,-0.7,70,7.3,86
札幌,2019-01-29,-2.6,0,7.2,76
札幌,2019-01-30,-4.0,0,4.8,78
札幌,2019-01-31,-5.8,0,7.3,57
札幌,2019-02-01,-8.6,50,8.2,60
札幌,2019-02-02,-6.3,10,7.7,62
札幌,2019-02-03,-2.6,0,2.9,61
札幌,2019-02-04,-2.5,50,9.4,76
札幌,2019-02-05,-5.4,30,2.7,62
札幌,2019-02-06,-4.4,30,4.1,82
札幌,2019-02-07,-5.0,80,3.7,73
札幌,2019-02-08,-13.0,90,6.9,59
札幌,2019-02-09,-10.2,80,3.4,73
札幌,2019-02-10,-8.0,30,2.3,67
札幌,2019-02-11,-7.7,10,2.5,67
札幌,2019-02-12,-7.5,70,5.1,68
札幌,2019-02-13,-7.0,60,4.5,68
札幌,2019-02-14,-5.9,40,5.4,66
札幌,2019-02-15,-3.9,0,1.7,70
札幌,2019-02-16,-2.9,10,4.7,69
札幌,2019-02-17,-1.5,50,2.9,73
札幌,2019-02-18,-1.1,0,5.5,61
札幌,2019-02-19,0.8,0,4.5,75
札幌,2019-02-20,0.8,10,3.5,90
札幌,2019-02-21,-0.0,0,3.3,77
札幌,2019-02-22,0.2,0,2.8,74
札幌,2019-02-23,-2.0,40,4.8,74
札幌,2019-02-24,1.2,0,4.6,65
札幌,2019-02-25,1.2,0,5.7,74
札幌,2019-02-26,-0.8,40,4.3,66
札幌,2019-02-27,-0.0,0,2.5,68
札幌,2019-02-28,1.0,0,3.2,66
札幌,2019-03-01,1.6,0,2.8,77
札幌,2019-03-02,0.6,0,5.2,67
札幌,2019-03-03,2.7,0,5.4,71
札幌,2019-03-04,1.6,0,4.8,87
札幌,2019-03-05,1.3,0,3.4,77
札幌,2019-03-06,3.8,10,2.5,82
札幌,2019-03-07,-0.6,0,3.7,65
札幌,2019-03-08,-0.1,0,2.5,71
札幌,2019-03-09,5.6,0,2.6,74
札幌,2019-03-10,3.1,0,3.6,68
札幌,2019-03-11,3.8,20,2.4,65
札幌,2019-03-12,3.2,0,5.1,83
札幌,2019-03-13,2.7,50,4.1,71
札幌,2019-03-14,1.8,0,4.6,53
札幌,2019-03-15,4.2,30,1.2,51
札幌,2019-03-16,2.4,20,3.6,72
札幌,2019-03-17,2.6,20,4.5,62
札幌,2019-03-18,7.6,0,3.3,38
札幌,2019-03-19,10.8,0,2.4,60
札幌,2019-03-20,8.8,0,8.2,72
札幌,2019-03-21,7.9,30,6.0,68
札幌,2019-03-22,-0.2,80,9.3,64
札幌,2019-03-23,-1.3,40,5.3,61
札幌,2019-03-24,-0.5,50,6.9,48
札幌,2019-03-25,7.9,30,3.8,55
札幌,2019-03-26,6.2,30,5.8,73
札幌,2019-03-27,1.5,60,6.8,65
札幌,2019-03-28,0.6,50,6.7,48
札幌,2019-03-29,1.1,30,6.8,46
札幌,2019-03-30,3.7,0,4.1,40
札幌,2019-03-31,4.1,0,3.3,50
札幌,2019-04-01,3.3,30,2.4,49
札幌,2019-04-02,2.9,30,4.6,63
札幌,2019-04-03,3.4,10,5.6,52
札幌,2019-04-04,7.6,10,2.7,44
札幌,2019-04-05,4.5,70,4.5,84
札幌,2019-04-06,6.1,30,5.2,54
札幌,2019-04-07,6.6,60,4.7,62
札幌,2019-04-08,5.8,0,5.2,60
札幌,2019-04-09,6.3,30,6.7,61
札幌,2019-04-10,8.4,30,3.6,57
札幌,2019-04-11,7.8,0,3.7,49
札幌,2019-04-12,9.7,10,2.5,48
札幌,2019-04-13,13.4,0,1.8,38
札幌,2019-04-14,13.2,0,5.4,43
札幌,2019-04-15,9.6,90,4.4,80
札幌,2019-04-16,13.2,0,4.2,51
札幌,2019-04-17,17.6,0,3.7,49
札幌,2019-04-18,16.6,0,6.5,43
札幌,2019-04-19,7.7,0,5.9,45
札幌,2019-04-20,8.2,0,4.6,43
札幌,2019-04-21,12.2,0,3.9,45
札幌,2019-04-22,11.0,0,5.1,56
札幌,2019-04-23,11.1,20,6.9,42
札幌,2019-04-24,17.9,0,6.4,53
札幌,2019-04-25,8.6,0,7.7,61
札幌,2019-04-26,6.8,90,2.2,68
札幌,2019-04-27,6.1,60,2.6,69
札幌,2019-04-28,11.9,0,2.1,47
札幌,2019-04-29,16.2,10,2.7,48
札幌,2019-04-30,14.9,10,6.2,54
札幌,2019-05-01,14.0,40,4.3,76
札幌,2019-05-02,10.7,90,2.6,73
札幌,2019-05-03,16.4,10,4.1,48
札幌,2019-05-04,19.0,0,1.7,53
札幌,2019-05-05,20.4,0,2.4,46
札幌,2019-05-06,16.1,0,7.2,61
札幌,2019-05-07,12.3,30,4.0,46
札幌,2019-05-08,9.5,30,4.0,75
札幌,2019-05-09,18.0,0,3.8,50
札幌,2019-05-10,10.3,0,7.4,73
札幌,2019-05-11,10.3,0,6.2,56
札幌,2019-05-12,10.9,0,5.7,60
札幌,2019-05-13,15.8,0,2.5,49
札幌,2019-05-14,17.8,0,5.9,40
札幌,2019-05-15,16.3,10,3.2,74
札幌,2019-05-16,19.2,0,3.9,60
札幌,2019-05-17,17.0,0,7.5,72
札幌,2019-05-18,19.0,0,7.8,63
札幌,2019-05-19,19.7,0,7.5,59
札幌,2019-05-20,17.4,0,10.1,63
札幌,2019-05-21,14.3,90,7.7,90
札幌,2019-05-22,20.3,20,2.9,46
札幌,2019-05-23,20.5,20,3.1,53
札幌,2019-05-24,18.2,0,3.7,55
札幌,2019-05-25,22.5,0,6.6,49
札幌,2019-05-26,26.6,0,5.1,53
札幌,2019-05-27,28.0,0,4.2,39
札幌,2019-05-28,21.2,20,5.0,59
札幌,2019-05-29,18.2,0,2.1,46
札幌,2019-05-30,21.2,10,3.1,42
札幌,2019-05-31,18.2,20,7.0,51
札幌,2019-06-01,21.0,0,4.8,39
札幌,2019-06-02,21.1,0,2.5,48
札幌,2019-06-03,23.7,0,6.2,46
札幌,2019-06-04,19.0,70,2.4,75
札幌,2019-06-05,16.1,90,3.4,87
札幌,2019-06-06,19.8,0,2.5,58
札幌,2019-06-07,18.2,60,2.4,68
札幌,2019-06-08,18.0,20,4.1,69
札幌,2019-06-09,18.2,0,3.4,65
札幌,2019-06-10,18.5,0,5.5,57
札幌,2019-06-11,18.6,0,6.4,52
札幌,2019-06-12,17.7,0,5.2,66
札幌,2019-06-13,16.8,0,3.9,72
札幌,2019-06-14,20.3,0,7.4,62
札幌,2019-06-15,18.3,30,8.0,78
札幌,2019-06-16,17.8,60,5.6,75
札幌,2019-06-17,12.6,60,8.8,69
札幌,2019-06-18,19.0,40,1.9,57
札幌,2019-06-19,21.7,20,3.8,50
札幌,2019-06-20,22.1,0,3.5,56
札幌,2019-06-21,18.1,0,6.6,75
札幌,2019-06-22,17.5,100,4.9,90
札幌,2019-06-23,20.8,10,2.7,56
札幌,2019-06-24,21.4,0,1.5,67
札幌,2019-06-25,22.0,0,1.7,67
札幌,2019-06-26,23.5,0,3.8,67
札幌,2019-06-27,20.4,0,3.7,74
札幌,2019-06-28,20.2,0,2.5,71
札幌,2019-06-29,16.3,20,6.7,65
札幌,2019-06-30,19.7,10,6.6,68
札幌,2019-07-01,17.9,40,8.0,76
札幌,2019-07-02,19.6,90,3.8,81
札幌,2019-07-03,18.4,0,2.7,74
札幌,2019-07-04,21.4,30,5.6,68
札幌,2019-07-05,21.6,80,2.2,70
札幌,2019-07-06,22.7,0,4.5,61
札幌,2019-07-07,22.4,0,5.5,60
札幌,2019-07-08,22.2,0,4.5,61
札幌,2019-07-09,23.5,0,2.9,56
札幌,2019-07-10,23.9,0,3.1,56
札幌,2019-07-11,21.0,0,6.6,64
札幌,2019-07-12,18.4,60,8.0,75
札幌,2019-07-13,21.3,30,6.1,75
札幌,2019-07-14,22.0,0,6.2,72
札幌,2019-07-15,23.2,20,1.6,62
札幌,2019-07-16,23.1,0,5.8,62
札幌,2019-07-17,22.7,0,6.7,74
札幌,2019-07-18,22.0,0,7.5,77
札幌,2019-07-19,21.5,60,6.1,81
札幌,2019-07-20,25.4,30,3.5,65
札幌,2019-07-21,23.9,0,6.4,63
札幌,2019-07-22,20.8,0,9.0,73
札幌,2019-07-23,20.1,30,9.0,77
札幌,2019-07-24,22.8,50,7.5,76
札幌,2019-07-25,27.1,30,2.9,71
札幌,2019-07-26,23.0,30,6.9,82
札幌,2019-07-27,26.8,70,2.8,80
札幌,2019-07-28,26.3,0,3.2,77
札幌,2019-07-29,29.5,70,2.7,70
札幌,2019-07-30,30.0,60,2.4,69
札幌,2019-07-31,30.4,50,3.2,66
札幌,2019-08-01,30.4,80,2.5,66
札幌,2019-08-02,30.0,40,2.5,67
札幌,2019-08-03,27.0,0,4.8,66
札幌,2019-08-04,28.4,0,3.8,52
札幌,2019-08-05,27.6,0,2.9,61
札幌,2019-08-06,27.9,0,3.1,63
札幌,2019-08-07,26.5,20,3.6,69
札幌,2019-08-08,23.5,100,1.8,91
札幌,2019-08-09,21.2,30,3.6,75
札幌,2019-08-10,20.0,20,6.2,74
札幌,2019-08-11,22.4,0,4.2,71
札幌,2019-08-12,22.6,40,5.2,79
札幌,2019-08-13,22.7,10,5.2,77
札幌,2019-08-14,21.2,0,7.0,71
札幌,2019-08-15,23.8,30,5.8,76
札幌,2019-08-16,26.6,60,10.5,84
札幌,2019-08-17,28.4,0,2.6,68
札幌,2019-08-18,22.0,0,5.3,76
札幌,2019-08-19,23.3,0,6.8,76
札幌,2019-08-20,20.2,90,6.9,83
札幌,2019-08-21,21.9,10,4.3,74
札幌,2019-08-22,20.1,0,7.7,72
札幌,2019-08-23,19.2,100,2.8,82
札幌,2019-08-24,20.5,50,6.6,80
札幌,2019-08-25,19.0,100,6.3,74
札幌,2019-08-26,19.6,30,3.1,71
札幌,2019-08-27,22.8,0,3.0,65
札幌,2019-08-28,21.0,80,3.8,82
札幌,2019-08-29,21.3,10,4.2,81
札幌,2019-08-30,23.0,0,5.4,71
札幌,2019-08-31,24.5,40,4.4,70
札幌,2019-09-01,24.0,20,2.8,57
札幌,2019-09-02,25.0,0,2.1,53
札幌,2019-09-03,21.7,0,4.7,62
札幌,2019-09-04,22.2,0,1.7,59
札幌,2019-09-05,22.4,0,5.3,65
札幌,2019-09-06,25.1,10,1.7,61
札幌,2019-09-07,24.6,40,3.8,86
札幌,2019-09-08,25.6,0,6.8,80
札幌,2019-09-09,27.8,0,2.5,69
札幌,2019-09-10,23.7,20,5.1,65
札幌,2019-09-11,18.0,90,1.8,91
札幌,2019-09-12,18.4,70,5.9,71
札幌,2019-09-13,19.6,0,1.4,61
札幌,2019-09-14,21.1,0,4.7,71
札幌,2019-09-15,20.9,0,2.5,78
札幌,2019-09-16,22.3,100,2.9,83
札幌,2019-09-17,20.0,0,5.7,65
札幌,2019-09-18,19.4,0,5.4,68
札幌,2019-09-19,14.1,60,3.6,54
札幌,2019-09-20,16.8,10,6.0,52
札幌,2019-09-21,17.8,0,4.1,53
札幌,2019-09-22,17.6,0,3.7,67
札幌,2019-09-23,13.6,100,2.3,92
札幌,2019-09-24,19.5,10,5.0,58
札幌,2019-09-25,15.3,0,5.5,48
札幌,2019-09-26,19.1,0,1.6,59
札幌,2019-09-27,19.5,20,3.2,71
札幌,2019-09-28,19.6,0,2.2,66
札幌,2019-09-29,19.9,30,3.9,76
札幌,2019-09-30,20.7,30,1.7,76
札幌,2019-10-01,20.2,0,1.3,55
札幌,2019-10-02,21.5,0,3.0,70
札幌,2019-10-03,20.7,0,6.3,79
札幌,2019-10-04,16.2,90,2.2,90
札幌,2019-10-05,14.9,60,4.8,76
札幌,2019-10-06,12.6,0,3.0,60
札幌,2019-10-07,14.2,70,4.9,81
札幌,2019-10-08,17.1,100,4.2,89
札幌,2019-10-09,13.8,40,4.5,68
札幌,2019-10-10,16.8,0,4.1,64
札幌,2019-10-11,18.7,0,2.9,70
札幌,2019-10-12,14.7,0,3.8,61
札幌,2019-10-13,11.7,0,7.4,57
札幌,2019-10-14,13.0,10,3.8,57
札幌,2019-10-15,9.5,0,4.7,53
札幌,2019-10-16,12.7,10,3.0,56
札幌,2019-10-17,10.2,10,4.4,58
札幌,2019-10-18,11.4,0,2.0,57
札幌,2019-10-19,11.2,90,1.9,93
札幌,2019-10-20,14.7,0,4.3,65
札幌,2019-10-21,15.3,0,2.6,67
札幌,2019-10-22,15.9,0,4.3,75
札幌,2019-10-23,15.3,0,4.0,78
札幌,2019-10-24,13.5,0,1.9,69
札幌,2019-10-25,12.9,0,6.8,65
札幌,2019-10-26,14.4,10,4.1,71
札幌,2019-10-27,11.6,0,2.7,55
札幌,2019-10-28,12.3,0,2.7,53
札幌,2019-10-29,15.2,30,7.0,67
札幌,2019-10-30,11.6,10,2.6,60
札幌,2019-10-31,14.3,0,5.1,70
札幌,2019-11-01,10.2,10,5.8,49
札幌,2019-11-02,10.6,0,2.8,55
札幌,2019-11-03,7.7,0,4.2,49
札幌,2019-11-04,7.9,10,4.5,59
札幌,2019-11-05,9.0,0,2.4,51
札幌,2019-11-06,5.7,0,5.2,49
札幌,2019-11-07,4.0,90,3.8,88
札幌,2019-11-08,4.1,10,2.1,52
札幌,2019-11-09,3.3,20,3.0,56
札幌,2019-11-10,5.4,0,3.2,52
札幌,2019-11-11,9.8,10,5.6,68
札幌,2019-11-12,8.9,10,7.1,60
札幌,2019-11-13,9.9,0,4.0,56
札幌,2019-11-14,2.9,0,6.3,49
札幌,2019-11-15,1.8,80,3.0,59
札幌,2019-11-16,1.3,10,4.4,48
札幌,2019-11-17,0.8,10,6.9,54
札幌,2019-11-18,5.7,80,7.6,88
札幌,2019-11-19,1.6,30,5.3,51
札幌,2019-11-20,0.4,40,7.1,61
札幌,2019-11-21,1.8,0,3.0,56
札幌,2019-11-22,4.6,0,2.2,53
札幌,2019-11-23,8.0,0,5.5,78
札幌,2019-11-24,12.2,0,4.2,84
札幌,2019-11-25,1.5,40,7.3,55
札幌,2019-11-26,0.9,0,2.0,57
札幌,2019-11-27,4.1,40,5.0,72
札幌,2019-11-28,-3.3,70,6.7,54
札幌,2019-11-29,-1.3,0,2.5,63
札幌,2019-11-30,0.4,0,2.8,53
札幌,2019-12-01,3.7,80,4.3,88
札幌,2019-12-02,6.2,100,3.9,94
札幌,2019-12-03,-2.1,40,5.0,49
札幌,2019-12-04,-4.5,20,5.2,47
札幌,2019-12-05,-2.9,70,4.3,64
札幌,2019-12-06,-1.7,0,2.5,51
札幌,2019-12-07,2.5,30,4.0,49
札幌,2019-12-08,-4.0,100,7.6,52
札幌,2019-12-09,-1.0,0,3.7,54
札幌,2019-12-10,3.8,10,2.4,90
札幌,2019-12-11,6.7,10,2.4,88
札幌,2019-12-12,1.1,80,6.2,62
札幌,2019-12-13,0.9,0,4.0,49
札幌,2019-12-14,1.4,50,4.5,90
札幌,2019-12-15,-1.2,10,5.6,56
札幌,2019-12-16,2.7,0,2.9,76
札幌,2019-12-17,5.2,50,4.7,86
札幌,2019-12-18,1.0,40,6.0,62
札幌,2019-12-19,-1.0,0,0.9,52
札幌,2019-12-20,-2.8,20,5.1,52
札幌,2019-12-21,-0.1,0,2.3,48
札幌,2019-12-22,-0.2,0,3.3,49
札幌,2019-12-23,-1.6,0,2.3,52
札幌,2019-12-24,-4.7,40,6.1,49
札幌,2019-12-25,-2.4,0,2.2,45
札幌,2019-12-26,-2.6,0,2.8,64
札幌,2019-12-27,-3.1,60,3.5,67
札幌,2019-12-28,-5.1,60,1.5,76
札幌,2019-12-29,-4.0,0,3.0,69
札幌,2019-12-30,2.4,40,5.9,81
札幌,2019-12-31,-2.5,50,5.9,60
札幌,2020-01-01,-4.7,30,3.5,54
札幌,2020-01-02,-3.5,0,4.5,54
札幌,2020-01-03,-1.4,10,4.0,55
札幌,2020-01-04,-4.3,50,4.2,60
札幌,2020-01-05,-3.3,40,5.8,56
札幌,2020-01-06,-1.3,60,8.4,68
札幌,2020-01-07,0.1,0,2.3,72
札幌,2020-01-08,-3.0,70,1.3,76
札幌,2020-01-09,-2.0,0,2.8,65
札幌,2020-01-10,-4.0,0,1.0,59
札幌,2020-01-11,-0.5,30,2.3,85
札幌,2020-01-12,-1.0,50,1.6,80
札幌,2020-01-13,-4.0,0,2.1,62
札幌,2020-01-14,-3.7,20,1.5,73
札幌,2020-01-15,-4.8,0,1.4,79
札幌,2020-01-16,-3.6,0,1.8,72
札幌,2020-01-17,-4.1,0,2.0,75
札幌,2020-01-18,-6.2,0,1.6,76
札幌,2020-01-19,-2.8,0,1.7,72
札幌,2020-01-20,-1.6,100,2.9,91
札幌,2020-01-21,-3.1,80,6.6,80
札幌,2020-01-22,-0.7,30,3.6,76
札幌,2020-01-23,-0.9,0,3.3,74
札幌,2020-01-24,-4.2,60,7.4,66
札幌,2020-01-25,-5.5,40,6.7,65
札幌,2020-01-26,-7.0,0,2.7,71
札幌,2020-01-27,-2.4,0,4.8,69
札幌,2020-01-28,-2.5,0,4.6,78
札幌,2020-01-29,-1.7,100,1.3,89
札幌,2020-01-30,0.9,90,5.2,88
札幌,2020-01-31,-0.3,40,5.2,80
札幌,2020-02-01,-3.3,0,2.5,74
札幌,2020-02-02,-3.3,30,1.9,85
札幌,2020-02-03,-4.7,90,2.9,83
札幌,2020-02-04,-6.2,0,4.2,56
札幌,2020-02-05,-9.4,20,1.6,63
札幌,2020-02-06,-8.8,50,4.1,70
札幌,2020-02-07,-6.8,70,2.3,78
札幌,2020-02-08,-9.2,40,3.0,76
札幌,2020-02-09,-11.9,0,0.9,53
札幌,2020-02-10,-6.3,20,3.2,74
札幌,2020-02-11,-6.5,20,1.9,82
札幌,2020-02-12,2.9,0,5.3,80
札幌,2020-02-13,3.3,0,2.5,86
札幌,2020-02-14,1.4,30,4.5,94
札幌,2020-02-15,-1.1,10,6.9,66
札幌,2020-02-16,-4.6,40,3.1,71
札幌,2020-02-17,-0.4,80,4.4,79
札幌,2020-02-18,-0.1,80,3.2,86
札幌,2020-02-19,-1.7,30,2.1,77
札幌,2020-02-20,-0.9,0,2.6,65
札幌,2020-02-21,-0.8,0,3.7,62
札幌,2020-02-22,1.9,50,8.7,82
札幌,2020-02-23,0.6,100,12.2,85
札幌,2020-02-24,0.3,50,2.0,80
札幌,2020-02-25,-0.9,0,2.7,77
札幌,2020-02-26,-2.4,0,1.4,67
札幌,2020-02-27,-4.4,0,2.5,65
札幌,2020-02-28,-2.6,50,2.4,78
札幌,2020-02-29,-6.4,0,1.3,63
札幌,2020-03-01,-3.0,70,2.0,86
札幌,2020-03-02,0.5,0,4.2,80
札幌,2020-03-03,-0.4,0,3.2,83
札幌,2020-03-04,0.6,0,4.1,76
札幌,2020-03-05,0.2,100,3.5,90
札幌,2020-03-06,0.1,0,7.5,74
札幌,2020-03-07,-0.9,0,1.7,65
札幌,2020-03-08,3.0,0,6.4,80
札幌,2020-03-09,4.6,0,3.9,83
札幌,2020-03-10,4.2,50,1.7,82
札幌,2020-03-11,1.9,90,6.8,82
札幌,2020-03-12,1.4,0,3.5,70
札幌,2020-03-13,-0.1,20,5.6,64
札幌,2020-03-14,0.3,10,2.5,65
札幌,2020-03-15,-0.3,0,3.8,70
札幌,2020-03-16,-1.4,10,4.6,73
札幌,2020-03-17,1.8,0,2.7,69
札幌,2020-03-18,3.4,0,2.1,78
札幌,2020-03-19,6.1,0,7.1,78
札幌,2020-03-20,4.5,40,3.5,74
札幌,2020-03-21,6.6,0,3.9,51
札幌,2020-03-22,7.3,10,3.3,54
札幌,2020-03-23,3.3,60,5.5,70
札幌,2020-03-24,2.6,90,5.7,68
札幌,2020-03-25,6.0,10,5.7,51
札幌,2020-03-26,6.5,0,5.7,62
札幌,2020-03-27,8.0,20,8.3,75
札幌,2020-03-28,5.0,0,6.6,33
札幌,2020-03-29,5.0,0,3.7,42
札幌,2020-03-30,8.1,0,2.2,46
札幌,2020-03-31,9.3,0,5.7,44
札幌,2020-04-01,11.1,0,3.4,59
札幌,2020-04-02,6.7,0,8.1,62
札幌,2020-04-03,7.5,0,4.5,50
札幌,2020-04-04,12.1,0,7.9,58
札幌,2020-04-05,6.9,30,5.0,50
札幌,2020-04-06,4.4,90,1.4,76
札幌,2020-04-07,5.4,30,4.4,78
札幌,2020-04-08,9.4,0,2.9,54
札幌,2020-04-09,5.1,50,2.2,73
札幌,2020-04-10,4.0,20,6.9,68
札幌,2020-04-11,4.8,0,6.2,57
札幌,2020-04-12,4.8,0,4.7,54
札幌,2020-04-13,7.5,0,2.8,53
札幌,2020-04-14,6.5,0,7.0,52
札幌,2020-04-15,5.5,0,6.6,58
札幌,2020-04-16,5.6,10,7.3,46
札幌,2020-04-17,10.0,0,2.2,55
札幌,2020-04-18,10.5,0,7.4,61
札幌,2020-04-19,13.1,0,3.7,46
札幌,2020-04-20,8.5,60,6.4,72
札幌,2020-04-21,10.6,30,5.6,62
札幌,2020-04-22,7.4,20,5.1,39
札幌,2020-04-23,5.3,80,4.6,58
札幌,2020-04-24,7.2,50,2.0,53
札幌,2020-04-25,8.3,20,6.0,65
札幌,2020-04-26,8.3,60,5.1,78
札幌,2020-04-27,6.2,30,3.9,72
札幌,2020-04-28,10.7,50,2.3,56
札幌,2020-04-29,10.7,80,2.8,72
札幌,2020-04-30,16.9,0,3.3,43
札幌,2020-05-01,15.6,20,3.8,63
札幌,2020-05-02,18.2,0,4.5,73
札幌,2020-05-03,19.5,0,3.0,70
札幌,2020-05-04,17.0,30,4.5,74
札幌,2020-05-05,8.3,0,6.3,67
札幌,2020-05-06,9.1,90,6.0,75
札幌,2020-05-07,11.3,0,5.4,63
札幌,2020-05-08,17.7,0,2.2,49
札幌,2020-05-09,17.2,0,2.9,44
札幌,2020-05-10,11.4,100,5.8,93
札幌,2020-05-11,15.4,70,2.4,77
札幌,2020-05-12,15.7,10,6.3,64
札幌,2020-05-13,16.0,70,3.0,63
札幌,2020-05-14,15.3,0,5.9,51
札幌,2020-05-15,18.8,0,1.6,54
札幌,2020-05-16,11.9,10,6.7,73
札幌,2020-05-17,12.9,0,6.6,79
札幌,2020-05-18,10.8,0,3.0,62
札幌,2020-05-19,12.6,0,5.0,58
札幌,2020-05-20,10.7,0,3.9,55
札幌,2020-05-21,13.0,0,4.6,54
札幌,2020-05-22,10.3,0,7.3,67
札幌,2020-05-23,12.9,0,7.3,76
札幌,2020-05-24,15.8,20,5.7,77
札幌,2020-05-25,17.3,60,4.3,72
札幌,2020-05-26,13.6,0,3.0,78
札幌,2020-05-27,12.8,90,3.2,90
札幌,2020-05-28,14.3,0,4.6,77
札幌,2020-05-29,20.3,0,2.2,61
札幌,2020-05-30,23.1,0,2.4,59
札幌,2020-05-31,21.8,0,2.2,53
札幌,2020-06-01,22.7,0,5.3,48
札幌,2020-06-02,21.4,50,2.9,60
札幌,2020-06-03,20.3,40,1.8,65
札幌,2020-06-04,19.4,30,7.0,56
札幌,2020-06-05,18.8,30,4.7,71
札幌,2020-06-06,14.3,0,6.9,78
札幌,2020-06-07,14.8,0,5.1,73
札幌,2020-06-08,15.7,10,2.3,77
札幌,2020-06-09,21.5,0,4.2,63
札幌,2020-06-10,24.6,0,2.7,62
札幌,2020-06-11,20.2,60,4.4,87
札幌,2020-06-12,22.6,0,3.3,52
札幌,2020-06-13,24.9,30,1.8,55
札幌,2020-06-14,23.1,0,4.2,60
札幌,2020-06-15,21.2,70,5.0,68
札幌,2020-06-16,18.4,80,4.8,79
札幌,2020-06-17,16.3,0,6.7,74
札幌,2020-06-18,17.8,70,4.6,83
札幌,2020-06-19,15.9,80,4.4,84
札幌,2020-06-20,15.3,0,7.5,74
札幌,2020-06-21,17.3,0,1.8,66
札幌,2020-06-22,17.3,40,6.3,81
札幌,2020-06-23,21.6,0,3.1,65
札幌,2020-06-24,21.6,0,3.7,72
札幌,2020-06-25,15.7,80,6.0,79
札幌,2020-06-26,17.1,100,4.5,78
札幌,2020-06-27,18.3,80,5.7,81
札幌,2020-06-28,17.1,60,5.7,86
札幌,2020-06-29,18.5,50,4.8,80
札幌,2020-06-30,19.6,0,6.0,80
札幌,2020-07-01,21.8,50,3.3,74
札幌,2020-07-02,18.9,90,3.1,91
札幌,2020-07-03,20.5,0,2.6,71
札幌,2020-07-04,18.5,0,7.1,79
札幌,2020-07-05,21.7,0,5.5,71
札幌,2020-07-06,23.4,0,4.1,69
札幌,2020-07-07,22.5,60,6.0,82
札幌,2020-07-08,22.0,100,5.7,85
札幌,2020-07-09,24.1,70,2.1,64
札幌,2020-07-10,25.6,30,2.1,55
札幌,2020-07-11,21.7,0,4.1,74
札幌,2020-07-12,21.8,60,3.7,75
札幌,2020-07-13,20.8,70,2.0,76
札幌,2020-07-14,21.8,0,4.2,66
札幌,2020-07-15,22.0,30,2.5,65
札幌,2020-07-16,21.4,30,3.4,68
札幌,2020-07-17,22.1,0,4.4,66
札幌,2020-07-18,22.6,0,6.3,64
札幌,2020-07-19,24.5,10,3.1,71
札幌,2020-07-20,25.2,0,2.8,70
札幌,2020-07-21,21.7,50,6.9,82
札幌,2020-07-22,24.5,10,3.1,77
札幌,2020-07-23,22.4,10,3.8,80
札幌,2020-07-24,21.7,0,5.4,74
札幌,2020-07-25,22.7,0,5.6,71
札幌,2020-07-26,22.7,0,5.5,66
札幌,2020-07-27,19.6,30,5.7,75
札幌,2020-07-28,23.1,0,4.5,62
札幌,2020-07-29,24.2,0,2.3,62
札幌,2020-07-30,24.2,0,4.7,64
札幌,2020-07-31,25.8,0,2.9,62
札幌,2020-08-01,27.0,0,2.3,60
札幌,2020-08-02,24.9,0,6.4,70
札幌,2020-08-03,24.5,10,7.1,70
札幌,2020-08-04,28.3,60,2.3,71
札幌,2020-08-05,26.4,100,2.0,78
札幌,2020-08-06,24.2,90,1.3,88
札幌,2020-08-07,23.8,50,5.7,70
札幌,2020-08-08,21.2,0,3.4,70
札幌,2020-08-09,23.2,0,5.1,73
札幌,2020-08-10,22.2,50,6.0,92
札幌,2020-08-11,28.9,50,6.3,69
札幌,2020-08-12,29.9,10,1.5,58
札幌,2020-08-13,24.2,0,6.6,70
札幌,2020-08-14,20.7,60,6.0,79
札幌,2020-08-15,24.3,40,5.7,80
札幌,2020-08-16,24.5,10,1.7,77
札幌,2020-08-17,25.0,10,3.6,78
札幌,2020-08-18,25.5,0,1.5,65
札幌,2020-08-19,29.2,10,3.2,70
札幌,2020-08-20,21.9,10,5.6,74
札幌,2020-08-21,20.6,0,2.1,63
札幌,2020-08-22,22.4,0,1.6,57
札幌,2020-08-23,23.8,0,3.3,64
札幌,2020-08-24,25.4,0,5.0,61
札幌,2020-08-25,24.3,0,7.0,74
札幌,2020-08-26,28.4,0,3.2,65
札幌,2020-08-27,28.6,0,2.8,67
札幌,2020-08-28,29.4,0,2.5,63
札幌,2020-08-29,25.2,60,3.1,78
札幌,2020-08-30,15.9,90,4.3,83
札幌,2020-08-31,18.4,0,2.7,69
札幌,2020-09-01,20.1,0,7.5,71
札幌,2020-09-02,22.7,0,7.6,75
札幌,2020-09-03,24.0,30,9.7,78
札幌,2020-09-04,24.7,60,5.4,85
札幌,2020-09-05,24.9,20,4.3,83
札幌,2020-09-06,24.3,0,5.8,75
札幌,2020-09-07,26.4,10,5.6,80
札幌,2020-09-08,29.1,40,2.8,72
札幌,2020-09-09,27.4,0,4.2,62
札幌,2020-09-10,21.5,100,2.8,93
札幌,2020-09-11,22.0,60,2.1,81
札幌,2020-09-12,17.0,50,2.1,79
札幌,2020-09-13,15.2,90,2.7,87
札幌,2020-09-14,17.2,50,6.4,74
札幌,2020-09-15,18.8,40,6.9,80
札幌,2020-09-16,21.7,90,6.2,82
札幌,2020-09-17,22.1,60,6.1,82
札幌,2020-09-18,20.4,60,0.7,88
札幌,2020-09-19,21.4,10,2.4,58
札幌,2020-09-20,20.6,0,1.5,63
札幌,2020-09-21,18.9,50,1.9,73
札幌,2020-09-22,19.4,10,1.6,75
札幌,2020-09-23,18.1,40,2.0,79
札幌,2020-09-24,19.0,0,2.8,67
札幌,2020-09-25,15.9,0,2.7,64
札幌,2020-09-26,16.1,30,2.5,70
札幌,2020-09-27,16.3,10,3.5,71
札幌,2020-09-28,15.9,20,5.2,62
札幌,2020-09-29,19.4,0,2.3,69
札幌,2020-09-30,18.8,0,2.4,75
札幌,2020-10-01,17.0,30,2.5,79
札幌,2020-10-02,17.4,90,4.7,86
札幌,2020-10-03,18.8,20,4.7,81
札幌,2020-10-04,17.7,50,2.3,72
札幌,2020-10-05,16.4,10,2.7,58
札幌,2020-10-06,15.0,90,5.2,73
札幌,2020-10-07,14.9,40,3.1,66
札幌,2020-10-08,14.1,30,2.7,63
札幌,2020-10-09,15.1,0,2.7,54
札幌,2020-10-10,15.4,10,5.6,67
札幌,2020-10-11,17.2,0,4.7,67
札幌,2020-10-12,17.6,70,8.2,82
札幌,2020-10-13,14.8,0,5.8,66
札幌,2020-10-14,12.7,20,4.2,54
札幌,2020-10-15,9.6,20,3.3,57
札幌,2020-10-16,11.6,40,2.1,62
札幌,2020-10-17,12.9,10,1.9,64
札幌,2020-10-18,15.2,0,1.7,54
札幌,2020-10-19,13.0,0,2.8,59
札幌,2020-10-20,13.7,0,4.4,55
札幌,2020-10-21,13.9,0,3.8,59
札幌,2020-10-22,17.2,0,5.7,66
札幌,2020-10-23,15.7,100,7.0,90
札幌,2020-10-24,10.0,0,3.4,50
札幌,2020-10-25,10.5,0,2.4,64
札幌,2020-10-26,11.5,20,3.6,62
札幌,2020-10-27,11.0,10,3.2,68
札幌,2020-10-28,12.5,0,4.1,61
札幌,2020-10-29,10.0,20,2.8,66
札幌,2020-10-30,8.8,80,5.2,78
札幌,2020-10-31,10.0,10,2.4,70
札幌,2020-11-01,13.0,0,5.9,72
札幌,2020-11-02,14.4,10,3.6,71
札幌,2020-11-03,7.1,70,2.2,83
札幌,2020-11-04,4.2,30,3.4,65
札幌,2020-11-05,8.4,0,3.3,52
札幌,2020-11-06,13.6,0,3.7,59
札幌,2020-11-07,15.1,0,3.2,64
札幌,2020-11-08,8.7,20,4.2,56
札幌,2020-11-09,3.7,60,3.3,76
札幌,2020-11-10,2.8,40,4.1,61
札幌,2020-11-11,2.3,10,1.4,69
札幌,2020-11-12,6.1,0,3.8,70
札幌,2020-11-13,9.9,50,4.9,80
札幌,2020-11-14,7.1,10,6.8,59
札幌,2020-11-15,8.0,0,1.8,68
札幌,2020-11-16,7.8,30,6.3,70
札幌,2020-11-17,6.2,0,4.1,55
札幌,2020-11-18,10.8,30,1.8,74
札幌,2020-11-19,8.7,100,5.0,95
札幌,2020-11-20,10.3,100,4.3,92
札幌,2020-11-21,4.3,50,2.7,82
札幌,2020-11-22,6.0,70,4.4,81
札幌,2020-11-23,2.7,0,3.6,58
札幌,2020-11-24,3.1,0,3.9,58
札幌,2020-11-25,5.1,0,2.1,62
札幌,2020-11-26,3.2,60,6.4,62
札幌,2020-11-27,2.4,0,1.8,58
札幌,2020-11-28,2.1,70,2.7,75
札幌,2020-11-29,2.4,0,3.0,55
札幌,2020-11-30,1.5,0,3.2,57
札幌,2020-12-01,-0.7,80,4.2,58
札幌,2020-12-02,0.9,0,2.9,52
札幌,2020-12-03,1.0,0,2.3,58
札幌,2020-12-04,1.0,0,2.8,56
札幌,2020-12-05,4.3,0,2.6,56
札幌,2020-12-06,4.0,0,1.8,69
札幌,2020-12-07,2.7,10,4.1,61
札幌,2020-12-08,0.9,20,4.7,54
札幌,2020-12-09,1.2,0,1.5,59
札幌,2020-12-10,3.9,20,2.2,68
札幌,2020-12-11,2.5,20,2.4,74
札幌,2020-12-12,1.4,10,4.0,66
札幌,2020-12-13,-1.8,10,3.8,48
札幌,2020-12-14,-5.4,70,4.2,66
札幌,2020-12-15,-5.2,50,4.6,55
札幌,2020-12-16,-3.9,90,6.3,64
札幌,2020-12-17,-4.6,50,5.0,60
札幌,2020-12-18,-1.9,0,2.8,59
札幌,2020-12-19,-8.0,10,4.1,58
札幌,2020-12-20,-6.3,80,4.6,77
札幌,2020-12-21,-3.7,50,1.5,73
札幌,2020-12-22,-0.4,0,1.9,76
札幌,2020-12-23,-0.2,0,1.7,84
札幌,2020-12-24,2.1,30,2.8,84
札幌,2020-12-25,-1.9,60,4.5,80
札幌,2020-12-26,-5.7,60,4.1,66
札幌,2020-12-27,-4.5,50,2.4,75
札幌,2020-12-28,-3.4,40,3.0,81
札幌,2020-12-29,-3.5,50,3.8,66
札幌,2020-12-30,-8.6,90,3.2,79
札幌,2020-12-31,-11.1,50,2.9,69
札幌,2021-01-01,-13.6,30,2.5,64
札幌,2021-01-02,-11.6,20,1.8,62
札幌,2021-01-03,-6.8,100,1.9,77
札幌,2021-01-04,-8.6,20,2.6,69
札幌,2021-01-05,-10.7,0,2.3,73
札幌,2021-01-06,-12.0,0,2.0,66
札幌,2021-01-07,-7.8,50,2.4,77
札幌,2021-01-08,-7.8,10,1.7,69
札幌,2021-01-09,-10.9,0,2.8,71
札幌,2021-01-10,-10.6,0,2.6,66
札幌,2021-01-11,-8.1,10,2.2,67
札幌,2021-01-12,-3.4,30,4.6,80
札幌,2021-01-13,-0.6,20,2.6,74
札幌,2021-01-14,-3.7,0,6.6,61
札幌,2021-01-15,-4.8,0,2.9,68
札幌,2021-01-16,0.7,50,8.3,79
札幌,2021-01-17,-7.7,10,1.7,70
札幌,2021-01-18,-8.7,80,3.2,79
札幌,2021-01-19,-7.7,100,7.4,70
札幌,2021-01-20,-6.5,50,5.8,65
札幌,2021-01-21,0.1,0,2.8,84
札幌,2021-01-22,-1.6,0,6.7,70
札幌,2021-01-23,-6.1,40,2.1,83
札幌,2021-01-24,-7.5,0,3.2,80
札幌,2021-01-25,-2.6,0,3.3,79
札幌,2021-01-26,-3.6,20,6.0,86
札幌,2021-01-27,1.3,30,6.1,73
札幌,2021-01-28,-4.3,0,3.0,62
札幌,2021-01-29,-2.3,90,6.6,89
札幌,2021-01-30,-2.8,80,9.0,82
札幌,2021-01-31,-5.2,50,7.0,68
札幌,2021-02-01,-0.0,20,9.4,76
札幌,2021-02-02,-4.9,20,8.0,63
札幌,2021-02-03,-10.6,90,5.4,60
札幌,2021-02-04,-9.7,40,2.9,70
札幌,2021-02-05,-7.4,60,3.1,75
札幌,2021-02-06,-0.6,60,2.6,94
札幌,2021-02-07,-3.4,10,4.7,74
札幌,2021-02-08,-7.4,80,5.6,71
札幌,2021-02-09,-5.9,40,4.9,68
札幌,2021-02-10,-3.4,40,2.5,74
札幌,2021-02-11,-2.5,40,5.1,73
札幌,2021-02-12,-2.6,0,1.1,67
札幌,2021-02-13,-0.4,0,3.0,81
札幌,2021-02-14,1.4,0,2.1,82
札幌,2021-02-15,2.8,100,2.9,93
札幌,2021-02-16,-1.5,100,4.3,70
札幌,2021-02-17,-4.4,0,2.5,61
札幌,2021-02-18,-1.0,60,7.2,81
札幌,2021-02-19,-0.4,0,2.3,68
札幌,2021-02-20,2.2,40,2.8,84
札幌,2021-02-21,-2.1,0,4.3,63
札幌,2021-02-22,-0.1,10,4.5,70
札幌,2021-02-23,-2.1,60,7.6,74
札幌,2021-02-24,-5.4,20,6.5,70
札幌,2021-02-25,-5.3,10,3.1,67
札幌,2021-02-26,-4.6,50,4.8,72
札幌,2021-02-27,-5.0,10,3.3,77
札幌,2021-02-28,-0.8,0,2.7,79
札幌,2021-03-01,0.1,90,5.4,84
札幌,2021-03-02,-2.1,100,5.3,91
札幌,2021-03-03,-6.4,20,2.0,69
札幌,2021-03-04,0.5,0,7.3,74
札幌,2021-03-05,5.1,0,8.1,82
札幌,2021-03-06,-5.0,20,8.0,64
札幌,2021-03-07,-2.9,0,3.0,57
札幌,2021-03-08,-0.8,0,5.1,68
札幌,2021-03-09,1.7,0,5.3,65
札幌,2021-03-10,1.1,40,10.9,81
札幌,2021-03-11,2.6,0,2.8,72
札幌,2021-03-12,2.5,0,4.1,85
札幌,2021-03-13,3.3,0,4.6,65
札幌,2021-03-14,5.0,0,4.4,68
札幌,2021-03-15,4.4,0,5.2,68
札幌,2021-03-16,7.1,10,4.1,56
札幌,2021-03-17,3.6,30,5.9,69
札幌,2021-03-18,1.6,80,5.0,76
札幌,2021-03-19,2.7,30,4.4,76
札幌,2021-03-20,3.6,0,2.6,52
札幌,2021-03-21,3.9,90,4.2,89
札幌,2021-03-22,5.0,30,4.1,61
札幌,2021-03-23,7.2,0,3.8,39
札幌,2021-03-24,10.8,0,2.8,57
札幌,2021-03-25,11.2,0,1.8,61
札幌,2021-03-26,5.9,20,7.1,79
札幌,2021-03-27,8.0,0,3.7,40
札幌,2021-03-28,11.0,0,6.4,63
札幌,2021-03-29,14.0,0,6.0,72
札幌,2021-03-30,12.3,0,4.4,49
札幌,2021-03-31,9.8,0,4.7,64
札幌,2021-04-01,8.5,0,6.0,61
札幌,2021-04-02,10.6,0,5.1,45
札幌,2021-04-03,9.7,10,5.7,74
札幌,2021-04-04,6.1,60,4.1,63
札幌,2021-04-05,6.8,0,5.9,52
札幌,2021-04-06,6.9,0,7.9,47
札幌,2021-04-07,7.0,10,6.9,61
札幌,2021-04-08,2.6,40,6.2,54
札幌,2021-04-09,3.2,30,5.0,57
札幌,2021-04-10,8.7,0,4.0,49
札幌,2021-04-11,11.1,0,2.5,52
札幌,2021-04-12,13.0,0,5.7,46
札幌,2021-04-13,9.6,100,7.7,86
札幌,2021-04-14,5.8,0,4.9,43
札幌,2021-04-15,7.9,50,3.5,49
札幌,2021-04-16,10.4,0,7.8,54
札幌,2021-04-17,9.1,100,6.6,90
札幌,2021-04-18,8.8,100,2.9,91
札幌,2021-04-19,10.8,30,5.1,62
札幌,2021-04-20,11.1,0,6.7,33
札幌,2021-04-21,8.2,0,8.9,42
札幌,2021-04-22,7.5,0,6.8,63
札幌,2021-04-23,12.2,0,4.5,55
札幌,2021-04-24,14.0,0,2.1,59
札幌,2021-04-25,6.0,50,5.7,78
札幌,2021-04-26,5.8,0,6.0,47
札幌,2021-04-27,12.1,0,3.1,50
札幌,2021-04-28,12.7,10,7.3,48
札幌,2021-04-29,15.0,0,3.2,55
札幌,2021-04-30,6.1,100,7.4,87
札幌,2021-05-01,7.6,0,6.5,71
札幌,2021-05-02,5.8,30,7.0,74
札幌,2021-05-03,5.6,80,7.8,73
札幌,2021-05-04,8.8,0,6.2,65
札幌,2021-05-05,11.1,40,8.3,72
札幌,2021-05-06,17.8,10,3.7,44
札幌,2021-05-07,16.1,0,7.9,51
札幌,2021-05-08,18.1,10,3.2,52
札幌,2021-05-09,13.0,70,4.6,73
札幌,2021-05-10,8.4,30,7.8,79
札幌,2021-05-11,9.0,0,6.1,75
札幌,2021-05-12,12.7,0,4.2,64
札幌,2021-05-13,13.0,10,5.4,78
札幌,2021-05-14,15.8,0,3.9,67
札幌,2021-05-15,16.6,0,6.5,57
札幌,2021-05-16,12.6,80,7.0,92
札幌,2021-05-17,16.6,20,4.8,78
札幌,2021-05-18,19.2,0,2.4,59
札幌,2021-05-19,16.7,0,7.3,72
札幌,2021-05-20,20.3,0,3.0,68
札幌,2021-05-21,15.0,70,5.2,84
札幌,2021-05-22,17.0,60,2.6,77
札幌,2021-05-23,15.8,60,2.2,85
札幌,2021-05-24,14.6,0,5.0,85
札幌,2021-05-25,15.4,70,4.0,76
札幌,2021-05-26,17.1,10,3.9,50
札幌,2021-05-27,14.9,10,4.4,70
札幌,2021-05-28,14.1,80,2.6,84
札幌,2021-05-29,13.0,70,4.4,82
札幌,2021-05-30,13.6,60,3.5,76
札幌,2021-05-31,10.3,0,7.0,67
札幌,2021-06-01,14.4,0,2.7,61
札幌,2021-06-02,18.5,0,3.6,60
札幌,2021-06-03,20.0,0,6.2,62
札幌,2021-06-04,15.7,100,10.9,91
札幌,2021-06-05,21.7,0,4.5,58
札幌,2021-06-06,21.1,20,5.5,66
札幌,2021-06-07,19.2,0,3.0,73
札幌,2021-06-08,19.0,0,4.8,73
札幌,2021-06-09,18.7,0,2.7,66
札幌,2021-06-10,23.9,0,1.9,62
札幌,2021-06-11,24.7,0,6.3,62
札幌,2021-06-12,20.8,60,6.3,75
札幌,2021-06-13,23.5,20,2.0,75
札幌,2021-06-14,17.5,10,5.1,84
札幌,2021-06-15,19.6,70,1.3,76
札幌,2021-06-16,21.5,0,3.0,68
札幌,2021-06-17,20.9,0,3.8,67
札幌,2021-06-18,18.8,0,4.0,76
札幌,2021-06-19,16.0,0,6.5,71
札幌,2021-06-20,18.4,0,3.2,74
札幌,2021-06-21,18.6,0,3.6,74
札幌,2021-06-22,21.2,0,3.8,59
札幌,2021-06-23,20.9,0,5.7,67
札幌,2021-06-24,18.8,50,6.0,81
札幌,2021-06-25,21.3,40,2.4,71
札幌,2021-06-26,24.0,0,2.4,63
札幌,2021-06-27,23.4,0,2.8,65
札幌,2021-06-28,21.9,0,3.3,74
札幌,2021-06-29,21.1,0,6.4,72
札幌,2021-06-30,23.0,50,1.9,69
札幌,2021-07-01,19.6,50,8.3,79
札幌,2021-07-02,21.2,10,6.1,73
札幌,2021-07-03,22.5,0,2.7,69
札幌,2021-07-04,20.9,0,6.8,65
札幌,2021-07-05,19.3,100,7.9,87
札幌,2021-07-06,20.6,100,4.6,88
札幌,2021-07-07,21.8,70,2.6,79
札幌,2021-07-08,21.8,10,5.7,75
札幌,2021-07-09,20.7,0,6.7,71
札幌,2021-07-10,20.2,0,6.9,76
札幌,2021-07-11,21.2,10,6.6,79
札幌,2021-07-12,24.4,0,5.5,72
札幌,2021-07-13,24.7,0,5.4,71
札幌,2021-07-14,24.1,0,6.3,63
札幌,2021-07-15,24.8,0,4.1,70
札幌,2021-07-16,27.2,0,2.1,65
札幌,2021-07-17,28.7,0,2.7,62
札幌,2021-07-18,29.6,0,3.5,59
札幌,2021-07-19,30.6,0,2.6,52
札幌,2021-07-20,27.5,0,5.3,66
札幌,2021-07-21,29.0,0,1.5,61
札幌,2021-07-22,27.0,0,3.8,64
札幌,2021-07-23,27.7,0,5.6,63
札幌,2021-07-24,28.6,0,4.7,60
札幌,2021-07-25,28.7,0,6.7,59
札幌,2021-07-26,27.5,0,5.7,50
札幌,2021-07-27,28.8,0,2.9,61
札幌,2021-07-28,30.2,0,5.9,56
札幌,2021-07-29,26.8,50,7.7,73
札幌,2021-07-30,26.9,10,6.9,72
札幌,2021-07-31,30.2,0,2.9,53
札幌,2021-08-01,30.2,10,2.0,61
札幌,2021-08-02,27.4,0,6.7,72
札幌,2021-08-03,29.9,60,2.3,67
札幌,2021-08-04,27.3,80,1.5,81
札幌,2021-08-05,28.9,100,0.9,73
札幌,2021-08-06,31.1,20,3.1,63
札幌,2021-08-07,29.6,0,6.4,68
札幌,2021-08-08,27.6,0,7.5,67
札幌,2021-08-09,23.6,80,2.6,71
札幌,2021-08-10,16.0,90,4.5,88
札幌,2021-08-11,19.6,0,2.9,61
札幌,2021-08-12,19.9,0,4.6,66
札幌,2021-08-13,19.9,0,4.8,63
札幌,2021-08-14,20.1,0,3.3,62
札幌,2021-08-15,20.7,0,1.6,69
札幌,2021-08-16,19.6,10,5.4,71
札幌,2021-08-17,20.8,0,5.1,70
札幌,2021-08-18,17.7,100,2.3,93
札幌,2021-08-19,21.3,20,5.5,77
札幌,2021-08-20,24.8,0,1.9,65
札幌,2021-08-21,24.1,0,6.1,65
札幌,2021-08-22,20.3,40,8.4,76
札幌,2021-08-23,22.4,0,5.8,79
札幌,2021-08-24,21.7,0,6.1,81
札幌,2021-08-25,21.3,100,3.9,87
札幌,2021-08-26,24.8,40,4.5,82
札幌,2021-08-27,23.4,0,1.7,76
札幌,2021-08-28,27.1,10,1.2,58
札幌,2021-08-29,26.3,20,2.1,56
札幌,2021-08-30,25.6,20,2.6,57
札幌,2021-08-31,20.7,20,6.8,60
札幌,2021-09-01,22.0,0,4.3,63
札幌,2021-09-02,21.7,20,2.5,64
札幌,2021-09-03,22.5,0,3.4,66
札幌,2021-09-04,22.3,0,3.9,64
札幌,2021-09-05,21.2,30,1.4,73
札幌,2021-09-06,20.9,60,2.6,73
札幌,2021-09-07,22.2,0,1.6,61
札幌,2021-09-08,19.1,0,7.4,69
札幌,2021-09-09,20.3,90,1.8,86
札幌,2021-09-10,22.0,30,3.8,72
札幌,2021-09-11,23.0,0,6.5,68
札幌,2021-09-12,22.9,10,4.9,67
札幌,2021-09-13,18.0,20,7.5,61
札幌,2021-09-14,18.0,0,2.4,53
札幌,2021-09-15,18.6,0,3.2,52
札幌,2021-09-16,19.0,0,4.5,61
札幌,2021-09-17,19.1,0,6.5,66
札幌,2021-09-18,18.2,50,1.6,82
札幌,2021-09-19,20.0,10,5.7,60
札幌,2021-09-20,18.2,0,5.4,50
札幌,2021-09-21,20.1,0,6.6,71
札幌,2021-09-22,19.9,70,5.9,90
札幌,2021-09-23,22.0,80,1.8,82
札幌,2021-09-24,17.1,0,5.5,56
札幌,2021-09-25,17.0,0,3.8,58
札幌,2021-09-26,17.8,0,4.5,62
札幌,2021-09-27,18.7,0,5.4,65
札幌,2021-09-28,18.7,0,5.5,70
札幌,2021-09-29,19.8,0,6.6,65
札幌,2021-09-30,19.4,70,5.3,93
札幌,2021-10-01,21.2,0,1.3,69
札幌,2021-10-02,17.2,70,4.8,83
札幌,2021-10-03,17.7,0,3.4,57
札幌,2021-10-04,21.4,0,3.8,75
札幌,2021-10-05,15.1,50,1.3,76
札幌,2021-10-06,14.4,30,5.3,58
札幌,2021-10-07,14.0,0,3.3,51
札幌,2021-10-08,16.2,0,3.7,66
札幌,2021-10-09,17.0,0,2.2,59
札幌,2021-10-10,19.0,40,7.5,77
札幌,2021-10-11,14.8,50,2.4,75
札幌,2021-10-12,15.2,0,2.0,60
札幌,2021-10-13,15.8,0,3.2,61
札幌,2021-10-14,16.6,0,4.7,68
札幌,2021-10-15,14.6,10,6.5,66
札幌,2021-10-16,13.0,50,7.1,71
札幌,2021-10-17,6.8,50,5.6,55
札幌,2021-10-18,9.0,0,3.2,48
札幌,2021-10-19,13.4,10,5.3,61
札幌,2021-10-20,8.3,100,3.4,92
札幌,2021-10-21,6.9,100,6.2,86
札幌,2021-10-22,8.6,30,1.6,76
札幌,2021-10-23,7.8,60,5.0,72
札幌,2021-10-24,14.3,0,2.4,58
札幌,2021-10-25,13.5,0,2.3,68
札幌,2021-10-26,13.0,40,3.8,84
札幌,2021-10-27,14.2,0,3.4,74
札幌,2021-10-28,10.7,70,3.5,75
札幌,2021-10-29,10.4,10,6.8,67
札幌,2021-10-30,9.5,0,1.8,69
札幌,2021-10-31,11.2,0,1.9,76
札幌,2021-11-01,10.9,0,3.0,73
札幌,2021-11-02,9.2,100,1.5,86
札幌,2021-11-03,10.1,20,2.3,80
札幌,2021-11-04,11.4,0,2.6,74
札幌,2021-11-05,11.1,10,3.9,74
札幌,2021-11-06,9.1,0,1.7,77
札幌,2021-11-07,9.1,20,3.1,81
札幌,2021-11-08,11.9,0,5.9,76
札幌,2021-11-09,13.2,100,9.0,88
札幌,2021-11-10,10.4,20,4.1,74
札幌,2021-11-11,8.9,0,4.4,51
札幌,2021-11-12,8.7,10,1.9,61
札幌,2021-11-13,8.4,0,2.2,58
札幌,2021-11-14,10.2,50,4.5,84
札幌,2021-11-15,7.0,30,3.6,58
札幌,2021-11-16,4.8,0,3.7,54
札幌,2021-11-17,6.1,0,4.4,55
札幌,2021-11-18,9.3,20,5.3,69
札幌,2021-11-19,11.3,40,4.9,71
札幌,2021-11-20,5.9,0,4.6,53
札幌,2021-11-21,5.1,0,1.3,71
札幌,2021-11-22,10.2,100,9.1,89
札幌,2021-11-23,4.1,0,2.5,51
札幌,2021-11-24,1.4,20,2.7,54
札幌,2021-11-25,2.3,40,1.8,67
札幌,2021-11-26,2.4,30,3.7,61
札幌,2021-11-27,4.1,30,5.4,74
札幌,2021-11-28,4.5,10,2.8,73
札幌,2021-11-29,7.6,0,3.7,75
札幌,2021-11-30,8.7,0,4.1,76
札幌,2021-12-01,8.6,50,4.0,70
札幌,2021-12-02,-0.3,30,3.2,57
札幌,2021-12-03,7.5,80,5.5,82
札幌,2021-12-04,1.1,10,2.9,54
札幌,2021-12-05,0.6,0,3.3,54
札幌,2021-12-06,5.5,0,3.2,69
札幌,2021-12-07,6.1,0,3.7,70
札幌,2021-12-08,3.6,0,3.4,69
札幌,2021-12-09,2.6,0,2.3,58
札幌,2021-12-10,5.3,0,4.6,75
札幌,2021-12-11,7.1,20,2.0,81
札幌,2021-12-12,6.5,30,3.8,78
札幌,2021-12-13,-1.3,20,7.7,54
札幌,2021-12-14,2.1,10,2.1,61
札幌,2021-12-15,2.5,20,3.5,70
札幌,2021-12-16,1.8,0,3.1,59
札幌,2021-12-17,-0.7,100,5.5,80
札幌,2021-12-18,-7.1,40,4.4,70
札幌,2021-12-19,-8.9,0,2.3,80
札幌,2021-12-20,-5.7,0,2.7,81
札幌,2021-12-21,-2.9,50,2.6,85
札幌,2021-12-22,-3.6,50,2.9,76
札幌,2021-12-23,-4.6,40,4.4,73
札幌,2021-12-24,-6.4,0,3.6,64
札幌,2021-12-25,-9.1,40,2.4,79
札幌,2021-12-26,-8.3,70,6.3,70
札幌,2021-12-27,-7.3,60,3.7,71
札幌,2021-12-28,-7.1,10,3.7,67
札幌,2021-12-29,-4.8,30,4.7,85
札幌,2021-12-30,-4.4,0,4.6,73
札幌,2021-12-31,-8.2,10,5.4,65
札幌,2022-01-01,-7.0,80,6.8,71
札幌,2022-01-02,-3.0,30,5.6,77
札幌,2022-01-03,-7.9,20,5.7,63
札幌,2022-01-04,-7.6,50,7.4,68
札幌,2022-01-05,-3.4,80,6.8,79
札幌,2022-01-06,-8.1,10,1.9,83
札幌,2022-01-07,-8.3,20,1.4,77
札幌,2022-01-08,-4.3,10,4.2,80
札幌,2022-01-09,-3.0,30,3.3,74
札幌,2022-01-10,-6.4,10,2.6,80
札幌,2022-01-11,-1.4,70,7.9,81
札幌,2022-01-12,0.2,100,9.1,84
札幌,2022-01-13,-0.7,100,9.1,78
札幌,2022-01-14,-0.8,100,10.8,83
札幌,2022-01-15,-0.2,80,7.3,82
札幌,2022-01-16,-0.8,50,4.2,85
札幌,2022-01-17,-1.2,0,4.5,77
札幌,2022-01-18,-2.9,0,4.8,76
札幌,2022-01-19,-3.7,0,1.2,74
札幌,2022-01-20,-6.6,0,2.1,57
札幌,2022-01-21,-4.3,80,5.0,81
札幌,2022-01-22,-4.5,100,1.0,87
札幌,2022-01-23,-5.8,0,2.7,81
札幌,2022-01-24,-4.0,40,2.1,82
札幌,2022-01-25,-5.7,0,2.2,85
札幌,2022-01-26,-1.2,20,5.0,84
札幌,2022-01-27,-2.3,20,2.5,81
札幌,2022-01-28,-5.5,30,2.2,81
札幌,2022-01-29,-6.7,40,2.0,75
札幌,2022-01-30,-8.5,0,4.6,59
札幌,2022-01-31,-10.1,100,2.3,77
札幌,2022-02-01,-6.9,0,2.7,78
札幌,2022-02-02,-3.4,40,5.3,74
札幌,2022-02-03,-4.6,10,4.1,72
札幌,2022-02-04,-5.8,0,2.5,71
札幌,2022-02-05,-6.8,50,3.8,81
札幌,2022-02-06,-5.2,100,3.9,85
札幌,2022-02-07,-3.8,10,3.2,71
札幌,2022-02-08,-5.1,40,2.2,78
札幌,2022-02-09,-3.0,20,5.7,69
札幌,2022-02-10,-5.2,0,1.5,79
札幌,2022-02-11,-5.3,0,0.7,66
札幌,2022-02-12,-6.3,0,3.1,81
札幌,2022-02-13,-4.2,10,3.1,78
札幌,2022-02-14,-4.3,30,2.6,76
札幌,2022-02-15,-6.0,0,2.8,80
札幌,2022-02-16,-3.2,10,1.9,77
札幌,2022-02-17,-4.1,30,1.3,80
札幌,2022-02-18,-4.4,40,2.0,76
札幌,2022-02-19,-2.8,10,5.5,76
札幌,2022-02-20,-1.5,30,7.2,76
札幌,2022-02-21,-2.3,100,11.5,76
札幌,2022-02-22,-3.2,100,7.4,78
札幌,2022-02-23,-2.8,70,7.1,76
札幌,2022-02-24,-2.3,0,3.8,70
札幌,2022-02-25,-0.5,30,2.8,73
札幌,2022-02-26,2.0,0,3.8,69
札幌,2022-02-27,0.0,20,6.2,75
札幌,2022-02-28,-1.0,40,7.1,64
札幌,2022-03-01,0.8,90,2.7,87
札幌,2022-03-02,-0.6,60,4.3,76
札幌,2022-03-03,-1.0,60,5.4,85
札幌,2022-03-04,0.4,0,2.1,61
札幌,2022-03-05,1.1,70,10.6,84
札幌,2022-03-06,-0.1,10,2.8,76
札幌,2022-03-07,0.7,20,6.8,74
札幌,2022-03-08,0.2,40,2.4,77
札幌,2022-03-09,0.6,0,1.5,67
札幌,2022-03-10,2.3,0,3.6,74
札幌,2022-03-11,3.2,30,7.9,82
札幌,2022-03-12,2.1,20,8.8,76
札幌,2022-03-13,1.7,0,4.3,79
札幌,2022-03-14,2.3,0,3.2,76
札幌,2022-03-15,0.6,100,3.9,90
札幌,2022-03-16,2.1,80,2.5,88
札幌,2022-03-17,1.6,10,4.8,85
札幌,2022-03-18,0.8,0,2.6,66
札幌,2022-03-19,0.7,40,4.7,81
札幌,2022-03-20,0.3,70,7.3,76
札幌,2022-03-21,0.4,30,5.7,66
札幌,2022-03-22,1.7,60,3.0,80
札幌,2022-03-23,2.8,0,4.2,75
札幌,2022-03-24,3.0,20,2.5,76
札幌,2022-03-25,3.7,0,4.3,80
札幌,2022-03-26,4.1,40,7.1,86
札幌,2022-03-27,4.9,10,2.6,71
札幌,2022-03-28,3.2,10,5.7,74
札幌,2022-03-29,6.2,0,3.2,62
札幌,2022-03-30,5.2,20,3.8,73
札幌,2022-03-31,4.3,0,3.6,62
札幌,2022-04-01,2.1,50,6.2,56
札幌,2022-04-02,6.4,0,3.2,42
札幌,2022-04-03,10.1,0,1.7,48
札幌,2022-04-04,11.3,0,3.8,42
札幌,2022-04-05,11.8,0,5.9,54
札幌,2022-04-06,4.1,30,5.9,64
札幌,2022-04-07,6.7,0,3.1,38
札幌,2022-04-08,6.4,30,3.7,54
札幌,2022-04-09,10.8,10,7.3,56
札幌,2022-04-10,12.7,10,4.2,68
札幌,2022-04-11,15.4,0,2.8,67
札幌,2022-04-12,14.9,0,3.8,68
札幌,2022-04-13,6.5,0,7.4,73
札幌,2022-04-14,8.1,0,4.6,53
札幌,2022-04-15,8.1,0,4.0,58
札幌,2022-04-16,8.9,0,5.5,44
札幌,2022-04-17,12.0,40,3.5,59
札幌,2022-04-18,8.6,90,2.4,77
札幌,2022-04-19,9.9,0,4.4,46
札幌,2022-04-20,13.8,0,6.3,43
札幌,2022-04-21,17.0,0,5.9,46
札幌,2022-04-22,16.1,0,5.2,63
札幌,2022-04-23,10.9,0,6.0,58
札幌,2022-04-24,12.1,0,8.8,55
札幌,2022-04-25,13.7,0,3.7,48
札幌,2022-04-26,13.6,0,7.6,70
札幌,2022-04-27,12.4,0,8.0,47
札幌,2022-04-28,10.6,0,7.3,37
札幌,2022-04-29,10.2,0,4.5,50
札幌,2022-04-30,12.7,0,6.1,38
札幌,2022-05-01,8.3,90,8.1,70
札幌,2022-05-02,10.2,70,2.8,59
札幌,2022-05-03,9.4,70,2.4,70
札幌,2022-05-04,9.6,30,8.3,75
札幌,2022-05-05,12.0,0,8.9,64
札幌,2022-05-06,20.1,0,6.2,51
札幌,2022-05-07,15.4,60,7.3,70
札幌,2022-05-08,12.0,20,5.0,47
札幌,2022-05-09,15.0,10,5.9,37
札幌,2022-05-10,19.3,0,3.1,51
札幌,2022-05-11,20.2,0,5.4,40
札幌,2022-05-12,19.4,0,4.2,64
札幌,2022-05-13,14.9,70,2.6,84
札幌,2022-05-14,15.5,10,5.8,75
札幌,2022-05-15,15.2,20,2.7,50
札幌,2022-05-16,17.1,0,5.3,47
札幌,2022-05-17,19.1,0,4.9,43
札幌,2022-05-18,19.2,0,5.3,52
札幌,2022-05-19,16.8,40,3.6,71
札幌,2022-05-20,18.8,40,2.4,64
札幌,2022-05-21,19.2,0,7.3,58
札幌,2022-05-22,18.5,10,6.5,72
札幌,2022-05-23,16.2,50,4.5,79
札幌,2022-05-24,15.0,0,2.8,77
札幌,2022-05-25,22.6,0,4.9,54
札幌,2022-05-26,20.7,0,7.1,65
札幌,2022-05-27,15.9,90,8.9,91
札幌,2022-05-28,14.8,90,3.7,87
札幌,2022-05-29,12.4,20,8.8,77
札幌,2022-05-30,17.8,0,3.9,62
札幌,2022-05-31,11.3,50,7.1,80
札幌,2022-06-01,14.4,0,3.9,80
札幌,2022-06-02,14.3,50,2.1,80
札幌,2022-06-03,12.9,0,6.6,78
札幌,2022-06-04,12.2,10,5.6,74
札幌,2022-06-05,13.6,0,3.4,67
札幌,2022-06-06,14.5,0,4.4,67
札幌,2022-06-07,16.7,0,2.5,61
札幌,2022-06-08,14.7,0,4.7,69
札幌,2022-06-09,16.7,0,4.2,68
札幌,2022-06-10,17.3,0,7.2,69
札幌,2022-06-11,16.4,70,4.6,78
札幌,2022-06-12,14.2,0,6.2,71
札幌,2022-06-13,17.1,0,3.4,75
札幌,2022-06-14,17.7,0,5.9,71
札幌,2022-06-15,16.4,0,8.3,69
札幌,2022-06-16,18.3,100,3.9,84
札幌,2022-06-17,17.2,90,3.1,86
札幌,2022-06-18,22.6,30,4.3,68
札幌,2022-06-19,22.4,50,3.6,76
札幌,2022-06-20,18.4,20,6.3,76
札幌,2022-06-21,19.8,0,3.5,74
札幌,2022-06-22,20.4,0,6.2,69
札幌,2022-06-23,16.2,80,8.0,87
札幌,2022-06-24,18.0,100,9.3,94
札幌,2022-06-25,25.8,40,4.3,68
札幌,2022-06-26,26.4,0,4.5,64
札幌,2022-06-27,21.6,40,5.6,84
札幌,2022-06-28,19.0,80,5.3,88
札幌,2022-06-29,19.2,100,2.3,95
札幌,2022-06-30,20.6,10,3.5,81
札幌,2022-07-01,21.4,0,5.6,76
札幌,2022-07-02,22.5,10,2.3,84
札幌,2022-07-03,28.1,50,2.0,73
札幌,2022-07-04,25.9,60,2.9,77
札幌,2022-07-05,24.8,100,1.7,79
札幌,2022-07-06,25.2,0,3.9,74
札幌,2022-07-07,26.2,0,3.5,65
札幌,2022-07-08,23.4,0,6.0,77
札幌,2022-07-09,25.4,0,3.1,70
札幌,2022-07-10,25.9,70,2.5,76
札幌,2022-07-11,24.5,40,5.0,78
札幌,2022-07-12,23.8,30,5.7,85
札幌,2022-07-13,23.6,50,3.7,81
札幌,2022-07-14,22.8,0,5.8,75
札幌,2022-07-15,21.6,0,7.7,75
札幌,2022-07-16,20.0,30,4.1,80
札幌,2022-07-17,21.0,90,1.4,88
札幌,2022-07-18,19.7,10,4.1,83
札幌,2022-07-19,25.0,10,5.1,72
札幌,2022-07-20,23.0,70,4.2,83
札幌,2022-07-21,21.9,0,4.7,79
札幌,2022-07-22,23.9,30,1.5,74
札幌,2022-07-23,22.0,70,3.7,82
札幌,2022-07-24,21.1,0,6.0,79
札幌,2022-07-25,22.2,10,3.1,77
札幌,2022-07-26,25.2,20,1.7,74
札幌,2022-07-27,24.6,20,2.7,76
札幌,2022-07-28,23.8,10,4.6,78
札幌,2022-07-29,24.7,0,2.9,78
札幌,2022-07-30,26.9,0,3.8,76
札幌,2022-07-31,27.9,10,4.1,71
札幌,2022-08-01,22.2,80,5.6,88
札幌,2022-08-02,23.2,20,5.2,84
札幌,2022-08-03,22.8,0,6.0,75
札幌,2022-08-04,23.3,0,5.8,71
札幌,2022-08-05,21.6,0,6.9,67
札幌,2022-08-06,21.4,0,7.2,74
札幌,2022-08-07,23.1,10,7.2,76
札幌,2022-08-08,24.8,100,7.1,86
札幌,2022-08-09,25.7,70,1.5,82
札幌,2022-08-10,24.8,0,4.0,75
札幌,2022-08-11,25.6,0,3.7,65
札幌,2022-08-12,26.8,40,2.0,75
札幌,2022-08-13,26.0,70,1.7,72
札幌,2022-08-14,24.1,20,1.8,69
札幌,2022-08-15,24.1,70,3.4,75
札幌,2022-08-16,22.5,80,4.1,93
札幌,2022-08-17,24.0,30,3.8,73
札幌,2022-08-18,20.7,60,4.9,83
札幌,2022-08-19,23.4,0,6.2,75
札幌,2022-08-20,22.4,50,5.4,85
札幌,2022-08-21,24.9,10,2.7,62
札幌,2022-08-22,24.6,0,5.1,62
札幌,2022-08-23,25.1,40,3.6,78
札幌,2022-08-24,22.6,0,4.6,60
札幌,2022-08-25,22.8,0,5.0,63
札幌,2022-08-26,22.4,0,4.5,80
札幌,2022-08-27,21.4,40,5.8,86
札幌,2022-08-28,22.7,20,2.3,64
札幌,2022-08-29,22.2,0,1.6,66
札幌,2022-08-30,22.1,0,4.1,73
札幌,2022-08-31,19.2,100,2.2,92
札幌,2022-09-01,22.0,80,1.8,81
札幌,2022-09-02,21.3,0,3.9,57
札幌,2022-09-03,20.5,0,1.5,61
札幌,2022-09-04,22.5,0,1.9,68
札幌,2022-09-05,20.6,60,8.0,85
札幌,2022-09-06,23.0,20,10.4,81
札幌,2022-09-07,25.2,0,2.1,50
札幌,2022-09-08,22.5,0,1.6,60
札幌,2022-09-09,23.2,0,3.2,67
札幌,2022-09-10,21.0,0,2.5,48
札幌,2022-09-11,21.9,0,4.7,62
札幌,2022-09-12,22.4,0,6.2,76
札幌,2022-09-13,24.0,30,2.5,76
札幌,2022-09-14,17.3,0,6.5,64
札幌,2022-09-15,20.0,0,1.5,58
札幌,2022-09-16,19.7,60,4.0,84
札幌,2022-09-17,23.0,0,6.5,79
札幌,2022-09-18,21.6,100,3.4,94
札幌,2022-09-19,22.6,70,3.5,87
札幌,2022-09-20,14.0,0,6.8,56
札幌,2022-09-21,15.2,0,3.8,58
札幌,2022-09-22,18.1,0,5.6,64
札幌,2022-09-23,17.3,100,3.4,93
札幌,2022-09-24,20.1,60,2.9,84
札幌,2022-09-25,20.2,0,3.3,69
札幌,2022-09-26,20.3,0,1.9,66
札幌,2022-09-27,19.5,0,2.7,71
札幌,2022-09-28,21.1,0,3.4,65
札幌,2022-09-29,19.9,0,2.9,76
札幌,2022-09-30,22.1,0,5.3,74
札幌,2022-10-01,23.4,0,3.6,72
札幌,2022-10-02,20.0,20,2.6,73
札幌,2022-10-03,19.5,0,7.2,77
札幌,2022-10-04,16.3,100,5.7,92
札幌,2022-10-05,11.2,0,4.8,53
札幌,2022-10-06,11.0,0,4.2,54
札幌,2022-10-07,12.1,0,2.6,49
札幌,2022-10-08,12.3,0,4.2,63
札幌,2022-10-09,13.9,0,3.3,61
札幌,2022-10-10,14.5,100,4.4,91
札幌,2022-10-11,15.6,30,3.9,64
札幌,2022-10-12,14.7,0,4.4,52
札幌,2022-10-13,13.8,0,2.8,58
札幌,2022-10-14,17.0,0,4.4,72
札幌,2022-10-15,16.6,30,3.2,78
札幌,2022-10-16,17.7,0,4.7,74
札幌,2022-10-17,13.4,50,4.8,79
札幌,2022-10-18,10.0,20,4.3,50
札幌,2022-10-19,10.8,0,3.9,51
札幌,2022-10-20,14.2,0,2.5,50
札幌,2022-10-21,16.7,0,1.6,57
札幌,2022-10-22,18.3,0,2.9,63
札幌,2022-10-23,9.6,60,4.3,73
札幌,2022-10-24,7.0,60,2.9,78
札幌,2022-10-25,8.4,0,2.2,51
札幌,2022-10-26,9.7,0,2.0,59
札幌,2022-10-27,12.6,0,2.9,65
札幌,2022-10-28,13.8,10,5.1,66
札幌,2022-10-29,11.9,20,2.4,69
札幌,2022-10-30,11.2,40,3.4,78
札幌,2022-10-31,11.6,0,1.3,65
札幌,2022-11-01,12.2,40,6.5,75
札幌,2022-11-02,10.5,0,3.3,56
札幌,2022-11-03,7.7,50,1.5,72
札幌,2022-11-04,6.3,40,3.8,55
札幌,2022-11-05,7.1,0,3.3,52
札幌,2022-11-06,7.7,0,3.1,47
札幌,2022-11-07,8.4,0,2.3,53
札幌,2022-11-08,9.2,10,2.6,72
札幌,2022-11-09,10.1,0,2.0,53
札幌,2022-11-10,9.4,0,6.7,52
札幌,2022-11-11,7.0,0,2.6,60
札幌,2022-11-12,12.3,0,2.9,67
札幌,2022-11-13,13.3,90,6.9,86
札幌,2022-11-14,5.5,40,3.6,70
札幌,2022-11-15,6.7,20,2.2,71
札幌,2022-11-16,4.3,30,3.4,73
札幌,2022-11-17,4.1,70,4.7,74
札幌,2022-11-18,6.6,0,3.7,66
札幌,2022-11-19,7.4,80,2.6,83
札幌,2022-11-20,9.2,0,6.9,74
札幌,2022-11-21,10.3,60,2.0,91
札幌,2022-11-22,4.8,0,5.6,50
札幌,2022-11-23,5.1,0,2.3,62
札幌,2022-11-24,7.0,0,3.0,67
札幌,2022-11-25,7.0,0,2.9,65
札幌,2022-11-26,11.0,50,2.6,70
札幌,2022-11-27,3.3,0,4.8,56
札幌,2022-11-28,5.5,30,2.0,76
札幌,2022-11-29,11.9,100,5.1,90
札幌,2022-11-30,0.7,20,5.6,53
札幌,2022-12-01,-2.6,10,3.6,46
札幌,2022-12-02,-3.1,30,2.7,53
札幌,2022-12-03,1.5,50,4.3,80
札幌,2022-12-04,-2.3,0,5.3,48
札幌,2022-12-05,-2.2,0,3.3,51
札幌,2022-12-06,0.6,0,2.3,63
札幌,2022-12-07,1.0,10,2.2,68
札幌,2022-12-08,-1.8,100,4.0,75
札幌,2022-12-09,-0.5,0,1.5,70
札幌,2022-12-10,0.5,20,1.9,81
札幌,2022-12-11,-0.9,30,3.5,76
札幌,2022-12-12,-5.5,10,2.0,87
札幌,2022-12-13,3.3,60,5.8,85
札幌,2022-12-14,-5.3,60,4.2,66
札幌,2022-12-15,-5.1,0,3.5,62
札幌,2022-12-16,-5.8,0,1.9,66
札幌,2022-12-17,-3.2,30,1.7,73
札幌,2022-12-18,-6.7,10,4.3,61
札幌,2022-12-19,-11.0,0,3.0,72
札幌,2022-12-20,-7.1,0,2.2,72
札幌,2022-12-21,-5.5,0,3.1,76
札幌,2022-12-22,-0.6,20,2.7,76
札幌,2022-12-23,0.6,100,4.0,91
札幌,2022-12-24,1.1,10,5.5,81
札幌,2022-12-25,0.6,0,5.7,87
札幌,2022-12-26,1.0,0,3.9,88
札幌,2022-12-27,-0.4,0,1.7,86
札幌,2022-12-28,0.9,50,2.9,86
札幌,2022-12-29,-3.9,10,3.8,71
札幌,2022-12-30,-3.2,0,2.7,73
札幌,2022-12-31,-1.6,0,2.1,82
札幌,2023-01-01,-3.0,20,4.3,73
札幌,2023-01-02,-9.2,0,4.1,62
札幌,2023-01-03,-7.8,20,4.0,68
札幌,2023-01-04,-6.2,80,4.7,68
札幌,2023-01-05,-3.9,0,5.1,69
札幌,2023-01-06,-3.2,0,1.8,71
札幌,2023-01-07,-6.2,0,0.9,84
札幌,2023-01-08,-8.6,0,1.0,84
札幌,2023-01-09,-2.3,50,2.5,84
札幌,2023-01-10,-4.5,100,3.0,79
札幌,2023-01-11,-3.0,0,3.3,81
札幌,2023-01-12,-1.0,0,1.8,80
札幌,2023-01-13,2.8,0,4.1,82
札幌,2023-01-14,0.2,0,5.7,80
札幌,2023-01-15,-6.8,0,3.1,68
札幌,2023-01-16,-5.2,100,4.6,80
札幌,2023-01-17,-7.3,0,2.4,71
札幌,2023-01-18,-5.7,0,4.7,74
札幌,2023-01-19,-6.5,0,4.6,75
札幌,2023-01-20,-3.2,20,2.9,76
札幌,2023-01-21,-6.8,60,5.0,71
札幌,2023-01-22,-7.0,0,4.9,65
札幌,2023-01-23,-8.6,50,3.2,77
札幌,2023-01-24,-8.2,0,5.1,63
札幌,2023-01-25,-11.6,40,7.6,55
札幌,2023-01-26,-9.1,0,3.8,62
札幌,2023-01-27,-8.9,0,3.0,76
札幌,2023-01-28,-9.6,0,3.2,64
札幌,2023-01-29,-12.9,0,3.6,66
札幌,2023-01-30,-8.6,20,3.5,68
札幌,2023-01-31,-8.1,0,2.9,64
札幌,2023-02-01,-5.2,50,3.7,81
札幌,2023-02-02,-6.1,20,7.0,65
札幌,2023-02-03,-6.8,0,1.9,63
札幌,2023-02-04,-6.8,50,2.6,78
札幌,2023-02-05,-5.9,0,2.6,79
札幌,2023-02-06,-2.7,0,2.9,71
札幌,2023-02-07,-4.0,0,2.2,68
札幌,2023-02-08,-6.2,20,3.5,73
札幌,2023-02-09,-6.7,80,7.9,68
札幌,2023-02-10,-5.9,10,5.0,78
札幌,2023-02-11,-5.2,30,1.2,89
札幌,2023-02-12,-0.6,50,4.8,84
札幌,2023-02-13,-3.2,50,3.2,79
札幌,2023-02-14,-5.1,50,5.3,72
札幌,2023-02-15,-10.1,40,1.1,71
札幌,2023-02-16,-5.6,0,2.8,73
札幌,2023-02-17,-1.3,30,2.5,81
札幌,2023-02-18,0.8,0,2.4,78
札幌,2023-02-19,-0.4,70,3.6,83
札幌,2023-02-20,-3.2,60,8.7,76
札幌,2023-02-21,-7.1,10,1.4,58
札幌,2023-02-22,-3.5,30,3.8,72
札幌,2023-02-23,-0.6,90,3.6,89
札幌,2023-02-24,-3.0,70,2.8,77
札幌,2023-02-25,-2.4,20,6.1,78
札幌,2023-02-26,-4.0,60,8.5,68
札幌,2023-02-27,-3.2,0,4.9,76
札幌,2023-02-28,4.3,0,4.2,68
札幌,2023-03-01,1.3,0,5.0,81
札幌,2023-03-02,-0.3,0,7.4,73
札幌,2023-03-03,-0.6,40,2.9,72
札幌,2023-03-04,-0.8,20,5.7,76
札幌,2023-03-05,1.4,0,3.6,78
札幌,2023-03-06,4.5,0,4.3,77
札幌,2023-03-07,5.5,0,2.3,81
札幌,2023-03-08,4.9,20,6.8,87
札幌,2023-03-09,1.4,10,5.5,76
札幌,2023-03-10,4.0,70,5.8,89
札幌,2023-03-11,1.6,0,5.2,83
札幌,2023-03-12,3.4,0,8.0,80
札幌,2023-03-13,6.5,80,7.5,85
札幌,2023-03-14,1.2,0,1.6,66
札幌,2023-03-15,4.0,0,5.6,66
札幌,2023-03-16,4.2,70,6.6,87
札幌,2023-03-17,3.4,30,3.6,50
札幌,2023-03-18,5.0,0,3.9,49
札幌,2023-03-19,7.3,0,2.7,40
札幌,2023-03-20,11.1,0,2.2,50
札幌,2023-03-21,11.9,0,4.8,54
札幌,2023-03-22,15.0,0,3.9,50
札幌,2023-03-23,10.3,0,6.9,85
札幌,2023-03-24,4.3,0,8.7,67
札幌,2023-03-25,6.2,0,2.6,52
札幌,2023-03-26,4.9,80,6.7,84
札幌,2023-03-27,5.4,20,6.8,44
札幌,2023-03-28,9.2,0,2.6,43
札幌,2023-03-29,9.4,0,1.7,47
札幌,2023-03-30,11.2,0,5.6,54
札幌,2023-03-31,8.7,50,2.3,69
札幌,2023-04-01,5.5,30,8.1,71
札幌,2023-04-02,7.5,0,4.0,66
札幌,2023-04-03,9.1,0,3.7,60
札幌,2023-04-04,12.5,0,3.5,57
札幌,2023-04-05,13.8,0,2.5,55
札幌,2023-04-06,10.4,70,6.3,80
札幌,2023-04-07,8.7,100,3.1,96
札幌,2023-04-08,9.1,80,3.9,71
札幌,2023-04-09,6.0,10,7.4,66
札幌,2023-04-10,14.2,0,3.9,54
札幌,2023-04-11,15.9,10,6.4,58
札幌,2023-04-12,10.6,0,4.5,36
札幌,2023-04-13,9.7,30,5.1,36
札幌,2023-04-14,10.9,0,4.6,52
札幌,2023-04-15,10.2,0,2.0,47
札幌,2023-04-16,7.6,70,2.9,87
札幌,2023-04-17,3.8,70,8.5,71
札幌,2023-04-18,10.9,10,2.5,52
札幌,2023-04-19,10.0,20,2.2,66
札幌,2023-04-20,10.3,0,6.7,64
札幌,2023-04-21,10.7,0,7.3,36
札幌,2023-04-22,7.7,20,8.5,53
札幌,2023-04-23,8.1,10,6.7,44
札幌,2023-04-24,8.3,50,4.9,54
札幌,2023-04-25,13.6,0,4.2,37
札幌,2023-04-26,10.6,80,5.5,91
札幌,2023-04-27,11.0,0,7.6,33
札幌,2023-04-28,14.4,0,2.9,59
札幌,2023-04-29,14.4,0,5.9,61
札幌,2023-04-30,15.7,20,4.4,64
札幌,2023-05-01,12.6,70,5.3,60
札幌,2023-05-02,12.8,0,4.0,57
札幌,2023-05-03,19.2,0,1.7,42
札幌,2023-05-04,20.2,0,2.5,58
札幌,2023-05-05,18.0,0,2.9,60
札幌,2023-05-06,11.0,10,6.5,73
札幌,2023-05-07,12.4,0,3.5,48
札幌,2023-05-08,10.1,40,3.9,72
札幌,2023-05-09,14.0,30,4.3,64
札幌,2023-05-10,12.4,10,4.3,49
札幌,2023-05-11,8.6,10,6.5,60
札幌,2023-05-12,10.6,40,3.4,71
札幌,2023-05-13,16.8,0,3.4,48
札幌,2023-05-14,18.2,0,6.4,61
札幌,2023-05-15,13.3,100,7.8,84
札幌,2023-05-16,17.1,0,7.1,74
札幌,2023-05-17,16.9,0,7.3,70
札幌,2023-05-18,20.8,0,4.2,68
札幌,2023-05-19,16.6,0,3.4,66
札幌,2023-05-20,18.6,0,4.4,57
札幌,2023-05-21,12.3,60,6.8,87
札幌,2023-05-22,13.2,50,4.9,74
札幌,2023-05-23,11.3,0,5.3,65
札幌,2023-05-24,15.0,0,6.3,50
札幌,2023-05-25,21.3,0,2.5,50
札幌,2023-05-26,21.0,0,4.8,53
札幌,2023-05-27,23.0,30,1.4,54
札幌,2023-05-28,18.9,40,4.5,74
札幌,2023-05-29,15.1,10,6.4,78
札幌,2023-05-30,12.6,0,6.6,66
札幌,2023-05-31,16.5,20,3.5,55
札幌,2023-06-01,21.2,0,4.4,45
札幌,2023-06-02,20.0,20,5.9,67
札幌,2023-06-03,13.7,40,7.1,80
札幌,2023-06-04,14.6,80,5.3,74
札幌,2023-06-05,16.9,10,3.7,61
札幌,2023-06-06,20.1,0,4.7,68
札幌,2023-06-07,18.7,90,3.1,83
札幌,2023-06-08,22.1,0,2.8,63
札幌,2023-06-09,16.7,80,6.7,89
札幌,2023-06-10,18.0,0,6.8,76
札幌,2023-06-11,20.3,0,5.3,75
札幌,2023-06-12,20.3,0,6.7,79
札幌,2023-06-13,19.4,30,6.2,79
札幌,2023-06-14,20.5,90,2.1,82
札幌,2023-06-15,21.0,0,6.8,79
札幌,2023-06-16,22.3,0,3.1,73
札幌,2023-06-17,24.9,10,3.1,62
札幌,2023-06-18,17.0,0,8.1,70
札幌,2023-06-19,17.1,0,6.7,60
札幌,2023-06-20,20.1,0,4.0,58
札幌,2023-06-21,23.8,0,3.2,56
札幌,2023-06-22,20.9,0,6.8,72
札幌,2023-06-23,22.4,10,4.6,57
札幌,2023-06-24,22.3,0,3.9,57
札幌,2023-06-25,23.4,0,2.9,64
札幌,2023-06-26,24.6,0,6.4,66
札幌,2023-06-27,24.4,0,6.9,69
札幌,2023-06-28,26.1,30,4.3,69
札幌,2023-06-29,25.2,60,2.0,74
札幌,2023-06-30,24.0,40,4.8,77
札幌,2023-07-01,19.3,0,7.8,79
札幌,2023-07-02,20.8,0,3.2,69
札幌,2023-07-03,21.4,0,4.3,72
札幌,2023-07-04,22.4,0,3.1,64
札幌,2023-07-05,23.4,0,4.3,68
札幌,2023-07-06,22.6,70,7.6,80
札幌,2023-07-07,22.9,20,2.7,75
札幌,2023-07-08,27.2,0,1.1,70
札幌,2023-07-09,26.4,0,4.8,69
札幌,2023-07-10,25.9,0,1.2,73
札幌,2023-07-11,25.7,30,4.4,77
札幌,2023-07-12,22.2,90,4.9,92
札幌,2023-07-13,23.0,80,2.1,75
札幌,2023-07-14,23.7,30,3.7,73
札幌,2023-07-15,20.1,100,6.7,93
札幌,2023-07-16,25.9,70,4.4,79
札幌,2023-07-17,23.9,80,3.0,84
札幌,2023-07-18,21.9,0,6.1,78
札幌,2023-07-19,22.4,30,2.3,74
札幌,2023-07-20,24.4,50,2.2,75
札幌,2023-07-21,24.6,0,5.2,69
札幌,2023-07-22,25.5,0,5.8,74
札幌,2023-07-23,24.5,0,7.3,77
札幌,2023-07-24,25.2,0,5.8,80
札幌,2023-07-25,27.4,100,2.0,82
札幌,2023-07-26,28.4,50,1.7,76
札幌,2023-07-27,28.5,50,1.4,73
札幌,2023-07-28,29.1,20,2.0,68
札幌,2023-07-29,31.0,30,1.8,62
札幌,2023-07-30,27.8,20,2.3,77
札幌,2023-07-31,24.6,90,1.6,88
札幌,2023-08-01,27.3,50,2.2,69
札幌,2023-08-02,30.9,0,2.4,59
札幌,2023-08-03,26.0,40,5.7,85
札幌,2023-08-04,27.8,90,2.5,78
札幌,2023-08-05,27.2,70,2.6,84
札幌,2023-08-06,22.3,80,3.5,92
札幌,2023-08-07,23.4,30,2.3,84
札幌,2023-08-08,24.5,50,5.8,84
札幌,2023-08-09,27.6,70,3.7,85
札幌,2023-08-10,28.3,20,7.3,77
札幌,2023-08-11,28.5,0,4.7,73
札幌,2023-08-12,28.6,0,2.1,72
札幌,2023-08-13,27.7,20,4.1,73
札幌,2023-08-14,26.5,20,4.1,76
札幌,2023-08-15,25.8,0,5.7,63
札幌,2023-08-16,26.0,20,7.5,80
札幌,2023-08-17,28.0,10,7.7,68
札幌,2023-08-18,27.4,30,1.6,72
札幌,2023-08-19,28.0,20,4.4,74
札幌,2023-08-20,27.4,10,2.8,79
札幌,2023-08-21,28.6,80,1.0,74
札幌,2023-08-22,29.1,30,6.7,77
札幌,2023-08-23,31.9,30,3.0,69
札幌,2023-08-24,30.8,30,2.4,72
札幌,2023-08-25,30.8,40,3.3,72
札幌,2023-08-26,31.3,30,2.7,63
札幌,2023-08-27,25.7,80,2.6,84
札幌,2023-08-28,26.3,10,4.5,74
札幌,2023-08-29,25.6,0,2.4,68
札幌,2023-08-30,24.2,0,8.9,76
札幌,2023-08-31,27.7,0,7.7,80
札幌,2023-09-01,25.0,90,4.8,88
札幌,2023-09-02,25.2,20,2.1,70
札幌,2023-09-03,25.8,0,2.7,67
札幌,2023-09-04,25.1,0,3.3,73
札幌,2023-09-05,25.6,0,3.3,79
札幌,2023-09-06,24.4,20,4.6,78
札幌,2023-09-07,21.7,0,6.8,58
札幌,2023-09-08,22.9,0,6.1,68
札幌,2023-09-09,23.8,50,4.8,77
札幌,2023-09-10,25.5,0,3.3,71
札幌,2023-09-11,24.1,20,6.6,82
札幌,2023-09-12,24.8,60,3.1,87
札幌,2023-09-13,24.2,0,4.2,66
札幌,2023-09-14,20.8,100,2.3,92
札幌,2023-09-15,21.3,0,3.5,61
札幌,2023-09-16,23.6,0,3.1,67
札幌,2023-09-17,23.4,30,5.1,77
札幌,2023-09-18,26.1,80,2.6,80
札幌,2023-09-19,22.4,40,5.4,86
札幌,2023-09-20,19.7,30,5.1,61
札幌,2023-09-21,16.9,40,3.0,68
札幌,2023-09-22,19.8,0,1.7,65
札幌,2023-09-23,18.4,0,3.5,68
札幌,2023-09-24,18.6,0,1.8,59
札幌,2023-09-25,20.0,0,4.9,69
札幌,2023-09-26,19.4,50,4.7,80
札幌,2023-09-27,21.8,60,0.8,70
札幌,2023-09-28,18.3,90,3.0,92
札幌,2023-09-29,19.8,20,4.6,59
札幌,2023-09-30,19.8,0,4.7,68
札幌,2023-10-01,21.2,20,2.8,61
札幌,2023-10-02,17.0,60,2.7,62
札幌,2023-10-03,17.8,40,5.6,58
札幌,2023-10-04,18.1,0,4.2,60
札幌,2023-10-05,15.9,80,3.0,88
札幌,2023-10-06,15.2,70,7.6,75
札幌,2023-10-07,14.1,40,6.0,68
札幌,2023-10-08,14.5,0,2.2,59
札幌,2023-10-09,15.6,30,4.8,70
札幌,2023-10-10,16.7,0,3.9,65
札幌,2023-10-11,14.4,0,3.2,59
札幌,2023-10-12,17.3,10,2.6,53
札幌,2023-10-13,19.2,0,1.9,59
札幌,2023-10-14,17.9,0,1.1,67
札幌,2023-10-15,17.8,0,4.3,62
札幌,2023-10-16,13.1,20,4.8,59
札幌,2023-10-17,9.2,70,5.1,65
札幌,2023-10-18,16.2,0,2.3,55
札幌,2023-10-19,16.1,70,4.0,84
札幌,2023-10-20,9.9,100,1.3,91
札幌,2023-10-21,7.9,60,2.4,62
札幌,2023-10-22,9.3,60,2.8,61
札幌,2023-10-23,12.0,0,4.9,47
札幌,2023-10-24,13.6,0,4.3,70
札幌,2023-10-25,16.3,30,4.1,73
札幌,2023-10-26,15.4,0,2.3,79
札幌,2023-10-27,14.4,70,2.4,84
札幌,2023-10-28,12.6,0,3.6,68
札幌,2023-10-29,11.9,0,3.8,70
札幌,2023-10-30,11.5,0,1.6,76
札幌,2023-10-31,12.9,0,2.2,70
札幌,2023-11-01,16.0,30,5.1,74
札幌,2023-11-02,10.5,0,4.2,66
札幌,2023-11-03,17.0,60,5.0,80
札幌,2023-11-04,7.8,0,5.1,57
札幌,2023-11-05,8.4,0,1.7,66
札幌,2023-11-06,14.8,50,7.5,90
札幌,2023-11-07,13.2,100,2.6,88
札幌,2023-11-08,9.5,10,4.1,70
札幌,2023-11-09,12.2,0,6.5,66
札幌,2023-11-10,11.4,90,5.4,88
札幌,2023-11-11,2.6,0,6.1,49
札幌,2023-11-12,3.2,20,2.3,58
札幌,2023-11-13,3.5,20,2.5,59
札幌,2023-11-14,4.0,20,5.3,58
札幌,2023-11-15,6.2,0,1.9,60
札幌,2023-11-16,8.0,0,4.6,69
札幌,2023-11-17,10.6,100,8.7,85
札幌,2023-11-18,9.7,0,2.9,49
札幌,2023-11-19,8.8,10,3.4,67
札幌,2023-11-20,4.7,50,6.6,65
札幌,2023-11-21,9.3,0,2.3,59
札幌,2023-11-22,10.4,0,1.8,74
札幌,2023-11-23,14.8,0,5.0,74
札幌,2023-11-24,3.2,90,6.0,69
札幌,2023-11-25,-3.6,0,6.7,59
札幌,2023-11-26,-0.9,0,1.7,66
札幌,2023-11-27,1.1,0,2.2,78
札幌,2023-11-28,8.1,20,4.4,71
札幌,2023-11-29,-1.8,0,3.8,50
札幌,2023-11-30,-3.4,0,3.3,45
札幌,2023-12-01,-2.5,20,3.6,51
札幌,2023-12-02,1.4,0,1.5,47
札幌,2023-12-03,2.8,0,2.3,64
札幌,2023-12-04,3.5,0,1.8,62
札幌,2023-12-05,6.0,50,2.1,81
札幌,2023-12-06,6.6,0,4.2,81
札幌,2023-12-07,9.1,60,6.3,83
札幌,2023-12-08,2.1,0,3.6,55
札幌,2023-12-09,10.0,70,4.5,90
札幌,2023-12-10,0.1,0,5.8,48
札幌,2023-12-11,-1.3,0,3.6,51
札幌,2023-12-12,-0.5,90,2.7,76
札幌,2023-12-13,-2.2,0,6.0,52
札幌,2023-12-14,-2.5,10,5.5,66
札幌,2023-12-15,-1.4,10,1.4,77
札幌,2023-12-16,-1.8,70,2.1,85
札幌,2023-12-17,-2.7,40,6.6,59
札幌,2023-12-18,-7.3,0,4.0,57
札幌,2023-12-19,-4.6,0,1.3,62
札幌,2023-12-20,-4.0,0,2.1,55
札幌,2023-12-21,-3.6,10,3.4,60
札幌,2023-12-22,-4.6,40,2.6,66
札幌,2023-12-23,-6.3,0,3.6,58
札幌,2023-12-24,-5.5,0,1.5,73
札幌,2023-12-25,-2.6,0,1.8,73
札幌,2023-12-26,-1.6,80,2.5,88
札幌,2023-12-27,-3.9,0,5.7,64
札幌,2023-12-28,-4.3,10,3.1,82
札幌,2023-12-29,-2.6,0,1.5,81
札幌,2023-12-30,-0.2,0,3.1,76
札幌,2023-12-31,-3.1,100,2.4,90
札幌,2024-01-01,-8.9,30,1.4,70
札幌,2024-01-02,0.8,50,4.3,86
札幌,2024-01-03,-2.0,90,2.2,85
札幌,2024-01-04,-5.0,0,0.8,84
札幌,2024-01-05,2.0,50,5.0,85
札幌,2024-01-06,-0.5,20,1.3,88
札幌,2024-01-07,-0.8,60,3.6,79
札幌,2024-01-08,-4.3,60,4.6,82
札幌,2024-01-09,-2.0,70,3.8,86
札幌,2024-01-10,-7.1,30,6.8,66
札幌,2024-01-11,-4.1,0,6.1,79
札幌,2024-01-12,-1.2,80,6.2,80
札幌,2024-01-13,-6.4,60,1.4,84
札幌,2024-01-14,-2.8,30,5.0,80
札幌,2024-01-15,-7.1,60,6.7,64
札幌,2024-01-16,-7.6,90,3.7,76
札幌,2024-01-17,-2.0,0,3.9,81
札幌,2024-01-18,-2.2,30,3.6,84
札幌,2024-01-19,-6.6,0,0.9,63
札幌,2024-01-20,-6.4,100,1.1,84
札幌,2024-01-21,-9.0,50,0.8,76
札幌,2024-01-22,-2.0,70,5.9,84
札幌,2024-01-23,0.5,30,6.1,73
札幌,2024-01-24,-4.7,60,6.4,80
札幌,2024-01-25,-1.0,100,13.7,84
札幌,2024-01-26,-0.3,70,8.4,82
札幌,2024-01-27,-2.2,0,1.5,88
札幌,2024-01-28,-3.8,0,1.1,94
札幌,2024-01-29,-1.5,10,1.8,90
札幌,2024-01-30,-1.6,0,3.7,68
札幌,2024-01-31,-2.8,10,5.1,81
札幌,2024-02-01,-6.6,50,8.4,61
札幌,2024-02-02,-5.3,20,6.8,67
札幌,2024-02-03,-6.4,60,2.9,74
札幌,2024-02-04,-2.7,20,3.0,71
札幌,2024-02-05,-7.1,0,1.0,67
札幌,2024-02-06,-8.0,0,1.1,68
札幌,2024-02-07,-2.7,0,3.3,80
札幌,2024-02-08,-1.6,0,2.9,74
札幌,2024-02-09,-2.8,10,4.8,71
札幌,2024-02-10,-3.5,0,1.8,81
札幌,2024-02-11,-4.0,70,3.6,77
札幌,2024-02-12,-1.0,0,2.8,64
札幌,2024-02-13,4.1,0,3.4,72
札幌,2024-02-14,2.8,0,3.4,84
札幌,2024-02-15,0.6,60,6.1,75
札幌,2024-02-16,-2.7,70,7.2,76
札幌,2024-02-17,-2.0,0,4.3,75
札幌,2024-02-18,1.4,0,8.9,83
札幌,2024-02-19,6.6,20,6.7,79
札幌,2024-02-20,-2.0,40,10.4,68
札幌,2024-02-21,-4.0,0,6.3,62
札幌,2024-02-22,-5.1,100,6.8,75
札幌,2024-02-23,-6.6,100,2.6,80
札幌,2024-02-24,-6.8,70,2.0,84
札幌,2024-02-25,-5.6,0,1.1,72
札幌,2024-02-26,-3.9,100,2.6,84
札幌,2024-02-27,-2.2,10,5.6,71
札幌,2024-02-28,-5.3,0,6.8,71
札幌,2024-02-29,-4.2,0,1.8,78
札幌,2024-03-01,-0.2,80,8.1,83
札幌,2024-03-02,-5.8,60,6.0,55
札幌,2024-03-03,-4.6,0,3.1,71
札幌,2024-03-04,-4.5,40,4.6,66
札幌,2024-03-05,-1.8,0,3.5,62
札幌,2024-03-06,-3.1,0,3.9,72
札幌,2024-03-07,-3.7,60,3.5,80
札幌,2024-03-08,-4.6,0,1.6,68
札幌,2024-03-09,-2.8,0,3.7,76
札幌,2024-03-10,-2.1,20,2.2,74
札幌,2024-03-11,1.2,0,3.5,79
札幌,2024-03-12,1.0,80,2.1,90
札幌,2024-03-13,-1.9,0,8.0,69
札幌,2024-03-14,0.9,20,3.0,77
札幌,2024-03-15,0.4,50,2.3,87
札幌,2024-03-16,1.8,10,4.9,66
札幌,2024-03-17,1.9,60,5.9,83
札幌,2024-03-18,0.2,0,7.9,77
札幌,2024-03-19,-1.6,50,5.8,73
札幌,2024-03-20,-1.9,0,3.3,79
札幌,2024-03-21,-0.8,0,5.3,71
札幌,2024-03-22,-0.6,0,2.7,75
札幌,2024-03-23,0.9,0,2.0,70
札幌,2024-03-24,3.4,0,3.4,78
札幌,2024-03-25,2.0,0,6.3,64
札幌,2024-03-26,1.6,0,3.7,73
札幌,2024-03-27,1.2,0,4.6,77
札幌,2024-03-28,4.0,0,5.3,70
札幌,2024-03-29,6.9,60,5.8,92
札幌,2024-03-30,7.6,30,4.2,50
札幌,2024-03-31,5.9,20,4.4,45
札幌,2024-04-01,5.8,20,2.9,55
札幌,2024-04-02,5.2,60,6.1,50
札幌,2024-04-03,8.9,0,2.8,48
札幌,2024-04-04,7.6,0,4.7,58
札幌,2024-04-05,9.5,20,5.0,36
札幌,2024-04-06,11.8,0,5.4,42
札幌,2024-04-07,15.0,0,6.3,56
札幌,2024-04-08,15.5,0,6.5,66
札幌,2024-04-09,2.6,70,8.9,64
札幌,2024-04-10,9.6,0,3.9,36
札幌,2024-04-11,11.8,0,5.3,48
札幌,2024-04-12,12.9,40,4.9,70
札幌,2024-04-13,17.2,0,4.7,58
札幌,2024-04-14,17.0,0,2.6,64
札幌,2024-04-15,21.0,0,2.0,51
札幌,2024-04-16,16.2,0,7.9,67
札幌,2024-04-17,16.0,30,5.4,75
札幌,2024-04-18,11.4,80,4.2,86
札幌,2024-04-19,8.4,0,7.7,76
札幌,2024-04-20,7.0,10,10.0,77
札幌,2024-04-21,8.0,0,8.3,78
札幌,2024-04-22,8.1,0,7.4,76
札幌,2024-04-23,12.4,0,3.6,66
札幌,2024-04-24,11.2,0,8.9,67
札幌,2024-04-25,11.5,100,3.8,94
札幌,2024-04-26,18.5,0,4.7,61
札幌,2024-04-27,20.4,0,6.1,58
札幌,2024-04-28,12.0,0,6.4,61
札幌,2024-04-29,11.3,0,6.4,49
札幌,2024-04-30,12.5,40,5.6,74
札幌,2024-05-01,11.7,0,5.7,54
札幌,2024-05-02,16.8,0,3.7,50
札幌,2024-05-03,15.8,0,7.2,43
札幌,2024-05-04,16.1,0,1.3,47
札幌,2024-05-05,16.7,0,7.8,65
札幌,2024-05-06,14.6,90,3.9,88
札幌,2024-05-07,11.4,90,5.2,94
札幌,2024-05-08,7.0,0,6.8,66
札幌,2024-05-09,11.3,0,4.1,63
札幌,2024-05-10,14.5,10,3.8,56
札幌,2024-05-11,17.0,0,7.9,60
札幌,2024-05-12,16.7,50,7.3,75
札幌,2024-05-13,13.7,60,3.1,87
札幌,2024-05-14,18.9,0,4.6,56
札幌,2024-05-15,18.0,0,7.1,58
札幌,2024-05-16,18.5,10,6.7,70
札幌,2024-05-17,15.2,40,4.6,72
札幌,2024-05-18,21.5,0,3.5,47
札幌,2024-05-19,16.9,0,4.1,51
札幌,2024-05-20,19.0,0,3.1,63
札幌,2024-05-21,11.4,20,7.4,74
札幌,2024-05-22,18.4,0,6.6,53
札幌,2024-05-23,19.4,0,2.7,63
札幌,2024-05-24,12.4,10,7.3,80
札幌,2024-05-25,11.8,0,5.8,66
札幌,2024-05-26,18.2,10,2.6,55
札幌,2024-05-27,15.9,100,8.0,85
札幌,2024-05-28,13.8,10,5.7,70
札幌,2024-05-29,11.0,0,8.0,74
札幌,2024-05-30,13.7,10,3.8,77
札幌,2024-05-31,13.8,30,1.6,75
札幌,2024-06-01,17.3,10,4.4,65
札幌,2024-06-02,16.2,0,6.5,56
札幌,2024-06-03,16.1,0,4.5,61
札幌,2024-06-04,18.0,10,3.2,62
札幌,2024-06-05,13.0,80,4.2,84
札幌,2024-06-06,14.6,50,4.3,74
札幌,2024-06-07,19.1,0,5.9,68
札幌,2024-06-08,21.1,0,7.5,71
札幌,2024-06-09,18.6,20,7.9,83
札幌,2024-06-10,21.2,70,3.8,74
札幌,2024-06-11,21.8,70,2.2,72
札幌,2024-06-12,22.9,0,6.8,72
札幌,2024-06-13,19.8,30,3.7,84
札幌,2024-06-14,18.1,0,2.3,83
札幌,2024-06-15,20.0,0,8.2,77
札幌,2024-06-16,20.3,90,8.2,88
札幌,2024-06-17,23.7,10,2.2,56
札幌,2024-06-18,22.7,10,3.6,70
札幌,2024-06-19,20.5,0,4.8,62
札幌,2024-06-20,19.8,10,6.2,75
札幌,2024-06-21,22.7,0,2.9,73
札幌,2024-06-22,20.9,10,3.5,79
札幌,2024-06-23,23.2,0,3.6,70
札幌,2024-06-24,19.7,80,6.6,84
札幌,2024-06-25,17.6,30,7.1,81
札幌,2024-06-26,16.0,20,6.1,69
札幌,2024-06-27,21.9,30,2.4,68
札幌,2024-06-28,25.2,20,3.8,68
札幌,2024-06-29,26.2,0,2.4,69
札幌,2024-06-30,25.3,10,5.5,60
札幌,2024-07-01,16.6,70,9.3,85
札幌,2024-07-02,21.3,10,5.1,63
札幌,2024-07-03,24.8,0,2.2,60
札幌,2024-07-04,23.8,60,2.6,77
札幌,2024-07-05,25.7,50,5.3,68
札幌,2024-07-06,23.1,30,5.0,77
札幌,2024-07-07,23.3,60,5.7,82
札幌,2024-07-08,20.3,0,5.8,86
札幌,2024-07-09,24.3,60,2.8,76
札幌,2024-07-10,24.1,20,2.7,65
札幌,2024-07-11,23.6,30,3.1,70
札幌,2024-07-12,23.5,90,2.7,70
札幌,2024-07-13,21.6,0,5.2,69
札幌,2024-07-14,25.2,20,1.4,62
札幌,2024-07-15,25.9,0,2.2,65
札幌,2024-07-16,25.9,0,6.6,69
札幌,2024-07-17,27.4,0,3.5,68
札幌,2024-07-18,28.8,0,4.3,64
札幌,2024-07-19,23.2,90,8.2,87
札幌,2024-07-20,29.6,20,2.5,68
札幌,2024-07-21,30.0,0,4.9,63
札幌,2024-07-22,30.4,30,1.6,56
札幌,2024-07-23,27.7,100,1.6,77
札幌,2024-07-24,23.5,50,6.1,83
札幌,2024-07-25,24.0,0,4.0,71
札幌,2024-07-26,25.2,30,1.9,74
札幌,2024-07-27,23.7,30,4.0,78
札幌,2024-07-28,22.5,50,7.2,86
札幌,2024-07-29,22.2,100,4.0,96
札幌,2024-07-30,23.4,0,6.7,81
札幌,2024-07-31,22.5,0,6.0,79
札幌,2024-08-01,25.0,60,4.3,80
札幌,2024-08-02,25.8,0,6.8,80
札幌,2024-08-03,26.4,20,6.9,80
札幌,2024-08-04,21.2,0,6.3,81
札幌,2024-08-05,21.6,0,4.0,81
札幌,2024-08-06,25.2,40,1.7,82
札幌,2024-08-07,28.0,30,5.0,75
札幌,2024-08-08,26.0,60,2.4,83
札幌,2024-08-09,25.6,90,1.4,86
札幌,2024-08-10,26.5,20,4.7,78
札幌,2024-08-11,26.9,0,2.6,71
札幌,2024-08-12,30.3,30,1.9,66
札幌,2024-08-13,27.1,40,8.8,84
札幌,2024-08-14,26.6,100,3.5,85
札幌,2024-08-15,24.8,0,6.0,80
札幌,2024-08-16,25.8,40,2.9,77
札幌,2024-08-17,24.7,50,2.8,84
札幌,2024-08-18,23.5,0,5.3,74
札幌,2024-08-19,25.3,0,2.1,73
札幌,2024-08-20,22.4,40,1.5,79
札幌,2024-08-21,24.6,20,4.3,69
札幌,2024-08-22,24.2,50,7.1,78
札幌,2024-08-23,29.5,80,5.3,76
札幌,2024-08-24,25.4,20,5.8,76
札幌,2024-08-25,25.2,0,5.9,68
札幌,2024-08-26,25.2,10,5.2,76
札幌,2024-08-27,23.3,90,1.0,92
札幌,2024-08-28,24.4,10,1.2,76
札幌,2024-08-29,26.2,0,5.1,73
札幌,2024-08-30,26.1,20,5.7,80
札幌,2024-08-31,24.5,70,2.8,84
札幌,2024-09-01,26.1,0,1.3,56
札幌,2024-09-02,23.7,10,2.4,72
札幌,2024-09-03,24.2,0,3.2,61
札幌,2024-09-04,24.2,0,5.1,67
札幌,2024-09-05,24.6,0,7.1,75
札幌,2024-09-06,22.2,10,4.7,65
札幌,2024-09-07,23.0,0,1.9,56
札幌,2024-09-08,26.5,0,1.6,55
札幌,2024-09-09,23.0,0,3.6,52
札幌,2024-09-10,24.7,0,8.1,72
札幌,2024-09-11,20.9,30,1.4,76
札幌,2024-09-12,22.9,0,2.5,62
札幌,2024-09-13,21.9,20,4.0,65
札幌,2024-09-14,19.8,20,3.7,58
札幌,2024-09-15,18.4,30,5.9,74
札幌,2024-09-16,20.0,0,2.4,58
札幌,2024-09-17,22.1,0,2.7,68
札幌,2024-09-18,22.2,0,3.4,62
札幌,2024-09-19,20.1,0,4.7,66
札幌,2024-09-20,17.4,30,8.3,68
札幌,2024-09-21,15.3,0,2.0,57
札幌,2024-09-22,14.5,0,1.0,70
札幌,2024-09-23,17.0,0,2.7,60
札幌,2024-09-24,18.9,0,5.1,61
札幌,2024-09-25,18.5,0,7.3,60
札幌,2024-09-26,21.2,20,5.7,70
札幌,2024-09-27,20.2,50,3.9,82
札幌,2024-09-28,19.5,0,5.6,72
札幌,2024-09-29,18.7,0,1.4,67
札幌,2024-09-30,19.6,0,6.3,68
札幌,2024-10-01,22.7,0,3.1,59
札幌,2024-10-02,18.4,60,4.4,84
札幌,2024-10-03,16.0,0,1.0,56
札幌,2024-10-04,14.4,100,1.4,86
札幌,2024-10-05,17.8,0,5.2,66
札幌,2024-10-06,20.0,10,2.4,62
札幌,2024-10-07,15.6,80,2.2,89
札幌,2024-10-08,15.9,30,5.0,64
札幌,2024-10-09,14.7,0,2.6,56
札幌,2024-10-10,15.7,0,1.8,54
札幌,2024-10-11,14.9,0,3.1,59
札幌,2024-10-12,16.7,40,2.4,70
札幌,2024-10-13,14.7,0,6.1,48
札幌,2024-10-14,16.0,0,5.0,59
札幌,2024-10-15,19.0,20,7.3,74
札幌,2024-10-16,14.0,0,5.7,59
札幌,2024-10-17,15.6,0,3.1,60
札幌,2024-10-18,16.4,0,7.4,64
札幌,2024-10-19,12.8,100,8.0,82
札幌,2024-10-20,8.3,0,6.3,48
札幌,2024-10-21,12.1,0,6.0,62
札幌,2024-10-22,16.9,10,5.0,73
札幌,2024-10-23,17.8,100,8.9,94
札幌,2024-10-24,15.5,0,3.8,62
札幌,2024-10-25,13.2,0,3.7,60
札幌,2024-10-26,13.5,0,3.9,64
札幌,2024-10-27,12.9,0,3.8,81
札幌,2024-10-28,9.2,100,7.3,75
札幌,2024-10-29,11.2,0,2.0,59
札幌,2024-10-30,10.7,0,2.1,66
札幌,2024-10-31,12.2,0,4.3,60
札幌,2024-11-01,12.0,40,1.4,91
札幌,2024-11-02,12.4,20,3.1,80
札幌,2024-11-03,9.5,20,4.7,73
札幌,2024-11-04,12.2,70,5.1,80
札幌,2024-11-05,7.3,0,5.2,48
札幌,2024-11-06,5.6,40,1.8,68
札幌,2024-11-07,2.8,100,6.3,82
札幌,2024-11-08,5.3,0,1.8,60
札幌,2024-11-09,6.5,0,1.7,68
札幌,2024-11-10,10.4,0,5.6,74
札幌,2024-11-11,9.0,0,5.6,62
札幌,2024-11-12,8.9,40,2.9,74
札幌,2024-11-13,5.4,10,2.6,61
札幌,2024-11-14,5.5,0,1.9,61
札幌,2024-11-15,9.1,40,3.8,85
札幌,2024-11-16,9.4,0,4.8,73
札幌,2024-11-17,9.5,100,4.2,88
札幌,2024-11-18,0.7,10,3.8,56
札幌,2024-11-19,-0.4,0,2.2,65
札幌,2024-11-20,5.9,20,2.3,67
札幌,2024-11-21,5.9,0,1.7,71
札幌,2024-11-22,4.3,10,0.9,71
札幌,2024-11-23,4.2,0,3.7,64
札幌,2024-11-24,1.8,20,4.6,70
札幌,2024-11-25,3.4,0,2.1,65
札幌,2024-11-26,5.3,0,4.7,65
札幌,2024-11-27,10.5,0,2.0,83
札幌,2024-11-28,4.1,30,1.6,81
札幌,2024-11-29,1.9,30,1.8,60
札幌,2024-11-30,1.4,20,2.3,58
札幌,2024-12-01,3.0,0,3.2,59
札幌,2024-12-02,3.8,0,3.2,62
札幌,2024-12-03,3.6,0,3.5,63
札幌,2024-12-04,-1.0,20,1.8,74
札幌,2024-12-05,0.8,0,2.5,66
札幌,2024-12-06,-1.0,40,2.1,62
札幌,2024-12-07,-2.6,0,1.3,63
札幌,2024-12-08,-1.8,100,4.7,71
札幌,2024-12-09,-0.6,50,5.2,73
札幌,2024-12-10,0.8,0,2.5,55
札幌,2024-12-11,-2.1,50,4.4,62
札幌,2024-12-12,-4.0,50,4.3,74
札幌,2024-12-13,-4.4,50,0.8,81
札幌,2024-12-14,-5.2,40,1.8,74
札幌,2024-12-15,-3.6,50,1.8,81
札幌,2024-12-16,-5.7,0,1.2,68
札幌,2024-12-17,-6.5,0,1.5,79
札幌,2024-12-18,-5.8,60,1.8,70
札幌,2024-12-19,-3.5,10,1.3,85
札幌,2024-12-20,-3.7,0,3.1,69
札幌,2024-12-21,-7.2,0,0.5,71
札幌,2024-12-22,-6.8,0,0.4,71
札幌,2024-12-23,-5.0,0,2.1,76
札幌,2024-12-24,-3.8,20,2.9,81
札幌,2024-12-25,-2.6,0,2.1,78
札幌,2024-12-26,-0.8,30,1.8,80
札幌,2024-12-27,-6.8,0,2.1,69
札幌,2024-12-28,-5.8,0,1.8,67
札幌,2024-12-29,-5.6,60,2.6,73
札幌,2024-12-30,-4.4,0,1.8,80
札幌,2024-12-31,-5.6,50,1.4,89
東京,2019-01-01,7.5,0,2.6,49
東京,2019-01-02,7.3,0,5.4,51
東京,2019-01-03,6.6,0,7.6,47
東京,2019-01-04,7.3,0,2.3,55
東京,2019-01-05,9.3,0,2.5,58
東京,2019-01-06,5.3,0,4.3,53
東京,2019-01-07,7.2,0,7.3,45
東京,2019-01-08,6.1,0,2.5,69
東京,2019-01-09,5.1,0,8.2,42
東京,2019-01-10,3.0,0,2.5,62
東京,2019-01-11,8.5,0,8.9,46
東京,2019-01-12,4.0,20,2.8,74
東京,2019-01-13,7.5,0,4.2,56
東京,2019-01-14,6.3,0,3.2,60
東京,2019-01-15,5.9,20,3.2,80
東京,2019-01-16,7.5,0,6.9,47
東京,2019-01-17,7.8,0,2.9,55
東京,2019-01-18,6.4,0,7.5,37
東京,2019-01-19,8.9,0,2.8,45
東京,2019-01-20,5.4,0,3.0,64
東京,2019-01-21,7.1,0,4.3,40
東京,2019-01-22,6.3,0,6.6,48
東京,2019-01-23,7.5,0,3.1,56
東京,2019-01-24,6.5,0,10.0,38
東京,2019-01-25,6.6,0,3.6,46
東京,2019-01-26,5.4,0,9.1,40
東京,2019-01-27,6.5,0,8.2,38
東京,2019-01-28,8.1,0,6.5,47
東京,2019-01-29,7.3,0,10.1,34
東京,2019-01-30,6.4,0,2.2,58
東京,2019-01-31,6.7,30,2.8,66
東京,2019-02-01,4.8,0,9.5,40
東京,2019-02-02,9.6,0,2.9,53
東京,2019-02-03,10.2,0,3.5,59
東京,2019-02-04,14.1,0,9.2,46
東京,2019-02-05,6.6,0,2.5,53
東京,2019-02-06,6.9,80,4.4,81
東京,2019-02-07,12.1,0,5.0,73
東京,2019-02-08,5.6,0,8.3,39
東京,2019-02-09,1.1,100,4.8,81
東京,2019-02-10,4.6,0,6.8,43
東京,2019-02-11,2.7,40,3.0,82
東京,2019-02-12,7.4,0,4.7,44
東京,2019-02-13,6.7,0,4.0,54
東京,2019-02-14,5.7,0,7.3,38
東京,2019-02-15,3.2,20,2.7,69
東京,2019-02-16,9.5,0,5.2,45
東京,2019-02-17,8.4,0,6.2,34
東京,2019-02-18,11.0,0,2.9,40
東京,2019-02-19,10.3,60,4.1,67
東京,2019-02-20,14.5,10,4.3,72
東京,2019-02-21,11.6,0,7.2,43
東京,2019-02-22,10.6,0,3.5,61
東京,2019-02-23,9.8,0,9.1,40
東京,2019-02-24,10.2,0,4.5,49
東京,2019-02-25,12.3,10,2.4,72
東京,2019-02-26,9.3,0,3.3,63
東京,2019-02-27,9.1,0,2.5,50
東京,2019-02-28,7.3,100,3.8,87
東京,2019-03-01,8.9,10,1.8,74
東京,2019-03-02,11.6,0,5.4,40
東京,2019-03-03,6.1,100,5.2,80
東京,2019-03-04,8.8,100,8.5,84
東京,2019-03-05,12.2,0,3.5,55
東京,2019-03-06,11.9,0,4.1,80
東京,2019-03-07,9.3,100,4.0,82
東京,2019-03-08,9.1,0,9.2,40
東京,2019-03-09,11.8,0,7.1,53
東京,2019-03-10,13.4,20,2.1,66
東京,2019-03-11,14.0,30,5.3,68
東京,2019-03-12,13.3,0,2.8,53
東京,2019-03-13,14.7,10,5.2,43
東京,2019-03-14,10.1,0,3.1,43
東京,2019-03-15,11.0,0,4.9,46
東京,2019-03-16,10.3,30,3.5,64
東京,2019-03-17,10.2,0,4.2,52
東京,2019-03-18,10.9,0,5.1,43
東京,2019-03-19,13.8,0,1.9,58
東京,2019-03-20,16.5,0,3.5,44
東京,2019-03-21,17.9,20,11.9,70
東京,2019-03-22,15.6,10,9.7,46
東京,2019-03-23,5.3,100,2.9,67
東京,2019-03-24,10.8,0,5.1,40
東京,2019-03-25,11.0,0,3.0,58
東京,2019-03-26,11.2,40,2.0,64
東京,2019-03-27,16.1,10,8.7,43
東京,2019-03-28,14.1,30,4.4,48
東京,2019-03-29,8.4,0,3.6,58
東京,2019-03-30,11.4,0,4.2,75
東京,2019-03-31,12.1,20,2.9,71
東京,2019-04-01,10.8,40,2.8,43
東京,2019-04-02,9.8,10,5.2,39
東京,2019-04-03,10.8,0,8.1,31
東京,2019-04-04,12.9,0,4.8,44
東京,2019-04-05,17.6,0,9.3,42
東京,2019-04-06,18.0,0,2.2,39
東京,2019-04-07,17.8,0,2.6,58
東京,2019-04-08,10.9,60,4.1,64
東京,2019-04-09,13.7,0,8.1,34
東京,2019-04-10,4.2,100,6.1,93
東京,2019-04-11,13.1,0,11.9,43
東京,2019-04-12,10.1,0,2.5,50
東京,2019-04-13,13.9,0,3.2,41
東京,2019-04-14,16.4,0,7.0,54
東京,2019-04-15,18.2,0,9.0,37
東京,2019-04-16,16.9,0,4.7,43
東京,2019-04-17,17.1,0,4.4,62
東京,2019-04-18,18.9,0,3.6,52
東京,2019-04-19,20.0,10,2.2,62
東京,2019-04-20,15.4,0,4.8,57
東京,2019-04-21,19.1,0,3.2,62
東京,2019-04-22,21.4,0,3.5,62
東京,2019-04-23,20.5,0,5.2,48
東京,2019-04-24,19.9,60,8.2,77
東京,2019-04-25,22.5,10,2.9,80
東京,2019-04-26,12.5,40,5.1,81
東京,2019-04-27,12.2,70,6.6,61
東京,2019-04-28,15.3,0,4.7,42
東京,2019-04-29,16.4,0,5.1,55
東京,2019-04-30,16.3,90,5.7,82
東京,2019-05-01,20.7,40,3.2,74
東京,2019-05-02,19.3,40,1.7,68
東京,2019-05-03,21.0,0,3.3,53
東京,2019-05-04,19.8,20,2.8,63
東京,2019-05-05,21.1,0,4.5,63
東京,2019-05-06,19.8,0,6.9,65
東京,2019-05-07,16.2,10,6.3,47
東京,2019-05-08,18.8,0,8.3,43
東京,2019-05-09,19.8,0,8.0,52
東京,2019-05-10,23.3,0,3.2,42
東京,2019-05-11,23.4,0,4.0,47
東京,2019-05-12,19.4,0,5.0,59
東京,2019-05-13,19.2,10,4.0,63
東京,2019-05-14,18.6,90,5.7,83
東京,2019-05-15,20.0,30,4.6,66
東京,2019-05-16,21.7,10,3.9,54
東京,2019-05-17,21.9,0,5.0,56
東京,2019-05-18,22.0,0,5.2,54
東京,2019-05-19,21.5,0,5.3,59
東京,2019-05-20,21.8,0,7.5,60
東京,2019-05-21,21.0,90,11.0,91
東京,2019-05-22,21.2,0,3.4,59
東京,2019-05-23,23.7,0,3.3,43
東京,2019-05-24,25.1,0,2.5,54
東京,2019-05-25,26.6,0,4.2,51
東京,2019-05-26,27.2,0,3.7,57
東京,2019-05-27,27.0,0,5.3,60
東京,2019-05-28,23.2,60,10.2,62
東京,2019-05-29,22.3,70,5.5,70
東京,2019-05-30,22.8,0,5.5,50
東京,2019-05-31,22.1,10,6.5,72
東京,2019-06-01,23.3,30,4.8,63
東京,2019-06-02,23.3,0,3.5,66
東京,2019-06-03,23.8,10,4.9,62
東京,2019-06-04,24.8,0,5.1,60
東京,2019-06-05,24.2,0,4.7,67
東京,2019-06-06,28.0,0,3.0,58
東京,2019-06-07,21.7,80,3.5,87
東京,2019-06-08,23.2,80,3.7,76
東京,2019-06-09,19.0,40,4.8,78
東京,2019-06-10,18.0,100,7.3,91
東京,2019-06-11,20.8,0,6.2,61
東京,2019-06-12,20.5,0,2.9,66
東京,2019-06-13,23.2,0,5.1,65
東京,2019-06-14,23.9,0,6.2,61
東京,2019-06-15,18.3,100,6.9,88
東京,2019-06-16,27.6,0,5.9,53
東京,2019-06-17,25.7,0,6.6,42
東京,2019-06-18,24.8,10,4.3,60
東京,2019-06-19,25.7,0,3.9,64
東京,2019-06-20,25.5,50,2.8,63
東京,2019-06-21,26.1,30,6.5,67
東京,2019-06-22,23.3,100,4.2,77
東京,2019-06-23,22.5,50,3.7,80
東京,2019-06-24,20.8,80,4.5,80
東京,2019-06-25,23.9,60,4.2,71
東京,2019-06-26,25.8,0,6.1,66
東京,2019-06-27,26.6,20,7.3,74
東京,2019-06-28,28.4,10,2.4,75
東京,2019-06-29,22.0,70,3.2,83
東京,2019-06-30,24.1,90,4.2,86
東京,2019-07-01,24.7,60,2.8,85
東京,2019-07-02,25.5,60,2.8,85
東京,2019-07-03,27.0,0,4.1,71
東京,2019-07-04,23.7,90,5.2,84
東京,2019-07-05,24.0,10,2.7,72
東京,2019-07-06,22.1,90,5.5,82
東京,2019-07-07,21.4,90,8.0,81
東京,2019-07-08,22.2,0,4.8,71
東京,2019-07-09,20.7,50,3.5,74
東京,2019-07-10,23.0,10,4.3,68
東京,2019-07-11,21.8,30,1.6,68
東京,2019-07-12,22.2,60,4.4,83
東京,2019-07-13,25.2,70,4.0,80
東京,2019-07-14,22.8,70,5.0,84
東京,2019-07-15,23.9,50,4.3,77
東京,2019-07-16,22.8,100,2.6,82
東京,2019-07-17,26.3,40,2.7,75
東京,2019-07-18,27.3,30,4.2,77
東京,2019-07-19,28.3,10,3.1,77
東京,2019-07-20,26.7,40,2.9,85
東京,2019-07-21,26.5,20,4.4,83
東京,2019-07-22,25.2,30,1.6,83
東京,2019-07-23,27.2,80,3.0,78
東京,2019-07-24,28.7,30,4.0,74
東京,2019-07-25,29.4,10,4.4,72
東京,2019-07-26,29.7,0,7.8,65
東京,2019-07-27,29.3,30,10.0,75
東京,2019-07-28,29.1,10,4.1,80
東京,2019-07-29,30.9,20,3.5,72
東京,2019-07-30,31.0,10,4.4,73
東京,2019-07-31,31.8,0,3.7,73
東京,2019-08-01,32.8,20,3.1,67
東京,2019-08-02,31.9,10,4.0,70
東京,2019-08-03,30.8,0,4.3,70
東京,2019-08-04,31.0,0,3.6,61
東京,2019-08-05,31.6,0,4.5,61
東京,2019-08-06,31.3,0,5.8,66
東京,2019-08-07,32.0,0,4.8,65
東京,2019-08-08,32.2,0,5.3,64
東京,2019-08-09,32.6,0,4.9,60
東京,2019-08-10,32.1,0,5.5,57
東京,2019-08-11,32.5,0,4.8,55
東京,2019-08-12,31.5,30,3.8,61
東京,2019-08-13,32.0,20,3.5,63
東京,2019-08-14,30.4,100,5.2,73
東京,2019-08-15,30.0,100,9.9,75
東京,2019-08-16,28.6,10,11.8,78
東京,2019-08-17,31.8,0,3.4,65
東京,2019-08-18,32.6,0,3.0,57
東京,2019-08-19,30.2,100,4.7,68
東京,2019-08-20,30.0,100,4.3,75
東京,2019-08-21,29.1,30,3.4,74
東京,2019-08-22,28.8,0,1.3,70
東京,2019-08-23,27.5,90,2.1,83
東京,2019-08-24,29.0,0,2.6,62
東京,2019-08-25,28.0,0,2.7,61
東京,2019-08-26,26.6,60,3.0,69
東京,2019-08-27,27.4,10,2.1,72
東京,2019-08-28,26.7,80,6.1,85
東京,2019-08-29,30.5,0,5.1,68
東京,2019-08-30,26.8,40,6.4,85
東京,2019-08-31,29.4,20,2.6,70
東京,2019-09-01,29.6,0,2.3,62
東京,2019-09-02,29.6,0,4.0,68
東京,2019-09-03,27.6,100,4.6,77
東京,2019-09-04,24.7,20,3.7,79
東京,2019-09-05,27.7,10,1.9,68
東京,2019-09-06,29.8,0,3.7,66
東京,2019-09-07,30.5,0,3.6,63
東京,2019-09-08,30.8,50,4.8,68
東京,2019-09-09,31.4,10,4.3,68
東京,2019-09-10,31.9,0,1.9,67
東京,2019-09-11,29.3,0,3.8,77
東京,2019-09-12,26.3,10,4.2,61
東京,2019-09-13,23.0,10,3.4,68
東京,2019-09-14,23.2,30,3.6,74
東京,2019-09-15,27.3,0,4.8,59
東京,2019-09-16,24.6,50,5.9,85
東京,2019-09-17,28.0,10,4.3,66
東京,2019-09-18,22.6,100,2.4,76
東京,2019-09-19,24.3,0,3.1,60
東京,2019-09-20,23.8,0,2.4,59
東京,2019-09-21,23.0,10,3.5,69
東京,2019-09-22,24.9,10,4.1,69
東京,2019-09-23,28.5,60,13.4,78
東京,2019-09-24,26.9,30,2.7,68
東京,2019-09-25,25.1,0,2.1,62
東京,2019-09-26,24.0,0,3.4,63
東京,2019-09-27,24.7,0,2.6,66
東京,2019-09-28,26.0,0,5.1,62
東京,2019-09-29,25.6,0,3.6,75
東京,2019-09-30,26.8,0,3.6,62
東京,2019-10-01,26.4,0,2.0,58
東京,2019-10-02,25.6,0,2.2,63
東京,2019-10-03,25.8,20,5.4,65
東京,2019-10-04,26.5,0,9.6,67
東京,2019-10-05,27.7,0,3.7,54
東京,2019-10-06,21.0,50,6.0,80
東京,2019-10-07,22.0,0,3.2,66
東京,2019-10-08,25.0,0,6.7,75
東京,2019-10-09,22.0,0,5.7,48
東京,2019-10-10,22.1,0,4.6,62
東京,2019-10-11,21.2,50,5.2,86
東京,2019-10-12,24.6,100,13.7,92
東京,2019-10-13,24.6,0,9.9,56
東京,2019-10-14,17.1,100,6.1,83
東京,2019-10-15,19.3,0,4.2,70
東京,2019-10-16,17.2,10,2.7,66
東京,2019-10-17,17.3,60,3.2,76
東京,2019-10-18,18.4,30,4.5,77
東京,2019-10-19,21.3,20,5.4,84
東京,2019-10-20,21.8,0,3.6,76
東京,2019-10-21,18.4,20,4.7,75
東京,2019-10-22,15.8,70,9.4,80
東京,2019-10-23,21.3,0,2.1,65
東京,2019-10-24,19.2,10,6.3,73
東京,2019-10-25,15.7,100,10.7,91
東京,2019-10-26,22.0,0,3.4,70
東京,2019-10-27,19.7,40,2.8,76
東京,2019-10-28,18.6,0,3.8,62
東京,2019-10-29,14.5,100,4.1,88
東京,2019-10-30,18.5,0,1.3,78
東京,2019-10-31,18.8,0,1.5,71
東京,2019-11-01,19.1,0,2.0,67
東京,2019-11-02,16.7,0,2.2,57
東京,2019-11-03,17.3,10,2.2,76
東京,2019-11-04,16.8,0,4.3,58
東京,2019-11-05,15.8,0,1.8,56
東京,2019-11-06,17.2,0,1.4,64
東京,2019-11-07,18.0,0,5.7,65
東京,2019-11-08,15.9,0,2.8,54
東京,2019-11-09,14.1,0,2.1,63
東京,2019-11-10,16.0,0,2.3,58
東京,2019-11-11,15.6,0,2.7,78
東京,2019-11-12,18.0,0,8.2,50
東京,2019-11-13,12.7,40,3.0,69
東京,2019-11-14,17.0,0,5.8,64
東京,2019-11-15,14.2,0,1.7,62
東京,2019-11-16,15.0,0,1.4,58
東京,2019-11-17,15.5,0,6.6,53
東京,2019-11-18,16.4,10,7.7,69
東京,2019-11-19,17.2,0,3.7,68
東京,2019-11-20,12.4,0,8.8,44
東京,2019-11-21,12.3,0,4.0,54
東京,2019-11-22,7.6,100,6.5,86
東京,2019-11-23,11.4,100,8.9,89
東京,2019-11-24,18.3,10,4.3,85
東京,2019-11-25,17.6,30,5.2,80
東京,2019-11-26,8.3,30,4.2,80
東京,2019-11-27,9.6,60,2.7,84
東京,2019-11-28,8.9,100,3.9,76
東京,2019-11-29,6.8,0,3.5,55
東京,2019-11-30,8.4,0,4.9,56
東京,2019-12-01,8.4,0,2.0,76
東京,2019-12-02,11.9,80,5.5,90
東京,2019-12-03,13.2,30,3.0,55
東京,2019-12-04,11.7,0,2.1,55
東京,2019-12-05,10.8,0,1.6,57
東京,2019-12-06,7.8,0,3.9,60
東京,2019-12-07,3.5,70,3.6,87
東京,2019-12-08,9.3,0,4.6,59
東京,2019-12-09,7.2,0,5.1,72
東京,2019-12-10,12.2,0,2.1,81
東京,2019-12-11,13.2,10,2.6,84
東京,2019-12-12,13.7,0,6.1,58
東京,2019-12-13,7.8,0,1.8,55
東京,2019-12-14,10.6,0,3.1,68
東京,2019-12-15,9.4,0,6.5,54
東京,2019-12-16,8.2,0,2.3,68
東京,2019-12-17,8.9,40,3.3,91
東京,2019-12-18,12.5,0,5.8,73
東京,2019-12-19,8.5,70,3.5,81
東京,2019-12-20,11.4,0,3.1,65
東京,2019-12-21,7.0,10,4.2,82
東京,2019-12-22,7.9,40,4.7,86
東京,2019-12-23,8.9,0,2.6,76
東京,2019-12-24,9.1,0,6.6,53
東京,2019-12-25,6.2,0,2.5,65
東京,2019-12-26,8.0,0,3.9,77
東京,2019-12-27,10.0,0,9.5,59
東京,2019-12-28,7.5,0,7.5,47
東京,2019-12-29,7.7,0,1.8,54
東京,2019-12-30,5.6,70,3.1,84
東京,2019-12-31,9.8,0,9.6,68
東京,2020-01-01,6.6,0,2.0,54
東京,2020-01-02,8.8,0,2.5,61
東京,2020-01-03,7.7,0,2.0,67
東京,2020-01-04,9.0,0,5.0,54
東京,2020-01-05,7.0,0,6.2,52
東京,2020-01-06,8.7,0,5.5,50
東京,2020-01-07,6.4,50,3.3,72
東京,2020-01-08,5.1,50,4.6,94
東京,2020-01-09,11.3,0,7.4,49
東京,2020-01-10,9.2,0,4.8,62
東京,2020-01-11,7.7,0,2.1,72
東京,2020-01-12,7.0,60,2.8,76
東京,2020-01-13,9.4,0,1.2,69
東京,2020-01-14,9.4,0,1.4,71
東京,2020-01-15,7.5,30,3.8,82
東京,2020-01-16,7.8,0,1.8,52
東京,2020-01-17,7.7,0,3.9,63
東京,2020-01-18,2.3,100,6.1,86
東京,2020-01-19,7.7,0,2.7,61
東京,2020-01-20,10.2,0,1.3,61
東京,2020-01-21,7.8,0,9.4,47
東京,2020-01-22,4.3,0,3.2,69
東京,2020-01-23,5.5,100,2.9,85
東京,2020-01-24,10.4,20,1.0,84
東京,2020-01-25,7.0,0,2.8,54
東京,2020-01-26,4.8,30,1.8,74
東京,2020-01-27,5.6,20,3.4,70
東京,2020-01-28,4.7,100,8.0,91
東京,2020-01-29,15.0,0,3.3,70
東京,2020-01-30,13.9,10,2.2,59
東京,2020-01-31,8.2,0,10.5,47
東京,2020-02-01,9.4,0,6.1,46
東京,2020-02-02,10.0,0,4.9,49
東京,2020-02-03,10.2,0,3.6,62
東京,2020-02-04,9.1,0,3.2,54
東京,2020-02-05,9.7,0,4.6,51
東京,2020-02-06,2.8,0,12.1,36
東京,2020-02-07,3.1,0,2.3,55
東京,2020-02-08,8.2,0,5.0,51
東京,2020-02-09,4.4,0,9.1,40
東京,2020-02-10,5.2,0,1.8,59
東京,2020-02-11,7.6,0,5.1,48
東京,2020-02-12,9.7,0,3.7,63
東京,2020-02-13,12.1,30,2.9,74
東京,2020-02-14,14.0,30,1.9,70
東京,2020-02-15,14.1,0,2.0,60
東京,2020-02-16,9.7,100,2.3,90
東京,2020-02-17,12.8,60,3.4,74
東京,2020-02-18,9.3,10,4.6,35
東京,2020-02-19,9.9,0,3.5,46
東京,2020-02-20,10.4,0,1.8,57
東京,2020-02-21,10.7,0,3.1,55
東京,2020-02-22,14.2,20,9.4,68
東京,2020-02-23,11.7,10,7.0,40
東京,2020-02-24,11.8,0,3.0,50
東京,2020-02-25,12.1,0,2.1,62
東京,2020-02-26,8.6,0,4.5,81
東京,2020-02-27,8.1,0,10.7,40
東京,2020-02-28,7.9,0,3.3,49
東京,2020-02-29,10.3,0,2.3,64
東京,2020-03-01,14.1,0,3.4,54
東京,2020-03-02,6.4,80,5.9,85
東京,2020-03-03,13.5,0,5.3,50
東京,2020-03-04,8.8,60,4.5,80
東京,2020-03-05,10.0,10,11.5,38
東京,2020-03-06,10.7,0,6.5,42
東京,2020-03-07,8.3,10,3.7,65
東京,2020-03-08,8.4,100,4.6,85
東京,2020-03-09,15.6,0,5.5,74
東京,2020-03-10,15.1,80,4.4,90
東京,2020-03-11,16.8,10,4.8,54
東京,2020-03-12,12.3,0,5.0,47
東京,2020-03-13,14.2,0,4.2,60
東京,2020-03-14,4.4,100,5.9,89
東京,2020-03-15,9.1,0,3.6,53
東京,2020-03-16,9.0,10,10.4,44
東京,2020-03-17,9.4,0,5.0,51
東京,2020-03-18,14.1,0,2.7,50
東京,2020-03-19,16.2,0,7.3,63
東京,2020-03-20,15.9,0,5.9,34
東京,2020-03-21,16.0,0,4.1,51
東京,2020-03-22,19.2,0,8.2,52
東京,2020-03-23,9.8,0,4.3,58
東京,2020-03-24,9.4,0,10.4,36
東京,2020-03-25,11.8,0,3.4,41
東京,2020-03-26,14.4,0,3.5,52
東京,2020-03-27,17.4,0,9.4,69
東京,2020-03-28,17.8,40,5.8,70
東京,2020-03-29,2.1,70,6.2,97
東京,2020-03-30,9.9,0,2.4,64
東京,2020-03-31,10.6,20,3.3,74
東京,2020-04-01,12.1,90,5.7,91
東京,2020-04-02,15.0,0,12.4,40
東京,2020-04-03,14.2,0,4.5,50
東京,2020-04-04,17.2,0,7.1,57
東京,2020-04-05,10.6,50,5.3,70
東京,2020-04-06,14.1,20,3.0,50
東京,2020-04-07,13.6,0,2.2,45
東京,2020-04-08,15.8,0,3.5,58
東京,2020-04-09,15.3,20,5.9,50
東京,2020-04-10,12.8,0,8.9,41
東京,2020-04-11,13.4,0,4.9,43
東京,2020-04-12,12.0,10,3.9,68
東京,2020-04-13,9.1,100,11.5,88
東京,2020-04-14,13.4,0,10.2,44
東京,2020-04-15,16.2,0,6.5,56
東京,2020-04-16,13.5,10,6.1,62
東京,2020-04-17,13.6,0,3.3,60
東京,2020-04-18,15.5,80,8.8,83
東京,2020-04-19,17.8,0,8.9,52
東京,2020-04-20,10.3,100,5.1,86
東京,2020-04-21,16.0,0,2.2,75
東京,2020-04-22,15.1,20,4.6,57
東京,2020-04-23,13.9,20,3.6,50
東京,2020-04-24,14.5,20,4.2,52
東京,2020-04-25,15.0,0,8.3,50
東京,2020-04-26,20.2,0,10.1,48
東京,2020-04-27,14.8,60,3.6,66
東京,2020-04-28,15.2,20,3.0,66
東京,2020-04-29,17.6,0,5.8,59
東京,2020-04-30,20.0,0,4.1,63
東京,2020-05-01,21.8,0,6.1,62
東京,2020-05-02,22.9,0,5.3,63
東京,2020-05-03,21.9,0,10.1,64
東京,2020-05-04,19.6,30,4.0,81
東京,2020-05-05,23.8,50,5.2,61
東京,2020-05-06,19.6,20,3.4,75
東京,2020-05-07,18.7,0,8.4,43
東京,2020-05-08,17.9,0,4.7,43
東京,2020-05-09,19.0,0,7.5,64
東京,2020-05-10,23.2,0,10.9,77
東京,2020-05-11,25.1,0,4.3,67
東京,2020-05-12,22.6,0,4.6,72
東京,2020-05-13,24.8,10,4.1,51
東京,2020-05-14,22.5,0,6.4,46
東京,2020-05-15,23.2,0,7.0,50
東京,2020-05-16,18.5,90,7.0,82
東京,2020-05-17,24.2,0,3.6,63
東京,2020-05-18,20.9,70,4.3,82
東京,2020-05-19,19.5,70,8.6,83
東京,2020-05-20,14.6,30,5.4,78
東京,2020-05-21,14.8,30,3.8,76
東京,2020-05-22,18.0,10,5.6,76
東京,2020-05-23,20.8,20,4.6,73
東京,2020-05-24,22.9,10,6.3,64
東京,2020-05-25,23.0,10,4.1,68
東京,2020-05-26,22.0,80,3.9,84
東京,2020-05-27,22.8,40,2.7,75
東京,2020-05-28,21.9,10,3.3,59
東京,2020-05-29,23.3,0,3.2,53
東京,2020-05-30,24.4,0,4.4,56
東京,2020-05-31,22.0,30,5.4,70
東京,2020-06-01,21.2,60,2.1,82
東京,2020-06-02,24.1,60,5.2,77
東京,2020-06-03,25.7,0,2.8,63
東京,2020-06-04,25.4,0,4.7,66
東京,2020-06-05,26.8,0,5.3,60
東京,2020-06-06,27.0,20,3.4,61
東京,2020-06-07,25.1,0,5.2,47
東京,2020-06-08,25.2,50,4.5,62
東京,2020-06-09,28.2,0,6.8,52
東京,2020-06-10,28.6,0,11.4,46
東京,2020-06-11,27.1,60,12.8,73
東京,2020-06-12,28.6,50,2.8,72
東京,2020-06-13,21.4,100,5.2,87
東京,2020-06-14,23.2,50,2.1,85
東京,2020-06-15,29.6,0,3.2,60
東京,2020-06-16,26.6,0,6.1,61
東京,2020-06-17,25.6,0,4.9,57
東京,2020-06-18,23.5,10,2.4,72
東京,2020-06-19,19.8,100,5.2,83
東京,2020-06-20,24.9,30,4.2,65
東京,2020-06-21,23.6,60,3.1,70
東京,2020-06-22,20.4,100,8.4,84
東京,2020-06-23,24.4,10,4.4,75
東京,2020-06-24,24.0,20,5.1,77
東京,2020-06-25,22.4,40,3.5,82
東京,2020-06-26,26.7,0,3.0,78
東京,2020-06-27,27.3,0,3.0,77
東京,2020-06-28,22.8,50,4.2,86
東京,2020-06-29,26.5,30,4.5,64
東京,2020-06-30,25.0,70,9.3,84
東京,2020-07-01,25.5,70,11.4,86
東京,2020-07-02,28.1,0,10.2,60
東京,2020-07-03,25.1,60,4.0,74
東京,2020-07-04,26.4,70,9.8,79
東京,2020-07-05,25.6,50,5.4,83
東京,2020-07-06,25.1,80,9.3,87
東京,2020-07-07,27.2,20,11.5,83
東京,2020-07-08,26.3,50,10.8,82
東京,2020-07-09,25.1,90,7.7,83
東京,2020-07-10,26.8,10,6.1,81
東京,2020-07-11,27.9,10,10.6,80
東京,2020-07-12,29.3,20,4.1,67
東京,2020-07-13,22.1,60,4.9,80
東京,2020-07-14,24.5,90,2.6,86
東京,2020-07-15,22.5,60,4.5,84
東京,2020-07-16,23.1,0,2.6,75
東京,2020-07-17,20.8,100,3.6,86
東京,2020-07-18,22.1,70,2.9,87
東京,2020-07-19,27.0,0,4.1,77
東京,2020-07-20,28.8,30,2.7,75
東京,2020-07-21,26.8,30,4.3,80
東京,2020-07-22,27.5,90,2.4,84
東京,2020-07-23,24.1,90,2.9,84
東京,2020-07-24,26.4,40,2.8,78
東京,2020-07-25,26.5,60,5.8,86
東京,2020-07-26,27.6,10,5.5,80
東京,2020-07-27,28.7,10,6.5,77
東京,2020-07-28,28.0,50,3.0,82
東京,2020-07-29,24.2,100,4.0,80
東京,2020-07-30,23.9,40,2.3,80
東京,2020-07-31,27.0,100,2.7,78
東京,2020-08-01,28.1,60,4.5,68
東京,2020-08-02,28.5,30,3.4,64
東京,2020-08-03,28.7,0,3.7,68
東京,2020-08-04,29.7,10,4.2,72
東京,2020-08-05,30.4,0,3.7,70
東京,2020-08-06,29.6,10,6.6,71
東京,2020-08-07,31.1,0,5.6,66
東京,2020-08-08,30.4,40,4.3,68
東京,2020-08-09,31.3,0,3.1,68
東京,2020-08-10,32.6,10,3.1,66
東京,2020-08-11,33.4,0,8.1,60
東京,2020-08-12,32.8,50,1.9,66
東京,2020-08-13,32.6,50,2.5,63
東京,2020-08-14,32.4,0,3.9,58
東京,2020-08-15,34.0,0,2.6,60
東京,2020-08-16,33.7,50,4.1,59
東京,2020-08-17,34.0,0,5.6,56
東京,2020-08-18,32.9,50,4.6,56
東京,2020-08-19,32.1,0,4.6,54
東京,2020-08-20,33.0,0,5.3,54
東京,2020-08-21,33.8,10,5.1,54
東京,2020-08-22,33.2,30,4.7,51
東京,2020-08-23,26.8,30,2.2,81
東京,2020-08-24,29.1,50,3.9,70
東京,2020-08-25,29.5,0,3.1,65
東京,2020-08-26,30.3,0,3.7,67
東京,2020-08-27,31.2,40,5.0,66
東京,2020-08-28,31.6,10,5.5,67
東京,2020-08-29,32.2,0,5.0,61
東京,2020-08-30,32.8,0,5.0,56
東京,2020-08-31,31.0,50,4.8,61
東京,2020-09-01,28.1,20,4.1,66
東京,2020-09-02,30.3,100,3.4,72
東京,2020-09-03,30.4,40,9.3,73
東京,2020-09-04,32.4,10,3.3,62
東京,2020-09-05,29.8,90,4.7,71
東京,2020-09-06,27.8,100,4.0,79
東京,2020-09-07,29.0,100,9.7,82
東京,2020-09-08,30.5,0,9.2,69
東京,2020-09-09,30.6,0,4.2,63
東京,2020-09-10,28.9,30,5.9,71
東京,2020-09-11,30.6,10,4.3,63
東京,2020-09-12,25.0,80,5.1,87
東京,2020-09-13,27.0,70,4.1,80
東京,2020-09-14,25.8,30,1.8,74
東京,2020-09-15,25.8,10,2.4,66
東京,2020-09-16,24.9,30,1.3,76
東京,2020-09-17,26.8,40,3.6,76
東京,2020-09-18,29.7,0,10.9,72
東京,2020-09-19,24.8,100,5.7,82
東京,2020-09-20,22.4,40,3.1,76
東京,2020-09-21,23.4,30,2.5,73
東京,2020-09-22,23.6,40,4.3,70
東京,2020-09-23,21.4,100,5.9,87
東京,2020-09-24,20.2,90,7.5,82
東京,2020-09-25,21.0,70,7.8,82
東京,2020-09-26,19.5,60,4.2,86
東京,2020-09-27,21.8,10,1.9,75
東京,2020-09-28,24.0,0,3.6,59
東京,2020-09-29,20.5,0,5.4,64
東京,2020-09-30,21.6,0,3.9,59
東京,2020-10-01,20.3,40,2.1,78
東京,2020-10-02,22.9,0,2.3,64
東京,2020-10-03,23.3,0,1.8,64
東京,2020-10-04,23.1,0,2.5,72
東京,2020-10-05,22.4,10,2.9,83
東京,2020-10-06,21.6,0,2.9,55
東京,2020-10-07,20.4,40,4.5,62
東京,2020-10-08,15.0,100,5.9,88
東京,2020-10-09,15.0,100,6.4,90
東京,2020-10-10,17.0,100,6.2,95
東京,2020-10-11,21.9,70,5.9,82
東京,2020-10-12,23.1,0,3.3,78
東京,2020-10-13,23.4,70,3.6,77
東京,2020-10-14,21.4,0,3.0,68
東京,2020-10-15,17.2,100,4.5,81
東京,2020-10-16,16.4,10,4.4,57
東京,2020-10-17,12.2,100,5.2,85
東京,2020-10-18,17.4,0,3.1,71
東京,2020-10-19,15.3,60,3.3,75
東京,2020-10-20,18.2,0,4.5,65
東京,2020-10-21,17.6,0,4.3,62
東京,2020-10-22,18.5,10,3.2,72
東京,2020-10-23,17.1,70,3.3,92
東京,2020-10-24,18.2,0,2.8,56
東京,2020-10-25,17.6,0,3.3,51
東京,2020-10-26,19.2,0,2.3,56
東京,2020-10-27,17.7,0,3.3,66
東京,2020-10-28,17.6,0,2.1,72
東京,2020-10-29,18.5,0,6.1,52
東京,2020-10-30,15.4,0,4.6,56
東京,2020-10-31,15.1,0,3.2,56
東京,2020-11-01,16.2,0,2.8,67
東京,2020-11-02,17.7,60,3.3,76
東京,2020-11-03,16.7,20,3.0,80
東京,2020-11-04,15.2,0,1.5,46
東京,2020-11-05,15.4,0,2.4,57
東京,2020-11-06,13.5,0,2.6,72
東京,2020-11-07,17.2,0,1.5,78
東京,2020-11-08,19.9,0,1.6,63
東京,2020-11-09,14.7,0,4.2,50
東京,2020-11-10,13.1,0,4.7,50
東京,2020-11-11,13.1,0,7.7,49
東京,2020-11-12,11.4,0,3.8,64
東京,2020-11-13,15.4,0,2.1,70
東京,2020-11-14,16.8,0,4.4,54
東京,2020-11-15,15.1,0,3.7,66
東京,2020-11-16,17.1,0,1.3,66
東京,2020-11-17,17.1,0,3.8,58
東京,2020-11-18,17.8,0,2.5,75
東京,2020-11-19,21.3,0,6.8,71
東京,2020-11-20,21.5,20,9.6,77
東京,2020-11-21,15.8,0,9.6,48
東京,2020-11-22,15.6,0,5.5,67
東京,2020-11-23,17.3,0,7.7,44
東京,2020-11-24,11.3,50,3.3,63
東京,2020-11-25,11.1,40,3.6,85
東京,2020-11-26,13.9,0,1.1,80
東京,2020-11-27,12.3,0,4.2,73
東京,2020-11-28,13.6,0,9.4,42
東京,2020-11-29,10.4,0,1.5,58
東京,2020-11-30,11.7,0,1.6,64
東京,2020-12-01,11.4,0,2.3,62
東京,2020-12-02,8.2,70,4.0,75
東京,2020-12-03,8.9,0,2.7,86
東京,2020-12-04,10.7,0,4.2,53
東京,2020-12-05,5.7,70,3.9,85
東京,2020-12-06,10.6,0,2.4,69
東京,2020-12-07,12.3,0,1.3,69
東京,2020-12-08,13.5,20,4.2,58
東京,2020-12-09,10.2,0,2.0,66
東京,2020-12-10,9.8,10,4.0,71
東京,2020-12-11,10.8,0,1.9,74
東京,2020-12-12,11.5,0,1.8,74
東京,2020-12-13,10.4,0,4.1,65
東京,2020-12-14,8.7,40,5.3,56
東京,2020-12-15,7.1,0,2.7,43
東京,2020-12-16,6.4,0,3.1,38
東京,2020-12-17,5.8,0,3.0,38
東京,2020-12-18,7.8,0,1.7,53
東京,2020-12-19,7.0,0,3.6,43
東京,2020-12-20,6.2,0,8.3,33
東京,2020-12-21,7.7,0,2.7,39
東京,2020-12-22,7.6,0,1.8,52
東京,2020-12-23,9.8,0,2.2,49
東京,2020-12-24,9.9,0,1.9,53
東京,2020-12-25,10.4,0,3.4,44
東京,2020-12-26,9.2,0,1.5,41
東京,2020-12-27,9.2,0,2.0,50
東京,2020-12-28,9.4,0,1.1,72
東京,2020-12-29,11.4,0,1.9,59
東京,2020-12-30,9.1,50,4.8,67
東京,2020-12-31,4.4,0,2.9,36
東京,2021-01-01,6.4,0,3.9,40
東京,2021-01-02,6.3,0,3.3,55
東京,2021-01-03,5.3,0,2.4,49
東京,2021-01-04,8.0,0,1.3,49
東京,2021-01-05,6.7,0,1.7,78
東京,2021-01-06,6.3,0,4.2,65
東京,2021-01-07,7.9,0,10.0,44
東京,2021-01-08,3.7,0,2.4,33
東京,2021-01-09,5.3,0,3.8,26
東京,2021-01-10,4.9,0,2.7,36
東京,2021-01-11,4.3,0,3.7,42
東京,2021-01-12,3.2,70,4.0,74
東京,2021-01-13,7.9,0,1.7,56
東京,2021-01-14,10.3,0,2.9,54
東京,2021-01-15,6.4,40,4.0,72
東京,2021-01-16,13.3,0,4.4,51
東京,2021-01-17,6.3,0,3.8,51
東京,2021-01-18,5.6,0,2.6,60
東京,2021-01-19,4.7,0,10.3,33
東京,2021-01-20,6.4,0,4.5,34
東京,2021-01-21,7.5,0,1.8,46
東京,2021-01-22,10.0,0,1.2,38
東京,2021-01-23,5.7,100,6.2,83
東京,2021-01-24,5.2,90,8.2,86
東京,2021-01-25,9.8,0,4.0,64
東京,2021-01-26,9.1,0,2.7,71
東京,2021-01-27,11.5,30,7.6,62
東京,2021-01-28,3.8,70,5.3,80
東京,2021-01-29,7.2,0,6.4,40
東京,2021-01-30,5.9,0,5.7,36
東京,2021-01-31,7.0,0,6.2,44
東京,2021-02-01,6.8,0,4.4,64
東京,2021-02-02,9.9,50,3.8,69
東京,2021-02-03,7.6,0,3.8,45
東京,2021-02-04,9.5,0,5.9,43
東京,2021-02-05,7.7,0,2.8,56
東京,2021-02-06,10.0,0,1.8,59
東京,2021-02-07,12.9,20,3.6,52
東京,2021-02-08,6.3,0,5.9,41
東京,2021-02-09,6.1,0,5.6,34
東京,2021-02-10,8.3,0,3.1,48
東京,2021-02-11,10.7,0,9.1,37
東京,2021-02-12,9.3,0,2.9,56
東京,2021-02-13,12.2,0,4.2,60
東京,2021-02-14,14.6,0,5.9,58
東京,2021-02-15,12.4,80,6.1,86
東京,2021-02-16,11.6,0,3.7,37
東京,2021-02-17,8.3,30,6.6,43
東京,2021-02-18,6.0,0,4.2,35
東京,2021-02-19,8.8,0,3.9,43
東京,2021-02-20,12.1,0,7.5,54
東京,2021-02-21,16.7,0,3.7,53
東京,2021-02-22,17.0,0,5.0,46
東京,2021-02-23,10.9,0,11.3,36
東京,2021-02-24,8.1,0,7.4,33
東京,2021-02-25,7.8,0,3.3,38
東京,2021-02-26,10.2,20,6.9,40
東京,2021-02-27,6.6,0,7.0,32
東京,2021-02-28,8.9,0,3.7,46
東京,2021-03-01,14.7,0,6.3,52
東京,2021-03-02,16.3,100,11.7,78
東京,2021-03-03,8.6,0,7.5,39
東京,2021-03-04,10.6,0,3.6,58
東京,2021-03-05,14.2,10,2.4,63
東京,2021-03-06,16.0,0,7.1,52
東京,2021-03-07,8.2,0,4.7,52
東京,2021-03-08,7.4,100,4.7,83
東京,2021-03-09,11.3,0,3.1,62
東京,2021-03-10,13.4,0,12.1,36
東京,2021-03-11,11.9,0,3.9,48
東京,2021-03-12,14.3,0,2.1,66
東京,2021-03-13,12.4,100,7.4,88
東京,2021-03-14,14.0,0,12.2,40
東京,2021-03-15,14.9,0,7.3,41
東京,2021-03-16,16.1,0,6.5,55
東京,2021-03-17,14.3,0,9.8,38
東京,2021-03-18,13.4,0,2.8,49
東京,2021-03-19,14.7,0,4.9,55
東京,2021-03-20,15.6,0,3.1,62
東京,2021-03-21,18.0,100,13.2,89
東京,2021-03-22,13.0,40,6.7,50
東京,2021-03-23,12.0,0,3.1,47
東京,2021-03-24,15.8,0,6.0,57
東京,2021-03-25,15.5,10,4.1,70
東京,2021-03-26,16.5,0,6.3,36
東京,2021-03-27,15.1,0,4.5,39
東京,2021-03-28,17.0,90,8.9,78
東京,2021-03-29,19.4,0,3.2,75
東京,2021-03-30,20.0,20,3.3,68
東京,2021-03-31,19.4,0,5.4,45
東京,2021-04-01,17.9,0,4.0,56
東京,2021-04-02,17.4,0,4.6,57
東京,2021-04-03,19.1,0,4.6,51
東京,2021-04-04,19.1,50,8.9,64
東京,2021-04-05,13.3,80,7.2,77
東京,2021-04-06,12.2,0,5.4,59
東京,2021-04-07,15.3,0,2.9,56
東京,2021-04-08,15.1,0,4.8,56
東京,2021-04-09,14.2,0,3.5,34
東京,2021-04-10,12.0,0,3.1,41
東京,2021-04-11,15.0,0,4.4,43
東京,2021-04-12,17.4,0,5.7,42
東京,2021-04-13,17.6,40,8.7,67
東京,2021-04-14,17.7,100,5.2,85
東京,2021-04-15,12.7,0,3.8,46
東京,2021-04-16,15.7,0,3.5,60
東京,2021-04-17,16.6,60,6.3,74
東京,2021-04-18,18.1,0,9.3,30
東京,2021-04-19,17.9,0,5.5,38
東京,2021-04-20,19.6,0,5.4,51
東京,2021-04-21,21.4,0,2.9,31
東京,2021-04-22,23.0,0,9.4,20
東京,2021-04-23,16.5,0,4.0,40
東京,2021-04-24,17.8,0,3.9,46
東京,2021-04-25,19.6,30,2.8,49
東京,2021-04-26,16.4,0,7.8,22
東京,2021-04-27,17.2,0,6.5,49
東京,2021-04-28,21.4,0,7.2,48
東京,2021-04-29,17.3,90,8.3,86
東京,2021-04-30,21.0,0,5.4,54
東京,2021-05-01,19.9,10,8.0,61
東京,2021-05-02,19.2,50,4.3,48
東京,2021-05-03,19.0,40,5.9,41
東京,2021-05-04,21.6,0,5.2,37
東京,2021-05-05,19.9,0,11.6,59
東京,2021-05-06,21.2,0,4.5,59
東京,2021-05-07,19.0,30,1.9,73
東京,2021-05-08,22.0,0,4.3,60
東京,2021-05-09,25.9,0,6.5,47
東京,2021-05-10,22.6,0,6.7,34
東京,2021-05-11,18.6,0,4.7,54
東京,2021-05-12,20.2,0,5.3,41
東京,2021-05-13,19.6,100,3.8,70
東京,2021-05-14,25.4,0,4.1,54
東京,2021-05-15,24.9,0,7.5,48
東京,2021-05-16,21.8,50,8.5,66
東京,2021-05-17,24.3,10,11.8,79
東京,2021-05-18,22.6,50,7.6,73
東京,2021-05-19,19.0,90,2.1,86
東京,2021-05-20,21.1,30,2.6,78
東京,2021-05-21,23.8,90,9.8,86
東京,2021-05-22,21.0,10,3.3,78
東京,2021-05-23,21.2,0,5.8,67
東京,2021-05-24,23.6,0,4.7,62
東京,2021-05-25,24.7,0,5.2,57
東京,2021-05-26,22.6,0,4.5,45
東京,2021-05-27,16.2,100,4.2,85
東京,2021-05-28,23.2,0,4.8,65
東京,2021-05-29,24.6,0,7.3,63
東京,2021-05-30,22.8,70,3.5,64
東京,2021-05-31,22.6,0,5.1,56
東京,2021-06-01,22.6,10,3.9,58
東京,2021-06-02,23.8,10,5.5,61
東京,2021-06-03,24.4,0,5.5,54
東京,2021-06-04,22.3,100,11.2,89
東京,2021-06-05,23.1,0,4.9,71
東京,2021-06-06,21.7,60,1.8,81
東京,2021-06-07,24.3,0,1.9,71
東京,2021-06-08,27.7,10,2.7,58
東京,2021-06-09,27.8,0,4.6,42
東京,2021-06-10,26.5,0,4.3,52
東京,2021-06-11,26.4,0,5.9,50
東京,2021-06-12,26.4,0,7.6,52
東京,2021-06-13,26.4,10,4.7,50
東京,2021-06-14,22.0,100,4.0,76
東京,2021-06-15,25.9,40,4.2,61
東京,2021-06-16,24.5,50,4.1,66
東京,2021-06-17,24.4,50,6.2,60
東京,2021-06-18,24.9,0,5.4,59
東京,2021-06-19,21.3,100,5.6,85
東京,2021-06-20,24.8,60,4.8,73
東京,2021-06-21,24.4,30,4.6,70
東京,2021-06-22,24.9,20,4.2,64
東京,2021-06-23,23.2,40,3.3,70
東京,2021-06-24,24.6,60,4.3,67
東京,2021-06-25,25.2,70,3.5,68
東京,2021-06-26,26.2,0,3.4,58
東京,2021-06-27,25.3,40,3.6,65
東京,2021-06-28,27.4,30,4.7,58
東京,2021-06-29,25.0,50,5.0,72
東京,2021-06-30,22.8,60,4.0,77
東京,2021-07-01,21.9,90,2.7,87
東京,2021-07-02,21.1,100,2.9,96
東京,2021-07-03,23.3,30,5.8,86
東京,2021-07-04,21.1,100,3.4,87
東京,2021-07-05,23.9,40,2.9,81
東京,2021-07-06,26.7,60,1.2,78
東京,2021-07-07,27.2,20,2.2,80
東京,2021-07-08,24.2,100,3.5,88
東京,2021-07-09,26.3,100,2.6,84
東京,2021-07-10,29.9,0,2.5,74
東京,2021-07-11,28.0,80,3.1,77
東京,2021-07-12,28.3,20,2.9,73
東京,2021-07-13,26.4,80,2.0,77
東京,2021-07-14,26.2,80,3.6,78
東京,2021-07-15,28.0,40,4.1,72
東京,2021-07-16,29.4,30,4.1,68
東京,2021-07-17,29.0,0,4.5,65
東京,2021-07-18,29.3,0,5.7,69
東京,2021-07-19,30.3,0,3.6,71
東京,2021-07-20,29.8,0,4.1,69
東京,2021-07-21,30.2,0,3.9,64
東京,2021-07-22,30.1,0,4.8,60
東京,2021-07-23,30.3,0,4.5,60
東京,2021-07-24,30.4,30,3.7,60
東京,2021-07-25,31.0,0,4.3,53
東京,2021-07-26,30.0,0,5.9,48
東京,2021-07-27,26.5,90,6.5,74
東京,2021-07-28,29.9,0,5.8,67
東京,2021-07-29,29.2,50,6.7,71
東京,2021-07-30,27.9,100,2.9,76
東京,2021-07-31,29.2,60,3.7,66
東京,2021-08-01,30.7,10,5.5,65
東京,2021-08-02,30.3,40,5.2,66
東京,2021-08-03,30.8,30,7.9,64
東京,2021-08-04,31.6,0,3.9,62
東京,2021-08-05,32.0,0,3.9,53
東京,2021-08-06,32.5,20,4.5,54
東京,2021-08-07,29.6,90,4.4,71
東京,2021-08-08,26.1,100,7.9,86
東京,2021-08-09,29.1,100,13.8,78
東京,2021-08-10,33.4,0,4.6,55
東京,2021-08-11,30.9,0,3.9,56
東京,2021-08-12,27.5,70,3.2,74
東京,2021-08-13,22.5,100,2.7,86
東京,2021-08-14,23.9,100,3.6,91
東京,2021-08-15,20.2,90,4.5,89
東京,2021-08-16,21.8,100,4.2,87
東京,2021-08-17,25.3,90,5.6,85
東京,2021-08-18,28.8,30,11.5,75
東京,2021-08-19,29.5,0,8.9,71
東京,2021-08-20,29.6,0,6.7,69
東京,2021-08-21,28.1,0,4.0,76
東京,2021-08-22,29.8,0,3.7,70
東京,2021-08-23,27.6,40,3.0,81
東京,2021-08-24,28.7,30,5.0,74
東京,2021-08-25,30.0,10,2.0,77
東京,2021-08-26,32.4,20,2.3,67
東京,2021-08-27,31.4,20,3.9,62
東京,2021-08-28,31.6,0,3.6,60
東京,2021-08-29,30.6,10,5.2,62
東京,2021-08-30,31.8,0,3.5,62
東京,2021-08-31,29.2,80,2.5,60
東京,2021-09-01,21.8,90,5.1,79
東京,2021-09-02,20.4,100,4.8,90
東京,2021-09-03,21.1,100,4.4,87
東京,2021-09-04,22.6,100,6.0,87
東京,2021-09-05,22.5,50,5.1,79
東京,2021-09-06,21.4,70,5.7,78
東京,2021-09-07,22.2,20,4.9,62
東京,2021-09-08,23.2,40,1.7,72
東京,2021-09-09,20.4,80,2.4,88
東京,2021-09-10,26.7,20,3.4,72
東京,2021-09-11,26.3,50,2.2,76
東京,2021-09-12,24.5,70,2.3,86
東京,2021-09-13,26.6,0,4.1,67
東京,2021-09-14,24.0,60,3.1,76
東京,2021-09-15,24.3,70,4.3,74
東京,2021-09-16,23.4,50,5.7,69
東京,2021-09-17,23.1,30,2.1,75
東京,2021-09-18,26.0,100,8.1,86
東京,2021-09-19,25.4,0,5.6,59
東京,2021-09-20,24.6,0,4.4,61
東京,2021-09-21,24.6,0,3.1,65
東京,2021-09-22,26.6,0,7.0,79
東京,2021-09-23,28.4,10,1.8,68
東京,2021-09-24,27.3,0,1.9,54
東京,2021-09-25,22.6,40,5.4,71
東京,2021-09-26,20.3,40,3.6,73
東京,2021-09-27,22.4,40,5.6,66
東京,2021-09-28,22.7,30,3.9,68
東京,2021-09-29,24.3,0,3.8,68
東京,2021-09-30,25.3,50,3.5,73
東京,2021-10-01,18.6,100,13.5,88
東京,2021-10-02,26.2,0,4.2,62
東京,2021-10-03,23.9,0,3.6,71
東京,2021-10-04,25.4,0,6.0,70
東京,2021-10-05,25.2,0,3.0,73
東京,2021-10-06,24.4,0,6.1,68
東京,2021-10-07,22.1,0,2.7,78
東京,2021-10-08,25.3,0,2.9,73
東京,2021-10-09,23.8,100,6.2,80
東京,2021-10-10,23.0,0,3.3,78
東京,2021-10-11,25.5,0,5.0,72
東京,2021-10-12,21.0,90,5.3,83
東京,2021-10-13,18.4,80,4.8,85
東京,2021-10-14,21.3,0,2.1,70
東京,2021-10-15,22.6,10,2.3,72
東京,2021-10-16,22.7,40,5.9,78
東京,2021-10-17,14.4,70,6.8,77
東京,2021-10-18,15.3,0,4.4,55
東京,2021-10-19,14.2,30,4.4,74
東京,2021-10-20,18.1,0,8.7,48
東京,2021-10-21,16.6,0,3.2,52
東京,2021-10-22,11.4,100,5.3,86
東京,2021-10-23,15.6,0,9.1,51
東京,2021-10-24,16.1,0,2.0,58
東京,2021-10-25,14.5,20,5.0,72
東京,2021-10-26,17.3,0,6.7,69
東京,2021-10-27,14.7,40,2.6,88
東京,2021-10-28,19.4,0,4.4,63
東京,2021-10-29,16.6,0,6.6,53
東京,2021-10-30,16.4,0,2.0,56
東京,2021-10-31,14.6,70,3.0,78
東京,2021-11-01,18.5,0,2.3,74
東京,2021-11-02,19.0,30,3.4,71
東京,2021-11-03,18.9,0,3.3,57
東京,2021-11-04,17.6,0,2.0,50
東京,2021-11-05,16.8,0,2.9,58
東京,2021-11-06,16.1,0,3.4,61
東京,2021-11-07,16.9,0,4.6,67
東京,2021-11-08,17.4,10,4.6,71
東京,2021-11-09,17.6,70,3.4,92
東京,2021-11-10,16.7,10,7.5,54
東京,2021-11-11,17.0,0,5.0,52
東京,2021-11-12,15.9,0,3.8,54
東京,2021-11-13,14.4,0,2.5,56
東京,2021-11-14,15.0,0,1.6,65
東京,2021-11-15,16.2,0,2.0,56
東京,2021-11-16,15.3,10,3.7,70
東京,2021-11-17,14.5,0,3.2,61
東京,2021-11-18,13.7,0,2.7,73
東京,2021-11-19,14.4,0,2.0,66
東京,2021-11-20,15.6,0,3.8,62
東京,2021-11-21,13.8,0,1.9,74
東京,2021-11-22,15.9,80,4.6,90
東京,2021-11-23,13.5,0,2.9,58
東京,2021-11-24,13.1,0,3.8,54
東京,2021-11-25,14.0,0,2.1,58
東京,2021-11-26,13.5,0,2.1,57
東京,2021-11-27,10.4,0,7.4,42
東京,2021-11-28,10.7,0,6.4,50
東京,2021-11-29,9.1,0,1.7,67
東京,2021-11-30,12.8,0,4.0,69
東京,2021-12-01,15.7,20,2.7,68
東京,2021-12-02,10.5,0,2.7,48
東京,2021-12-03,11.0,0,3.0,64
東京,2021-12-04,11.2,0,2.0,62
東京,2021-12-05,8.7,0,2.6,58
東京,2021-12-06,9.1,0,5.6,70
東京,2021-12-07,13.2,10,5.5,81
東京,2021-12-08,10.1,100,9.3,79
東京,2021-12-09,11.2,0,5.0,65
東京,2021-12-10,9.6,0,3.4,70
東京,2021-12-11,11.4,0,3.1,72
東京,2021-12-12,12.8,0,2.9,72
東京,2021-12-13,9.3,0,9.2,49
東京,2021-12-14,4.9,70,3.0,80
東京,2021-12-15,9.2,0,1.3,76
東京,2021-12-16,10.6,0,2.2,69
東京,2021-12-17,9.7,50,2.4,87
東京,2021-12-18,5.2,0,5.3,40
東京,2021-12-19,5.1,0,2.3,69
東京,2021-12-20,7.3,0,2.1,63
東京,2021-12-21,10.0,0,1.8,74
東京,2021-12-22,9.3,0,9.3,52
東京,2021-12-23,8.6,0,5.8,50
東京,2021-12-24,8.3,0,2.0,64
東京,2021-12-25,9.2,20,5.5,63
東京,2021-12-26,3.5,0,5.8,41
東京,2021-12-27,3.2,0,2.2,45
東京,2021-12-28,5.2,0,3.8,52
東京,2021-12-29,4.4,0,2.0,66
東京,2021-12-30,8.0,20,3.8,61
東京,2021-12-31,3.2,0,6.5,48
東京,2022-01-01,4.3,0,8.7,36
東京,2022-01-02,4.3,0,2.7,64
東京,2022-01-03,7.5,0,2.3,56
東京,2022-01-04,6.6,10,6.1,53
東京,2022-01-05,5.0,0,8.6,40
東京,2022-01-06,0.1,80,3.7,78
東京,2022-01-07,4.8,0,7.5,51
東京,2022-01-08,6.5,0,1.9,56
東京,2022-01-09,8.2,0,1.6,59
東京,2022-01-10,7.0,0,3.3,70
東京,2022-01-11,5.2,80,3.6,90
東京,2022-01-12,5.7,0,6.1,41
東京,2022-01-13,6.8,0,5.0,53
東京,2022-01-14,5.6,0,8.3,34
東京,2022-01-15,7.2,0,5.7,47
東京,2022-01-16,6.7,0,2.6,72
東京,2022-01-17,7.6,0,3.5,56
東京,2022-01-18,5.1,0,6.2,40
東京,2022-01-19,5.3,0,1.9,45
東京,2022-01-20,4.7,0,7.2,50
東京,2022-01-21,4.1,0,8.8,38
東京,2022-01-22,6.3,0,2.9,45
東京,2022-01-23,6.3,0,3.1,59
東京,2022-01-24,8.2,0,6.7,52
東京,2022-01-25,6.6,0,2.8,56
東京,2022-01-26,6.1,0,3.1,75
東京,2022-01-27,8.7,0,7.4,44
東京,2022-01-28,7.4,0,2.6,47
東京,2022-01-29,6.4,0,3.4,55
東京,2022-01-30,6.2,0,4.4,43
東京,2022-01-31,6.5,0,6.5,35
東京,2022-02-01,6.9,0,2.3,45
東京,2022-02-02,7.8,0,5.5,37
東京,2022-02-03,7.3,0,2.2,46
東京,2022-02-04,6.6,0,1.9,50
東京,2022-02-05,5.5,10,7.6,34
東京,2022-02-06,4.3,0,4.1,38
東京,2022-02-07,6.5,0,4.0,35
東京,2022-02-08,6.4,0,2.7,54
東京,2022-02-09,7.7,0,4.0,44
東京,2022-02-10,1.4,100,6.9,97
東京,2022-02-11,6.6,0,5.0,61
東京,2022-02-12,6.5,0,2.1,59
東京,2022-02-13,4.5,80,3.1,81
東京,2022-02-14,6.6,0,3.8,62
東京,2022-02-15,8.4,0,4.0,69
東京,2022-02-16,8.5,10,2.4,54
東京,2022-02-17,5.8,0,6.3,31
東京,2022-02-18,8.2,10,7.9,39
東京,2022-02-19,7.1,10,2.9,72
東京,2022-02-20,7.2,20,3.8,74
東京,2022-02-21,5.0,0,4.6,39
東京,2022-02-22,5.0,0,4.1,47
東京,2022-02-23,6.0,0,3.9,40
東京,2022-02-24,6.1,0,6.4,36
東京,2022-02-25,9.4,0,1.9,35
東京,2022-02-26,10.6,0,5.4,50
東京,2022-02-27,12.7,10,7.8,39
東京,2022-02-28,11.7,0,3.6,41
東京,2022-03-01,11.6,20,2.8,64
東京,2022-03-02,12.6,0,4.3,52
東京,2022-03-03,11.7,10,4.0,56
東京,2022-03-04,9.5,0,3.5,44
東京,2022-03-05,13.4,0,8.5,51
東京,2022-03-06,10.2,20,6.4,23
東京,2022-03-07,10.8,0,5.6,32
東京,2022-03-08,6.0,20,4.8,73
東京,2022-03-09,10.9,0,2.9,40
東京,2022-03-10,12.0,0,3.0,40
東京,2022-03-11,14.9,0,5.4,47
東京,2022-03-12,18.7,0,3.4,31
東京,2022-03-13,17.1,0,5.0,51
東京,2022-03-14,20.6,0,3.7,56
東京,2022-03-15,16.5,0,3.8,54
東京,2022-03-16,16.6,0,4.6,57
東京,2022-03-17,17.2,30,3.3,46
東京,2022-03-18,5.4,90,6.8,82
東京,2022-03-19,13.7,30,5.1,64
東京,2022-03-20,11.9,0,5.4,46
東京,2022-03-21,10.8,10,2.8,60
東京,2022-03-22,2.5,100,5.3,94
東京,2022-03-23,8.1,0,3.6,55
東京,2022-03-24,10.9,0,3.1,60
東京,2022-03-25,14.0,0,3.8,50
東京,2022-03-26,16.5,60,10.6,78
東京,2022-03-27,17.8,0,7.0,57
東京,2022-03-28,14.6,0,7.4,43
東京,2022-03-29,10.4,10,3.2,64
東京,2022-03-30,16.6,0,7.1,76
東京,2022-03-31,17.7,20,4.3,70
東京,2022-04-01,8.8,0,6.6,52
東京,2022-04-02,9.8,0,3.5,48
東京,2022-04-03,9.1,100,4.5,79
東京,2022-04-04,9.8,100,8.5,86
東京,2022-04-05,14.3,0,4.4,69
東京,2022-04-06,17.7,0,5.1,61
東京,2022-04-07,16.0,0,4.7,66
東京,2022-04-08,17.9,0,4.2,51
東京,2022-04-09,19.3,0,6.9,57
東京,2022-04-10,22.5,0,3.2,51
東京,2022-04-11,20.7,0,6.5,63
東京,2022-04-12,21.8,0,4.3,62
東京,2022-04-13,23.0,0,4.6,65
東京,2022-04-14,12.2,80,6.1,76
東京,2022-04-15,11.3,90,4.7,86
東京,2022-04-16,14.1,0,4.3,59
東京,2022-04-17,13.9,40,1.7,67
東京,2022-04-18,16.7,20,2.6,76
東京,2022-04-19,17.6,20,3.0,60
東京,2022-04-20,13.8,60,3.3,77
東京,2022-04-21,18.4,10,3.7,67
東京,2022-04-22,22.3,0,2.8,72
東京,2022-04-23,22.2,0,2.1,71
東京,2022-04-24,17.7,70,2.9,70
東京,2022-04-25,22.8,0,3.9,66
東京,2022-04-26,21.4,80,9.3,86
東京,2022-04-27,24.5,40,2.5,76
東京,2022-04-28,16.9,0,4.7,55
東京,2022-04-29,14.4,90,5.1,83
東京,2022-04-30,15.0,0,5.5,54
東京,2022-05-01,14.7,70,3.9,80
東京,2022-05-02,16.1,0,5.1,58
東京,2022-05-03,17.0,0,2.7,48
東京,2022-05-04,20.3,0,6.5,53
東京,2022-05-05,22.1,0,4.0,60
東京,2022-05-06,21.6,10,5.4,63
東京,2022-05-07,20.7,30,4.4,73
東京,2022-05-08,20.2,0,5.9,47
東京,2022-05-09,15.0,30,5.9,70
東京,2022-05-10,19.5,0,4.7,50
東京,2022-05-11,20.9,0,2.7,44
東京,2022-05-12,21.5,70,5.1,76
東京,2022-05-13,19.8,100,2.8,88
東京,2022-05-14,23.5,30,3.9,75
東京,2022-05-15,18.0,10,3.7,66
東京,2022-05-16,15.0,100,5.5,86
東京,2022-05-17,17.5,70,1.4,77
東京,2022-05-18,21.2,0,3.4,62
東京,2022-05-19,22.8,0,5.4,56
東京,2022-05-20,23.1,0,3.6,66
東京,2022-05-21,19.1,100,3.4,80
東京,2022-05-22,22.0,30,4.9,62
東京,2022-05-23,21.4,0,5.1,62
東京,2022-05-24,22.9,0,6.3,61
東京,2022-05-25,24.0,20,5.9,57
東京,2022-05-26,23.8,0,6.4,57
東京,2022-05-27,22.4,60,8.2,85
東京,2022-05-28,24.8,10,1.8,53
東京,2022-05-29,26.4,0,6.6,49
東京,2022-05-30,24.9,0,6.5,62
東京,2022-05-31,21.7,40,2.8,72
東京,2022-06-01,24.4,0,3.9,42
東京,2022-06-02,24.5,0,7.1,62
東京,2022-06-03,23.4,30,2.8,72
東京,2022-06-04,22.6,0,3.9,54
東京,2022-06-05,23.2,50,3.6,66
東京,2022-06-06,17.9,100,7.2,84
東京,2022-06-07,19.1,50,4.3,75
東京,2022-06-08,19.3,60,4.0,72
東京,2022-06-09,21.6,50,3.6,66
東京,2022-06-10,23.3,40,3.9,66
東京,2022-06-11,23.2,40,3.1,70
東京,2022-06-12,23.3,40,4.7,70
東京,2022-06-13,23.0,0,6.2,51
東京,2022-06-14,18.2,30,5.4,74
東京,2022-06-15,19.4,60,1.9,77
東京,2022-06-16,22.3,0,3.7,78
東京,2022-06-17,25.2,0,2.3,70
東京,2022-06-18,24.3,20,4.5,83
東京,2022-06-19,26.4,0,5.5,71
東京,2022-06-20,27.5,0,4.2,70
東京,2022-06-21,27.0,30,3.0,68
東京,2022-06-22,26.6,40,4.0,72
東京,2022-06-23,26.3,30,4.4,72
東京,2022-06-24,28.8,0,11.8,70
東京,2022-06-25,31.7,0,8.5,66
東京,2022-06-26,31.1,0,6.8,59
東京,2022-06-27,32.4,0,3.7,54
東京,2022-06-28,31.2,0,4.3,62
東京,2022-06-29,32.6,0,5.4,56
東京,2022-06-30,34.3,0,4.4,45
東京,2022-07-01,34.5,20,4.9,47
東京,2022-07-02,33.4,0,5.7,51
東京,2022-07-03,32.5,20,4.2,52
東京,2022-07-04,28.4,20,4.2,68
東京,2022-07-05,28.7,70,7.6,66
東京,2022-07-06,28.8,10,8.6,66
東京,2022-07-07,28.0,70,5.4,63
東京,2022-07-08,28.1,0,5.2,56
東京,2022-07-09,28.3,0,4.5,61
東京,2022-07-10,28.7,0,7.9,66
東京,2022-07-11,31.2,0,4.7,54
東京,2022-07-12,28.7,50,4.4,64
東京,2022-07-13,26.3,100,2.5,79
東京,2022-07-14,26.2,90,3.7,78
東京,2022-07-15,25.5,100,4.5,86
東京,2022-07-16,25.5,100,5.0,83
東京,2022-07-17,27.6,70,5.6,77
東京,2022-07-18,29.1,0,3.4,70
東京,2022-07-19,27.9,90,5.9,82
東京,2022-07-20,32.0,0,7.1,53
東京,2022-07-21,29.8,0,5.0,62
東京,2022-07-22,29.7,40,9.0,75
東京,2022-07-23,30.6,50,3.0,66
東京,2022-07-24,30.3,10,6.7,59
東京,2022-07-25,31.0,0,6.3,64
東京,2022-07-26,27.9,60,7.8,82
東京,2022-07-27,30.1,0,8.6,73
東京,2022-07-28,30.2,60,4.0,69
東京,2022-07-29,30.8,0,5.3,67
東京,2022-07-30,31.6,0,4.2,65
東京,2022-07-31,33.6,0,3.0,59
東京,2022-08-01,33.5,0,4.6,57
東京,2022-08-02,34.8,0,4.0,54
東京,2022-08-03,35.4,10,2.6,52
東京,2022-08-04,26.5,70,3.9,81
東京,2022-08-05,26.2,10,4.2,71
東京,2022-08-06,26.5,0,3.4,70
東京,2022-08-07,29.6,50,4.2,71
東京,2022-08-08,30.8,0,8.6,70
東京,2022-08-09,31.9,0,10.3,65
東京,2022-08-10,31.5,0,10.2,66
東京,2022-08-11,30.8,0,10.3,67
東京,2022-08-12,30.2,50,10.4,66
東京,2022-08-13,28.4,100,10.2,75
東京,2022-08-14,31.0,10,4.1,71
東京,2022-08-15,31.3,30,2.5,71
東京,2022-08-16,32.4,0,9.5,67
東京,2022-08-17,30.2,50,2.6,65
東京,2022-08-18,27.6,60,4.2,82
東京,2022-08-19,29.8,0,3.8,55
東京,2022-08-20,28.5,20,3.3,69
東京,2022-08-21,28.2,80,2.8,76
東京,2022-08-22,27.2,70,3.7,79
東京,2022-08-23,29.8,10,6.0,75
東京,2022-08-24,30.1,60,5.4,68
東京,2022-08-25,28.5,0,3.7,65
東京,2022-08-26,29.7,40,3.7,74
東京,2022-08-27,30.8,0,5.6,64
東京,2022-08-28,24.3,80,4.4,79
東京,2022-08-29,25.1,0,4.4,60
東京,2022-08-30,26.3,10,3.1,72
東京,2022-08-31,30.1,10,9.3,70
東京,2022-09-01,30.2,20,8.0,73
東京,2022-09-02,24.7,40,5.5,80
東京,2022-09-03,26.9,40,3.1,74
東京,2022-09-04,28.5,0,2.9,66
東京,2022-09-05,28.3,30,3.7,70
東京,2022-09-06,29.4,20,8.8,68
東京,2022-09-07,28.3,80,1.6,78
東京,2022-09-08,26.0,90,5.6,79
東京,2022-09-09,26.7,10,3.6,76
東京,2022-09-10,26.8,0,5.5,58
東京,2022-09-11,25.4,0,5.3,71
東京,2022-09-12,27.9,0,5.3,65
東京,2022-09-13,29.1,0,2.6,66
東京,2022-09-14,28.7,0,5.7,62
東京,2022-09-15,25.4,0,3.5,60
東京,2022-09-16,27.6,0,3.6,52
東京,2022-09-17,29.3,0,3.2,56
東京,2022-09-18,26.4,100,6.1,86
東京,2022-09-19,28.2,100,10.7,79
東京,2022-09-20,23.7,60,7.9,73
東京,2022-09-21,21.1,0,4.6,67
東京,2022-09-22,22.3,20,4.9,65
東京,2022-09-23,24.8,30,2.6,78
東京,2022-09-24,25.3,90,3.8,87
東京,2022-09-25,24.3,0,4.3,64
東京,2022-09-26,25.2,0,1.7,65
東京,2022-09-27,25.4,0,3.5,66
東京,2022-09-28,24.4,0,3.0,55
東京,2022-09-29,23.5,0,2.7,70
東京,2022-09-30,25.3,0,3.1,60
東京,2022-10-01,25.9,0,4.0,55
東京,2022-10-02,26.0,0,3.8,49
東京,2022-10-03,24.8,10,2.4,65
東京,2022-10-04,27.2,0,10.0,59
東京,2022-10-05,20.9,100,5.8,81
東京,2022-10-06,13.4,90,4.3,83
東京,2022-10-07,12.6,100,8.0,86
東京,2022-10-08,19.1,0,2.3,70
東京,2022-10-09,19.4,30,5.8,71
東京,2022-10-10,22.3,10,6.0,85
東京,2022-10-11,23.2,0,3.4,58
東京,2022-10-12,19.0,20,2.9,70
東京,2022-10-13,16.9,70,5.9,79
東京,2022-10-14,19.0,50,4.6,81
東京,2022-10-15,21.5,0,3.0,77
東京,2022-10-16,22.4,30,3.0,72
東京,2022-10-17,21.0,30,1.7,88
東京,2022-10-18,16.9,30,3.8,73
東京,2022-10-19,16.6,0,2.1,59
東京,2022-10-20,17.2,0,1.9,50
東京,2022-10-21,18.9,0,5.3,65
東京,2022-10-22,19.2,0,2.2,76
東京,2022-10-23,20.5,0,1.4,65
東京,2022-10-24,13.2,20,4.6,74
東京,2022-10-25,13.6,10,5.3,62
東京,2022-10-26,16.0,0,5.5,50
東京,2022-10-27,15.1,0,2.2,56
東京,2022-10-28,17.1,0,2.3,64
東京,2022-10-29,18.3,0,5.4,54
東京,2022-10-30,16.5,0,1.9,50
東京,2022-10-31,16.4,0,3.7,58
東京,2022-11-01,15.1,20,4.3,72
東京,2022-11-02,19.0,0,2.3,66
東京,2022-11-03,19.6,0,3.2,66
東京,2022-11-04,18.2,30,5.0,64
東京,2022-11-05,14.6,0,1.6,52
東京,2022-11-06,15.3,0,2.3,59
東京,2022-11-07,15.3,0,2.4,66
東京,2022-11-08,17.9,0,5.3,47
東京,2022-11-09,16.5,0,1.8,50
東京,2022-11-10,17.8,0,1.5,61
東京,2022-11-11,18.5,0,3.6,54
東京,2022-11-12,19.1,0,2.5,67
東京,2022-11-13,20.7,40,8.2,70
東京,2022-11-14,16.5,0,4.1,50
東京,2022-11-15,12.5,50,4.4,81
東京,2022-11-16,15.0,0,3.4,52
東京,2022-11-17,14.1,0,2.3,56
東京,2022-11-18,14.6,0,2.3,62
東京,2022-11-19,15.7,0,3.8,54
東京,2022-11-20,12.5,50,5.0,71
東京,2022-11-21,15.3,30,3.2,83
東京,2022-11-22,17.5,0,3.8,68
東京,2022-11-23,10.9,100,7.3,90
東京,2022-11-24,17.7,0,7.1,54
東京,2022-11-25,14.6,0,2.6,58
東京,2022-11-26,13.9,30,3.1,88
東京,2022-11-27,14.4,0,7.5,52
東京,2022-11-28,12.9,0,2.5,73
東京,2022-11-29,19.3,30,9.3,76
東京,2022-11-30,17.6,20,5.4,68
東京,2022-12-01,9.1,80,3.3,78
東京,2022-12-02,10.4,0,4.1,60
東京,2022-12-03,9.3,0,2.9,70
東京,2022-12-04,12.4,0,2.5,64
東京,2022-12-05,6.9,90,3.9,82
東京,2022-12-06,6.9,30,3.2,86
東京,2022-12-07,11.3,0,2.1,59
東京,2022-12-08,11.7,0,2.3,53
東京,2022-12-09,10.4,0,2.0,66
東京,2022-12-10,11.5,0,1.8,64
東京,2022-12-11,11.1,20,4.8,74
東京,2022-12-12,9.0,0,3.4,57
東京,2022-12-13,8.4,60,2.7,85
東京,2022-12-14,10.2,0,4.5,55
東京,2022-12-15,8.2,0,1.9,53
東京,2022-12-16,9.8,0,3.1,53
東京,2022-12-17,5.5,10,3.1,77
東京,2022-12-18,7.3,20,3.2,57
東京,2022-12-19,7.0,0,2.2,42
東京,2022-12-20,6.9,0,1.3,48
東京,2022-12-21,6.6,0,2.5,70
東京,2022-12-22,9.2,40,4.5,85
東京,2022-12-23,5.5,0,7.8,32
東京,2022-12-24,8.1,0,4.2,48
東京,2022-12-25,9.1,0,6.1,45
東京,2022-12-26,7.7,0,7.5,46
東京,2022-12-27,8.6,0,5.5,51
東京,2022-12-28,7.5,0,2.0,68
東京,2022-12-29,9.5,0,2.6,50
東京,2022-12-30,7.4,10,1.4,61
東京,2022-12-31,7.3,0,1.6,63
東京,2023-01-01,8.7,0,2.1,65
東京,2023-01-02,7.2,0,3.7,52
東京,2023-01-03,7.2,0,2.3,45
東京,2023-01-04,6.8,0,2.8,49
東京,2023-01-05,6.8,0,5.0,41
東京,2023-01-06,6.2,0,2.0,53
東京,2023-01-07,7.2,0,2.2,61
東京,2023-01-08,8.9,0,2.4,56
東京,2023-01-09,9.5,0,2.6,66
東京,2023-01-10,7.1,0,9.9,34
東京,2023-01-11,7.0,0,2.3,56
東京,2023-01-12,8.6,0,1.9,53
東京,2023-01-13,9.9,0,2.5,64
東京,2023-01-14,9.8,40,2.5,84
東京,2023-01-15,10.7,20,2.7,81
東京,2023-01-16,6.4,90,3.8,88
東京,2023-01-17,6.5,0,2.5,56
東京,2023-01-18,9.0,0,2.1,66
東京,2023-01-19,6.7,10,3.1,63
東京,2023-01-20,8.3,0,2.0,65
東京,2023-01-21,6.0,0,7.9,41
東京,2023-01-22,5.5,0,1.9,52
東京,2023-01-23,4.3,50,4.0,86
東京,2023-01-24,5.8,40,4.8,74
東京,2023-01-25,0.7,0,7.6,28
東京,2023-01-26,5.0,0,2.8,54
東京,2023-01-27,2.9,60,2.5,71
東京,2023-01-28,4.8,0,5.1,38
東京,2023-01-29,4.7,0,1.9,53
東京,2023-01-30,6.2,0,3.1,60
東京,2023-01-31,6.0,0,5.6,39
東京,2023-02-01,9.3,0,9.5,52
東京,2023-02-02,7.3,0,8.5,34
東京,2023-02-03,4.8,0,2.6,51
東京,2023-02-04,8.3,0,3.3,61
東京,2023-02-05,8.1,0,2.6,50
東京,2023-02-06,9.9,0,2.6,55
東京,2023-02-07,12.1,0,5.0,57
東京,2023-02-08,9.9,30,2.5,60
東京,2023-02-09,8.0,0,9.0,32
東京,2023-02-10,0.8,100,6.9,89
東京,2023-02-11,11.1,0,5.6,52
東京,2023-02-12,12.6,0,5.1,67
東京,2023-02-13,7.8,100,6.3,88
東京,2023-02-14,6.4,0,8.0,40
東京,2023-02-15,4.7,0,9.0,37
東京,2023-02-16,5.5,0,2.9,50
東京,2023-02-17,7.4,0,2.4,57
東京,2023-02-18,11.1,0,2.8,56
東京,2023-02-19,14.2,70,4.3,75
東京,2023-02-20,10.7,30,3.4,45
東京,2023-02-21,6.0,0,8.9,30
東京,2023-02-22,6.8,0,2.9,46
東京,2023-02-23,8.3,0,2.1,63
東京,2023-02-24,9.8,60,1.3,68
東京,2023-02-25,8.5,30,9.9,38
東京,2023-02-26,7.8,0,10.0,32
東京,2023-02-27,11.2,0,4.2,36
東京,2023-02-28,14.4,0,7.7,45
東京,2023-03-01,15.6,0,4.0,42
東京,2023-03-02,14.2,40,8.2,41
東京,2023-03-03,9.4,0,3.2,43
東京,2023-03-04,13.6,0,3.1,32
東京,2023-03-05,10.6,40,4.2,54
東京,2023-03-06,12.5,0,3.9,63
東京,2023-03-07,15.2,0,3.3,52
東京,2023-03-08,17.1,0,5.6,42
東京,2023-03-09,19.6,0,6.1,36
東京,2023-03-10,20.9,0,2.7,34
東京,2023-03-11,17.8,0,3.9,29
東京,2023-03-12,17.2,0,5.2,46
東京,2023-03-13,15.8,50,7.9,68
東京,2023-03-14,10.4,0,3.5,51
東京,2023-03-15,14.8,0,3.7,51
東京,2023-03-16,17.8,0,4.1,52
東京,2023-03-17,14.3,0,5.5,66
東京,2023-03-18,8.6,90,6.2,85
東京,2023-03-19,11.7,0,2.5,48
東京,2023-03-20,14.8,0,4.8,56
東京,2023-03-21,16.7,0,4.0,68
東京,2023-03-22,19.9,0,4.4,62
東京,2023-03-23,17.2,100,3.0,87
東京,2023-03-24,20.9,60,5.5,64
東京,2023-03-25,10.6,70,6.0,85
東京,2023-03-26,11.5,100,5.6,90
東京,2023-03-27,14.7,0,4.5,49
東京,2023-03-28,10.7,20,4.0,74
東京,2023-03-29,14.6,60,3.3,61
東京,2023-03-30,15.9,40,2.9,63
東京,2023-03-31,17.4,0,5.0,64
東京,2023-04-01,18.2,40,5.2,59
東京,2023-04-02,15.4,50,6.8,63
東京,2023-04-03,14.9,0,6.2,50
東京,2023-04-04,16.6,0,2.4,45
東京,2023-04-05,18.4,0,7.2,52
東京,2023-04-06,19.1,20,11.2,65
東京,2023-04-07,20.2,70,13.3,69
東京,2023-04-08,17.2,60,5.3,66
東京,2023-04-09,14.7,0,2.4,32
東京,2023-04-10,16.6,0,6.0,47
東京,2023-04-11,20.8,0,7.9,50
東京,2023-04-12,21.5,10,10.3,54
東京,2023-04-13,17.7,0,4.3,35
東京,2023-04-14,20.7,0,7.4,43
東京,2023-04-15,13.9,100,2.1,87
東京,2023-04-16,19.9,10,2.5,64
東京,2023-04-17,17.0,0,7.3,39
東京,2023-04-18,17.0,0,3.7,56
東京,2023-04-19,21.2,0,2.3,67
東京,2023-04-20,21.3,0,5.3,71
東京,2023-04-21,23.1,0,5.5,62
東京,2023-04-22,15.6,0,4.9,44
東京,2023-04-23,16.4,0,5.0,35
東京,2023-04-24,14.7,0,3.7,26
東京,2023-04-25,17.4,0,5.0,42
東京,2023-04-26,18.6,100,7.0,84
東京,2023-04-27,19.3,0,5.7,46
東京,2023-04-28,20.6,0,7.3,58
東京,2023-04-29,21.1,0,11.7,57
東京,2023-04-30,20.6,70,3.4,82
東京,2023-05-01,19.2,0,4.2,62
東京,2023-05-02,19.6,0,9.5,34
東京,2023-05-03,20.8,0,4.9,54
東京,2023-05-04,22.9,0,5.6,50
東京,2023-05-05,23.6,0,9.8,50
東京,2023-05-06,25.8,0,15.8,47
東京,2023-05-07,18.7,90,6.6,88
東京,2023-05-08,14.7,20,7.5,68
東京,2023-05-09,17.0,0,4.1,46
東京,2023-05-10,20.1,0,3.1,53
東京,2023-05-11,18.5,40,4.2,52
東京,2023-05-12,18.9,0,4.2,56
東京,2023-05-13,17.3,100,4.8,74
東京,2023-05-14,19.0,20,6.3,60
東京,2023-05-15,17.6,90,2.8,78
東京,2023-05-16,23.4,0,4.8,48
東京,2023-05-17,25.6,0,5.2,61
東京,2023-05-18,28.1,0,5.1,52
東京,2023-05-19,21.0,70,6.8,79
東京,2023-05-20,21.5,30,6.2,73
東京,2023-05-21,23.1,0,4.5,71
東京,2023-05-22,26.0,10,2.8,63
東京,2023-05-23,14.5,100,5.8,81
東京,2023-05-24,20.8,0,8.6,43
東京,2023-05-25,20.4,0,4.4,62
東京,2023-05-26,21.6,0,6.3,55
東京,2023-05-27,22.9,0,4.2,58
東京,2023-05-28,22.8,0,8.3,62
東京,2023-05-29,20.4,90,2.5,85
東京,2023-05-30,23.0,0,4.2,76
東京,2023-05-31,19.6,30,2.2,62
東京,2023-06-01,22.8,0,7.5,58
東京,2023-06-02,21.9,100,10.7,90
東京,2023-06-03,20.4,40,4.0,80
東京,2023-06-04,23.8,0,6.7,63
東京,2023-06-05,26.0,0,3.7,52
東京,2023-06-06,22.9,0,5.6,68
東京,2023-06-07,25.4,0,3.0,59
東京,2023-06-08,25.0,10,4.5,64
東京,2023-06-09,22.8,40,3.3,82
東京,2023-06-10,23.9,20,4.3,76
東京,2023-06-11,22.9,70,2.0,79
東京,2023-06-12,22.7,90,4.0,88
東京,2023-06-13,26.1,50,3.9,75
東京,2023-06-14,24.4,30,3.7,78
東京,2023-06-15,23.7,80,2.3,79
東京,2023-06-16,27.3,20,5.7,56
東京,2023-06-17,27.1,0,4.2,58
東京,2023-06-18,27.4,0,4.8,67
東京,2023-06-19,25.4,40,5.5,61
東京,2023-06-20,24.3,0,3.8,58
東京,2023-06-21,24.3,0,4.4,55
東京,2023-06-22,22.3,60,3.3,72
東京,2023-06-23,23.6,10,2.5,72
東京,2023-06-24,26.6,20,3.4,64
東京,2023-06-25,28.0,10,3.7,60
東京,2023-06-26,27.8,0,4.6,61
東京,2023-06-27,26.9,40,2.5,71
東京,2023-06-28,29.8,10,2.8,66
東京,2023-06-29,30.5,0,1.8,60
東京,2023-06-30,28.2,60,5.0,73
東京,2023-07-01,26.4,60,2.8,82
東京,2023-07-02,28.8,0,3.7,58
東京,2023-07-03,28.4,0,3.1,69
東京,2023-07-04,27.0,30,3.1,64
東京,2023-07-05,26.8,10,6.6,67
東京,2023-07-06,29.3,20,4.4,66
東京,2023-07-07,30.1,0,6.1,63
東京,2023-07-08,29.9,10,6.5,71
東京,2023-07-09,30.2,90,4.3,73
東京,2023-07-10,33.4,0,3.2,61
東京,2023-07-11,32.4,0,3.8,58
東京,2023-07-12,34.4,0,5.4,51
東京,2023-07-13,29.4,20,2.8,64
東京,2023-07-14,29.7,10,2.8,65
東京,2023-07-15,30.2,0,5.7,63
東京,2023-07-16,35.6,0,2.8,46
東京,2023-07-17,35.8,0,5.1,40
東京,2023-07-18,36.6,30,3.9,38
東京,2023-07-19,34.0,0,6.2,49
東京,2023-07-20,30.8,80,4.3,51
東京,2023-07-21,30.5,40,4.3,52
東京,2023-07-22,31.2,20,4.2,48
東京,2023-07-23,31.9,0,4.7,43
東京,2023-07-24,32.9,0,6.4,43
東京,2023-07-25,35.3,0,4.8,35
東京,2023-07-26,36.0,0,5.4,36
東京,2023-07-27,34.8,0,5.7,42
東京,2023-07-28,33.7,30,6.1,44
東京,2023-07-29,33.7,0,7.2,46
東京,2023-07-30,35.0,0,7.3,46
東京,2023-07-31,34.3,0,7.9,48
東京,2023-08-01,29.8,30,4.2,65
東京,2023-08-02,32.8,10,6.2,52
東京,2023-08-03,33.6,40,6.4,50
東京,2023-08-04,35.3,50,3.4,43
東京,2023-08-05,33.7,0,8.4,51
東京,2023-08-06,31.8,60,7.4,58
東京,2023-08-07,32.7,30,6.7,53
東京,2023-08-08,33.1,30,4.4,53
東京,2023-08-09,28.7,100,4.6,80
東京,2023-08-10,30.8,30,5.0,62
東京,2023-08-11,31.2,30,5.4,62
東京,2023-08-12,31.7,10,3.6,60
東京,2023-08-13,30.9,100,4.4,67
東京,2023-08-14,30.0,80,4.9,75
東京,2023-08-15,30.2,60,7.6,71
東京,2023-08-16,29.9,0,9.8,73
東京,2023-08-17,31.4,20,4.6,69
東京,2023-08-18,31.4,20,4.3,68
東京,2023-08-19,32.3,20,3.6,59
東京,2023-08-20,32.4,10,2.4,60
東京,2023-08-21,33.2,20,3.7,55
東京,2023-08-22,30.7,60,3.1,69
東京,2023-08-23,30.1,70,5.9,74
東京,2023-08-24,30.8,10,7.8,68
東京,2023-08-25,31.8,0,5.7,58
東京,2023-08-26,29.2,60,3.3,68
東京,2023-08-27,30.4,50,4.0,62
東京,2023-08-28,32.0,0,3.6,57
東京,2023-08-29,31.9,0,5.3,58
東京,2023-08-30,32.4,0,5.7,58
東京,2023-08-31,32.4,0,7.3,49
東京,2023-09-01,32.1,0,7.0,51
東京,2023-09-02,33.5,0,4.7,49
東京,2023-09-03,32.8,60,5.9,50
東京,2023-09-04,28.2,60,4.5,78
東京,2023-09-05,31.1,0,6.6,69
東京,2023-09-06,29.6,20,4.6,67
東京,2023-09-07,28.4,0,3.8,64
東京,2023-09-08,22.7,90,9.0,87
東京,2023-09-09,27.2,30,4.1,82
東京,2023-09-10,29.8,0,4.8,72
東京,2023-09-11,29.9,0,4.3,66
東京,2023-09-12,28.9,0,3.6,65
東京,2023-09-13,29.7,0,3.0,58
東京,2023-09-14,29.9,0,5.1,68
東京,2023-09-15,30.6,50,3.1,67
東京,2023-09-16,30.0,50,3.2,74
東京,2023-09-17,30.3,20,5.4,70
東京,2023-09-18,30.4,0,7.1,64
東京,2023-09-19,30.8,0,4.5,62
東京,2023-09-20,29.9,40,1.9,65
東京,2023-09-21,27.8,10,9.4,75
東京,2023-09-22,27.5,50,4.2,73
東京,2023-09-23,23.8,20,4.9,78
東京,2023-09-24,23.8,0,6.1,60
東京,2023-09-25,24.4,0,4.7,60
東京,2023-09-26,26.2,0,2.4,67
東京,2023-09-27,27.0,0,1.8,70
東京,2023-09-28,29.6,0,2.0,68
東京,2023-09-29,27.1,60,3.4,67
東京,2023-09-30,26.5,0,2.8,71
東京,2023-10-01,26.2,0,4.8,77
東京,2023-10-02,25.5,0,3.9,46
東京,2023-10-03,24.9,0,2.8,45
東京,2023-10-04,19.9,80,3.3,84
東京,2023-10-05,21.7,0,4.2,70
東京,2023-10-06,22.7,0,6.4,39
東京,2023-10-07,21.7,0,7.4,40
東京,2023-10-08,19.7,30,3.5,58
東京,2023-10-09,16.1,70,7.6,88
東京,2023-10-10,22.6,40,2.6,76
東京,2023-10-11,21.6,0,4.6,53
東京,2023-10-12,20.7,0,3.3,57
東京,2023-10-13,20.3,0,3.5,49
東京,2023-10-14,19.8,0,2.7,62
東京,2023-10-15,15.7,70,6.5,83
東京,2023-10-16,22.6,0,2.3,54
東京,2023-10-17,21.8,0,4.2,52
東京,2023-10-18,21.3,0,3.0,58
東京,2023-10-19,22.6,0,3.3,58
東京,2023-10-20,23.3,0,9.5,65
東京,2023-10-21,19.7,0,4.3,47
東京,2023-10-22,17.1,0,3.5,50
東京,2023-10-23,18.9,0,1.1,54
東京,2023-10-24,20.7,0,2.2,57
東京,2023-10-25,20.2,10,3.0,62
東京,2023-10-26,20.9,0,3.0,45
東京,2023-10-27,20.5,0,1.9,59
東京,2023-10-28,19.2,0,3.2,64
東京,2023-10-29,18.4,0,5.6,50
東京,2023-10-30,19.4,0,2.5,56
東京,2023-10-31,19.5,0,3.0,63
東京,2023-11-01,20.3,0,2.8,65
東京,2023-11-02,21.9,0,1.5,56
東京,2023-11-03,21.8,0,3.3,63
東京,2023-11-04,23.4,0,1.5,61
東京,2023-11-05,22.4,30,2.8,64
東京,2023-11-06,23.8,20,8.3,67
東京,2023-11-07,23.9,10,5.8,73
東京,2023-11-08,19.3,0,3.5,48
東京,2023-11-09,18.7,0,1.8,56
東京,2023-11-10,16.6,90,3.0,83
東京,2023-11-11,13.4,0,6.4,52
東京,2023-11-12,10.0,30,3.4,75
東京,2023-11-13,11.8,10,6.8,48
東京,2023-11-14,15.2,0,1.7,41
東京,2023-11-15,12.7,10,3.0,71
東京,2023-11-16,15.0,0,2.8,62
東京,2023-11-17,11.9,60,3.1,94
東京,2023-11-18,13.1,0,3.9,52
東京,2023-11-19,16.0,0,2.2,57
東京,2023-11-20,13.6,0,7.8,52
東京,2023-11-21,13.5,0,2.0,65
東京,2023-11-22,15.8,0,1.7,68
東京,2023-11-23,17.1,0,3.4,67
東京,2023-11-24,19.3,0,4.2,56
東京,2023-11-25,10.7,0,6.7,45
東京,2023-11-26,7.4,40,4.4,80
東京,2023-11-27,12.3,0,1.5,75
東京,2023-11-28,16.4,20,3.5,65
東京,2023-11-29,13.7,0,1.7,51
東京,2023-11-30,12.5,0,4.8,45
東京,2023-12-01,9.8,0,2.4,54
東京,2023-12-02,9.9,0,2.8,52
東京,2023-12-03,10.8,0,2.6,58
東京,2023-12-04,11.7,0,2.9,42
東京,2023-12-05,9.2,0,3.7,58
東京,2023-12-06,13.9,0,3.6,62
東京,2023-12-07,15.4,0,6.2,49
東京,2023-12-08,14.4,0,3.3,47
東京,2023-12-09,14.0,0,2.1,60
東京,2023-12-10,16.2,0,1.2,50
東京,2023-12-11,14.5,0,4.7,71
東京,2023-12-12,14.3,10,5.5,76
東京,2023-12-13,11.5,0,6.6,50
東京,2023-12-14,10.9,0,3.3,64
東京,2023-12-15,10.2,60,2.7,85
東京,2023-12-16,17.9,20,2.0,82
東京,2023-12-17,9.3,0,9.4,37
東京,2023-12-18,7.8,0,3.8,43
東京,2023-12-19,6.8,0,2.9,58
東京,2023-12-20,9.6,0,1.2,59
東京,2023-12-21,8.6,0,2.0,45
東京,2023-12-22,6.4,0,2.9,45
東京,2023-12-23,7.1,0,1.8,41
東京,2023-12-24,6.0,0,2.8,58
東京,2023-12-25,8.1,0,2.0,55
東京,2023-12-26,9.6,0,3.0,55
東京,2023-12-27,10.1,0,6.7,42
東京,2023-12-28,8.2,0,2.9,54
東京,2023-12-29,10.4,0,1.8,54
東京,2023-12-30,11.6,0,2.5,49
東京,2023-12-31,10.4,20,2.5,73
東京,2024-01-01,8.9,0,10.2,40
東京,2024-01-02,6.3,20,2.2,67
東京,2024-01-03,9.7,0,1.9,66
東京,2024-01-04,10.7,10,11.2,48
東京,2024-01-05,8.8,0,2.2,62
東京,2024-01-06,10.9,0,1.7,57
東京,2024-01-07,9.3,0,5.0,42
東京,2024-01-08,6.9,0,6.4,32
東京,2024-01-09,6.4,0,1.5,51
東京,2024-01-10,9.6,0,4.2,42
東京,2024-01-11,6.5,0,5.9,39
東京,2024-01-12,9.9,0,1.9,45
東京,2024-01-13,8.1,30,4.7,46
東京,2024-01-14,8.2,0,7.4,44
東京,2024-01-15,7.2,0,11.9,34
東京,2024-01-16,5.4,0,11.3,28
東京,2024-01-17,8.8,0,2.6,39
東京,2024-01-18,10.9,0,2.3,49
東京,2024-01-19,12.3,0,4.8,48
東京,2024-01-20,5.8,90,5.4,65
東京,2024-01-21,10.6,50,8.1,80
東京,2024-01-22,12.4,0,3.1,69
東京,2024-01-23,10.2,0,4.3,58
東京,2024-01-24,5.0,10,8.3,30
東京,2024-01-25,6.0,0,8.7,32
東京,2024-01-26,7.6,0,8.1,39
東京,2024-01-27,8.4,0,7.5,41
東京,2024-01-28,7.4,0,2.6,52
東京,2024-01-29,8.4,0,2.9,48
東京,2024-01-30,9.8,0,3.0,46
東京,2024-01-31,10.4,0,2.1,58
東京,2024-02-01,10.7,0,11.4,43
東京,2024-02-02,4.8,0,2.5,48
東京,2024-02-03,8.5,0,4.4,38
東京,2024-02-04,5.0,30,1.6,72
東京,2024-02-05,1.9,90,4.5,84
東京,2024-02-06,3.7,90,3.8,88
東京,2024-02-07,6.4,0,1.6,60
東京,2024-02-08,8.3,0,2.9,54
東京,2024-02-09,8.0,0,3.4,55
東京,2024-02-10,8.7,0,2.5,60
東京,2024-02-11,9.3,0,5.3,42
東京,2024-02-12,9.0,0,6.0,44
東京,2024-02-13,11.8,0,5.3,54
東京,2024-02-14,13.7,0,2.2,47
東京,2024-02-15,17.1,0,9.1,59
東京,2024-02-16,10.2,0,9.9,38
東京,2024-02-17,11.0,0,4.1,52
東京,2024-02-18,15.4,0,4.0,57
東京,2024-02-19,17.2,50,10.6,68
東京,2024-02-20,21.2,10,3.0,61
東京,2024-02-21,8.5,100,4.8,82
東京,2024-02-22,6.2,60,5.7,82
東京,2024-02-23,3.2,90,5.1,82
東京,2024-02-24,7.3,0,2.6,53
東京,2024-02-25,3.5,100,6.8,87
東京,2024-02-26,8.9,0,14.3,43
東京,2024-02-27,7.6,0,15.7,40
東京,2024-02-28,9.8,0,9.4,39
東京,2024-02-29,9.0,10,3.3,58
東京,2024-03-01,12.1,0,6.6,57
東京,2024-03-02,6.0,0,6.6,43
東京,2024-03-03,9.5,0,3.4,49
東京,2024-03-04,10.7,0,4.1,47
東京,2024-03-05,7.3,60,3.1,70
東京,2024-03-06,7.2,50,7.9,76
東京,2024-03-07,7.3,0,3.6,53
東京,2024-03-08,6.0,40,4.2,79
東京,2024-03-09,8.1,0,10.3,36
東京,2024-03-10,9.2,0,6.7,36
東京,2024-03-11,9.8,0,3.8,55
東京,2024-03-12,8.6,90,4.6,89
東京,2024-03-13,10.3,10,11.2,42
東京,2024-03-14,11.6,0,4.5,55
東京,2024-03-15,13.7,0,6.6,52
東京,2024-03-16,16.9,0,5.3,42
東京,2024-03-17,17.6,0,7.9,56
東京,2024-03-18,10.1,0,12.9,28
東京,2024-03-19,9.8,0,5.5,36
東京,2024-03-20,10.6,50,7.3,53
東京,2024-03-21,8.0,0,11.3,27
東京,2024-03-22,9.5,0,7.0,28
東京,2024-03-23,6.0,70,3.5,67
東京,2024-03-24,13.4,10,2.6,72
東京,2024-03-25,12.1,70,4.2,88
東京,2024-03-26,10.7,100,7.1,88
東京,2024-03-27,13.6,0,6.7,43
東京,2024-03-28,12.2,0,4.4,64
東京,2024-03-29,19.0,60,8.8,82
東京,2024-03-30,20.4,0,2.6,57
東京,2024-03-31,23.0,0,3.0,53
東京,2024-04-01,15.2,20,2.9,68
東京,2024-04-02,16.1,0,4.8,52
東京,2024-04-03,14.5,80,2.6,80
東京,2024-04-04,16.8,0,2.5,72
東京,2024-04-05,10.8,30,3.8,69
東京,2024-04-06,14.2,0,4.0,77
東京,2024-04-07,19.4,0,3.4,72
東京,2024-04-08,20.3,0,3.1,74
東京,2024-04-09,15.4,90,12.4,72
東京,2024-04-10,13.5,0,4.4,45
東京,2024-04-11,16.2,0,3.4,56
東京,2024-04-12,16.6,40,4.3,68
東京,2024-04-13,19.1,0,4.7,59
東京,2024-04-14,20.3,0,3.6,60
東京,2024-04-15,21.4,0,4.6,59
東京,2024-04-16,20.3,0,10.8,59
東京,2024-04-17,21.1,60,2.8,68
東京,2024-04-18,19.0,30,4.1,62
東京,2024-04-19,20.0,0,10.7,40
東京,2024-04-20,21.6,0,3.6,42
東京,2024-04-21,20.5,0,4.1,54
東京,2024-04-22,17.9,50,4.1,73
東京,2024-04-23,18.8,20,4.1,69
東京,2024-04-24,16.1,100,4.9,81
東京,2024-04-25,22.2,0,1.9,68
東京,2024-04-26,22.7,0,3.4,69
東京,2024-04-27,20.8,10,3.2,72
東京,2024-04-28,24.2,0,4.3,59
東京,2024-04-29,22.9,0,7.3,66
東京,2024-04-30,22.9,30,3.0,71
東京,2024-05-01,17.1,100,6.2,86
東京,2024-05-02,18.1,0,6.2,52
東京,2024-05-03,19.9,0,4.5,58
東京,2024-05-04,23.9,0,3.8,47
東京,2024-05-05,24.3,0,7.9,51
東京,2024-05-06,21.1,0,9.7,66
東京,2024-05-07,20.9,80,10.0,84
東京,2024-05-08,20.1,80,4.9,72
東京,2024-05-09,15.5,0,5.0,62
東京,2024-05-10,20.8,0,7.7,46
東京,2024-05-11,22.2,0,10.0,52
東京,2024-05-12,21.9,0,9.3,66
東京,2024-05-13,20.8,100,7.9,86
東京,2024-05-14,19.2,0,4.7,56
東京,2024-05-15,22.2,0,4.2,66
東京,2024-05-16,21.1,0,7.7,69
東京,2024-05-17,23.1,0,3.6,45
東京,2024-05-18,24.7,0,3.6,51
東京,2024-05-19,21.0,10,2.0,69
東京,2024-05-20,20.8,30,1.9,73
東京,2024-05-21,25.6,10,2.3,59
東京,2024-05-22,22.0,0,3.6,57
東京,2024-05-23,22.8,0,5.4,69
東京,2024-05-24,26.0,0,3.9,60
東京,2024-05-25,22.1,0,5.4,48
東京,2024-05-26,23.3,0,7.7,53
東京,2024-05-27,23.2,20,9.7,77
東京,2024-05-28,24.0,90,9.3,86
東京,2024-05-29,23.0,0,6.1,59
東京,2024-05-30,24.9,20,5.4,61
東京,2024-05-31,18.9,50,5.2,81
東京,2024-06-01,23.0,40,3.2,64
東京,2024-06-02,21.0,70,4.3,73
東京,2024-06-03,21.5,70,2.9,70
東京,2024-06-04,21.9,30,5.0,63
東京,2024-06-05,23.9,0,3.4,54
東京,2024-06-06,23.4,20,4.8,65
東京,2024-06-07,23.8,20,4.2,59
東京,2024-06-08,24.8,0,4.1,52
東京,2024-06-09,23.8,30,6.7,65
東京,2024-06-10,23.0,10,3.3,68
東京,2024-06-11,25.5,0,5.9,66
東京,2024-06-12,26.4,0,5.2,64
東京,2024-06-13,23.7,0,2.8,73
東京,2024-06-14,28.4,0,4.6,57
東京,2024-06-15,26.6,0,4.4,59
東京,2024-06-16,25.5,0,5.2,74
東京,2024-06-17,27.9,20,2.8,66
東京,2024-06-18,19.6,100,3.2,90
東京,2024-06-19,26.8,0,3.4,56
東京,2024-06-20,26.1,0,6.2,68
東京,2024-06-21,20.1,90,4.6,83
東京,2024-06-22,26.8,0,7.2,60
東京,2024-06-23,23.4,70,3.4,85
東京,2024-06-24,29.7,0,2.8,73
東京,2024-06-25,29.5,0,3.6,70
東京,2024-06-26,28.3,20,3.6,67
東京,2024-06-27,26.4,10,4.3,64
東京,2024-06-28,22.4,100,3.2,90
東京,2024-06-29,26.1,0,2.8,70
東京,2024-06-30,26.8,70,5.9,78
東京,2024-07-01,27.3,70,4.4,86
東京,2024-07-02,29.7,10,2.4,67
東京,2024-07-03,29.4,0,2.8,70
東京,2024-07-04,32.1,0,2.9,65
東京,2024-07-05,31.8,0,3.1,66
東京,2024-07-06,31.7,20,2.3,66
東京,2024-07-07,31.7,0,2.5,71
東京,2024-07-08,33.9,0,2.6,61
東京,2024-07-09,31.5,0,5.0,67
東京,2024-07-10,30.9,20,4.5,64
東京,2024-07-11,28.4,20,4.6,75
東京,2024-07-12,24.5,100,2.1,87
東京,2024-07-13,28.3,20,4.8,66
東京,2024-07-14,27.8,100,3.5,79
東京,2024-07-15,25.9,20,5.9,81
東京,2024-07-16,25.4,100,4.2,83
東京,2024-07-17,28.5,30,2.5,71
東京,2024-07-18,29.6,0,3.0,73
東京,2024-07-19,31.2,0,2.9,70
東京,2024-07-20,33.3,30,2.9,66
東京,2024-07-21,30.9,0,3.9,66
東京,2024-07-22,33.6,10,2.3,61
東京,2024-07-23,32.3,0,3.5,68
東京,2024-07-24,33.5,0,2.9,60
東京,2024-07-25,33.2,10,2.4,58
東京,2024-07-26,33.7,0,3.0,57
東京,2024-07-27,33.9,10,2.6,58
東京,2024-07-28,35.5,10,2.9,49
東京,2024-07-29,36.1,0,5.0,43
東京,2024-07-30,36.0,40,4.9,44
東京,2024-07-31,33.7,20,3.8,52
東京,2024-08-01,32.9,0,4.7,48
東京,2024-08-02,33.4,0,3.8,48
東京,2024-08-03,34.0,0,4.5,48
東京,2024-08-04,35.0,0,4.6,45
東京,2024-08-05,34.2,50,4.4,51
東京,2024-08-06,32.4,60,2.1,58
東京,2024-08-07,29.6,70,2.7,74
東京,2024-08-08,30.9,30,3.1,68
東京,2024-08-09,31.8,40,4.5,64
東京,2024-08-10,32.2,30,5.7,57
東京,2024-08-11,34.1,0,3.4,52
東京,2024-08-12,34.7,0,6.6,53
東京,2024-08-13,34.9,0,5.0,49
東京,2024-08-14,34.4,20,2.9,50
東京,2024-08-15,34.2,30,4.3,50
東京,2024-08-16,26.9,100,10.6,87
東京,2024-08-17,33.4,0,3.5,61
東京,2024-08-18,31.2,60,2.6,72
東京,2024-08-19,31.6,40,2.0,70
東京,2024-08-20,32.0,0,3.3,61
東京,2024-08-21,30.4,40,3.0,69
東京,2024-08-22,29.4,60,5.5,74
東京,2024-08-23,30.8,30,6.7,71
東京,2024-08-24,31.5,60,3.5,68
東京,2024-08-25,30.6,10,6.1,69
東京,2024-08-26,30.9,10,7.1,62
東京,2024-08-27,29.5,50,9.2,71
東京,2024-08-28,29.5,10,5.9,68
東京,2024-08-29,28.4,90,4.1,74
東京,2024-08-30,27.5,90,7.2,85
東京,2024-08-31,28.7,80,8.0,81
東京,2024-09-01,28.9,70,7.3,82
東京,2024-09-02,30.0,0,10.2,74
東京,2024-09-03,25.3,100,4.2,83
東京,2024-09-04,26.6,0,5.5,69
東京,2024-09-05,28.4,0,3.0,67
東京,2024-09-06,30.2,0,2.5,66
東京,2024-09-07,30.0,10,3.9,70
東京,2024-09-08,30.4,40,3.0,67
東京,2024-09-09,30.0,30,3.1,66
東京,2024-09-10,30.2,0,3.9,68
東京,2024-09-11,31.0,20,3.6,70
東京,2024-09-12,30.8,10,4.2,69
東京,2024-09-13,31.2,0,6.7,63
東京,2024-09-14,31.5,0,7.3,62
東京,2024-09-15,32.3,0,9.3,58
東京,2024-09-16,28.8,40,6.7,69
東京,2024-09-17,30.8,0,5.2,64
東京,2024-09-18,32.7,30,2.6,59
東京,2024-09-19,31.0,0,2.4,67
東京,2024-09-20,31.8,0,2.0,67
東京,2024-09-21,30.5,0,3.0,68
東京,2024-09-22,27.3,30,5.4,76
東京,2024-09-23,23.9,0,6.5,65
東京,2024-09-24,22.6,10,6.7,56
東京,2024-09-25,22.7,0,7.7,69
東京,2024-09-26,26.9,0,3.2,66
東京,2024-09-27,24.0,100,5.0,89
東京,2024-09-28,25.6,30,3.4,70
東京,2024-09-29,24.3,20,5.3,70
東京,2024-09-30,24.1,20,3.9,66
東京,2024-10-01,25.1,10,5.4,69
東京,2024-10-02,28.5,0,5.9,62
東京,2024-10-03,24.9,30,6.2,71
東京,2024-10-04,27.2,0,8.2,75
東京,2024-10-05,21.6,100,5.0,86
東京,2024-10-06,24.4,0,3.4,76
東京,2024-10-07,27.2,0,8.4,73
東京,2024-10-08,18.8,70,5.5,81
東京,2024-10-09,17.0,90,7.2,84
東京,2024-10-10,19.4,30,6.2,71
東京,2024-10-11,21.0,0,2.1,65
東京,2024-10-12,22.4,0,3.2,65
東京,2024-10-13,23.0,0,4.5,60
東京,2024-10-14,22.4,0,4.7,64
東京,2024-10-15,23.8,0,2.9,60
東京,2024-10-16,24.4,0,1.5,68
東京,2024-10-17,23.7,40,4.4,74
東京,2024-10-18,22.9,70,3.4,84
東京,2024-10-19,26.7,10,5.1,73
東京,2024-10-20,17.0,0,5.8,52
東京,2024-10-21,17.7,0,5.4,59
東京,2024-10-22,21.5,0,2.9,64
東京,2024-10-23,24.2,40,6.3,81
東京,2024-10-24,24.4,20,4.7,71
東京,2024-10-25,20.1,30,3.4,76
東京,2024-10-26,20.6,0,3.4,74
東京,2024-10-27,22.0,0,2.4,73
東京,2024-10-28,19.8,30,3.9,75
東京,2024-10-29,16.3,70,4.5,75
東京,2024-10-30,19.1,10,6.6,73
東京,2024-10-31,18.6,0,1.6,57
東京,2024-11-01,19.4,20,1.7,74
東京,2024-11-02,16.7,100,4.1,91
東京,2024-11-03,18.8,0,5.3,58
東京,2024-11-04,19.7,0,4.9,68
東京,2024-11-05,18.0,0,5.1,67
東京,2024-11-06,14.1,40,4.4,77
東京,2024-11-07,13.2,0,9.6,51
東京,2024-11-08,13.2,0,2.0,56
東京,2024-11-09,14.0,0,3.5,60
東京,2024-11-10,15.5,0,3.1,69
東京,2024-11-11,18.8,20,3.7,81
東京,2024-11-12,18.1,0,2.2,73
東京,2024-11-13,17.6,0,2.1,58
東京,2024-11-14,16.7,10,1.4,69
東京,2024-11-15,17.4,10,1.4,83
東京,2024-11-16,17.7,0,2.1,74
東京,2024-11-17,20.7,0,1.4,75
東京,2024-11-18,11.8,60,1.9,73
東京,2024-11-19,10.1,0,2.0,52
東京,2024-11-20,6.6,70,2.4,84
東京,2024-11-21,11.7,30,1.1,88
東京,2024-11-22,14.6,0,0.6,72
東京,2024-11-23,12.8,0,4.3,44
東京,2024-11-24,11.7,0,1.7,57
東京,2024-11-25,11.2,0,0.9,57
東京,2024-11-26,11.9,0,0.7,71
東京,2024-11-27,16.9,0,1.3,78
東京,2024-11-28,13.7,0,1.3,51
東京,2024-11-29,12.0,0,1.9,50
東京,2024-11-30,12.6,0,1.1,53
東京,2024-12-01,13.2,0,1.5,61
東京,2024-12-02,13.4,0,0.9,69
東京,2024-12-03,13.4,0,1.0,75
東京,2024-12-04,13.6,0,2.3,63
東京,2024-12-05,12.8,10,0.5,65
東京,2024-12-06,12.7,0,2.2,55
東京,2024-12-07,8.9,10,1.3,59
東京,2024-12-08,9.3,0,3.0,53
東京,2024-12-09,9.2,0,2.1,49
東京,2024-12-10,10.6,0,1.5,50
東京,2024-12-11,10.1,0,2.2,56
東京,2024-12-12,7.6,0,3.3,41
東京,2024-12-13,6.3,0,0.9,61
東京,2024-12-14,8.6,0,4.2,40
東京,2024-12-15,7.4,0,1.1,59
東京,2024-12-16,9.3,0,1.1,51
東京,2024-12-17,10.0,0,0.9,55
東京,2024-12-18,9.3,0,1.9,47
東京,2024-12-19,6.1,20,2.5,55
東京,2024-12-20,8.3,0,1.1,50
東京,2024-12-21,11.5,0,2.9,52
東京,2024-12-22,8.2,0,4.6,32
東京,2024-12-23,8.1,0,1.2,40
東京,2024-12-24,8.5,0,2.4,39
東京,2024-12-25,8.7,0,1.4,45
東京,2024-12-26,11.0,0,1.2,47
東京,2024-12-27,8.4,0,1.8,41
東京,2024-12-28,7.7,0,1.7,39
東京,2024-12-29,8.4,0,1.8,44
東京,2024-12-30,8.1,0,1.6,44
東京,2024-12-31,10.4,0,1.7,47
福岡,2019-01-01,6.8,0,5.4,65
福岡,2019-01-02,5.1,0,4.3,58
福岡,2019-01-03,7.4,0,3.3,54
福岡,2019-01-04,9.2,0,1.6,58
福岡,2019-01-05,9.0,0,4.1,66
福岡,2019-01-06,9.0,0,3.8,57
福岡,2019-01-07,9.0,0,3.3,54
福岡,2019-01-08,9.0,0,4.0,58
福岡,2019-01-09,6.7,20,3.5,61
福岡,2019-01-10,8.3,30,2.9,71
福岡,2019-01-11,9.6,0,1.6,63
福岡,2019-01-12,9.7,20,1.7,74
福岡,2019-01-13,10.4,20,2.1,78
福岡,2019-01-14,10.5,0,1.3,67
福岡,2019-01-15,8.9,10,4.2,67
福岡,2019-01-16,4.7,0,4.2,63
福岡,2019-01-17,5.8,0,4.9,60
福岡,2019-01-18,8.2,0,3.1,60
福岡,2019-01-19,10.0,0,2.4,68
福岡,2019-01-20,9.8,30,6.2,65
福岡,2019-01-21,6.6,0,4.5,57
福岡,2019-01-22,8.3,0,3.4,57
福岡,2019-01-23,10.0,0,5.1,59
福岡,2019-01-24,10.3,0,2.9,56
福岡,2019-01-25,9.4,0,4.3,53
福岡,2019-01-26,4.2,70,8.0,58
福岡,2019-01-27,7.4,0,2.6,54
福岡,2019-01-28,9.2,30,5.6,67
福岡,2019-01-29,9.1,0,2.9,55
福岡,2019-01-30,11.1,0,2.1,63
福岡,2019-01-31,7.3,100,4.9,87
福岡,2019-02-01,4.8,0,5.9,56
福岡,2019-02-02,8.8,0,2.5,62
福岡,2019-02-03,14.9,90,6.1,84
福岡,2019-02-04,9.1,0,5.3,54
福岡,2019-02-05,11.2,0,2.0,59
福岡,2019-02-06,12.3,0,1.9,73
福岡,2019-02-07,11.8,70,3.7,79
福岡,2019-02-08,7.9,0,4.4,60
福岡,2019-02-09,6.3,40,5.1,66
福岡,2019-02-10,8.7,0,2.1,59
福岡,2019-02-11,6.2,20,5.4,62
福岡,2019-02-12,7.0,0,3.4,57
福岡,2019-02-13,8.3,0,3.8,57
福岡,2019-02-14,7.3,0,2.9,60
福岡,2019-02-15,8.7,30,2.0,75
福岡,2019-02-16,6.7,0,5.2,61
福岡,2019-02-17,6.6,0,3.8,52
福岡,2019-02-18,10.3,0,1.5,48
福岡,2019-02-19,15.6,50,5.7,85
福岡,2019-02-20,9.4,0,4.9,65
福岡,2019-02-21,10.4,0,3.5,55
福岡,2019-02-22,10.3,0,2.7,66
福岡,2019-02-23,10.8,0,5.7,58
福岡,2019-02-24,10.4,0,2.4,61
福岡,2019-02-25,12.0,0,2.7,60
福岡,2019-02-26,12.1,0,3.0,62
福岡,2019-02-27,9.8,10,2.9,75
福岡,2019-02-28,11.5,70,4.0,74
福岡,2019-03-01,12.1,0,2.5,66
福岡,2019-03-02,9.8,10,2.6,64
福岡,2019-03-03,10.0,70,3.2,85
福岡,2019-03-04,11.2,80,5.9,73
福岡,2019-03-05,13.2,0,2.1,62
福岡,2019-03-06,9.9,100,3.2,89
福岡,2019-03-07,9.4,80,6.5,74
福岡,2019-03-08,10.5,0,2.5,49
福岡,2019-03-09,13.7,0,2.1,52
福岡,2019-03-10,10.6,100,4.3,94
福岡,2019-03-11,12.7,0,4.4,53
福岡,2019-03-12,11.9,0,5.4,53
福岡,2019-03-13,7.8,0,6.7,43
福岡,2019-03-14,8.9,0,3.3,48
福岡,2019-03-15,11.2,60,3.6,56
福岡,2019-03-16,9.7,0,4.3,58
福岡,2019-03-17,11.2,0,4.9,55
福岡,2019-03-18,12.1,0,2.0,45
福岡,2019-03-19,12.7,20,3.6,71
福岡,2019-03-20,17.2,0,2.9,45
福岡,2019-03-21,17.9,10,4.5,79
福岡,2019-03-22,11.9,20,5.0,65
福岡,2019-03-23,9.6,10,5.5,52
福岡,2019-03-24,9.5,0,3.9,53
福岡,2019-03-25,11.2,10,1.7,64
福岡,2019-03-26,14.2,0,5.5,66
福岡,2019-03-27,17.7,0,3.8,50
福岡,2019-03-28,15.0,0,3.3,74
福岡,2019-03-29,17.3,0,2.3,53
福岡,2019-03-30,15.7,0,5.1,59
福岡,2019-03-31,9.3,0,6.8,48
福岡,2019-04-01,8.6,0,6.9,41
福岡,2019-04-02,11.2,0,4.2,50
福岡,2019-04-03,10.8,0,3.5,50
福岡,2019-04-04,14.1,0,4.0,44
福岡,2019-04-05,16.7,0,3.2,51
福岡,2019-04-06,18.1,0,2.5,54
福岡,2019-04-07,18.2,0,3.4,60
福岡,2019-04-08,16.8,0,3.6,63
福岡,2019-04-09,16.0,0,4.6,44
福岡,2019-04-10,12.4,20,6.2,79
福岡,2019-04-11,11.6,0,3.9,61
福岡,2019-04-12,12.9,50,4.2,59
福岡,2019-04-13,15.6,0,1.7,50
福岡,2019-04-14,15.4,60,1.9,72
福岡,2019-04-15,14.0,0,4.1,58
福岡,2019-04-16,18.9,0,2.3,43
福岡,2019-04-17,18.4,0,1.9,58
福岡,2019-04-18,20.0,0,2.1,64
福岡,2019-04-19,17.2,0,3.8,76
福岡,2019-04-20,17.4,0,2.8,68
福岡,2019-04-21,19.7,0,2.9,60
福岡,2019-04-22,20.3,0,2.9,68
福岡,2019-04-23,20.7,50,2.4,74
福岡,2019-04-24,22.8,30,3.3,76
福岡,2019-04-25,17.2,20,3.4,91
福岡,2019-04-26,15.9,50,5.6,74
福岡,2019-04-27,13.4,0,5.8,54
福岡,2019-04-28,16.1,30,2.7,61
福岡,2019-04-29,16.8,100,4.1,89
福岡,2019-04-30,16.6,90,2.7,89
福岡,2019-05-01,16.5,0,3.0,80
福岡,2019-05-02,19.5,0,3.2,65
福岡,2019-05-03,19.2,0,2.8,65
福岡,2019-05-04,21.6,0,1.9,42
福岡,2019-05-05,22.3,0,2.0,50
福岡,2019-05-06,19.1,40,3.3,66
福岡,2019-05-07,16.6,0,4.4,41
福岡,2019-05-08,18.5,0,2.1,37
福岡,2019-05-09,18.3,10,2.8,70
福岡,2019-05-10,20.7,0,2.6,46
福岡,2019-05-11,21.3,0,2.7,59
福岡,2019-05-12,21.8,0,2.5,65
福岡,2019-05-13,22.8,10,2.1,66
福岡,2019-05-14,22.6,10,2.2,60
福岡,2019-05-15,25.0,0,3.6,47
福岡,2019-05-16,23.7,0,3.2,52
福岡,2019-05-17,26.2,0,5.1,41
福岡,2019-05-18,20.5,100,4.8,87
福岡,2019-05-19,22.8,80,5.0,79
福岡,2019-05-20,20.2,90,3.9,90
福岡,2019-05-21,18.8,0,4.2,50
福岡,2019-05-22,22.1,0,4.5,35
福岡,2019-05-23,25.4,0,3.4,41
福岡,2019-05-24,27.1,0,2.5,48
福岡,2019-05-25,26.7,0,2.2,42
福岡,2019-05-26,26.3,0,1.7,52
福岡,2019-05-27,22.3,50,5.3,66
福岡,2019-05-28,19.0,0,4.5,77
福岡,2019-05-29,22.9,0,2.6,42
福岡,2019-05-30,23.5,0,2.0,50
福岡,2019-05-31,18.2,60,1.6,72
福岡,2019-06-01,21.8,0,2.6,64
福岡,2019-06-02,22.3,20,1.8,72
福岡,2019-06-03,24.3,0,2.7,66
福岡,2019-06-04,25.0,60,2.3,72
福岡,2019-06-05,25.8,0,2.8,67
福岡,2019-06-06,26.4,0,2.4,72
福岡,2019-06-07,25.1,70,4.7,74
福岡,2019-06-08,21.0,30,4.5,76
福岡,2019-06-09,21.4,0,3.9,74
福岡,2019-06-10,20.9,0,5.2,70
福岡,2019-06-11,20.6,0,5.4,64
福岡,2019-06-12,20.8,30,5.2,72
福岡,2019-06-13,26.2,0,2.2,52
福岡,2019-06-14,22.6,80,3.1,76
福岡,2019-06-15,19.3,90,6.3,89
福岡,2019-06-16,21.0,50,3.9,75
福岡,2019-06-17,23.4,0,2.5,62
福岡,2019-06-18,21.5,80,0.6,74
福岡,2019-06-19,24.0,0,3.5,72
福岡,2019-06-20,25.6,0,2.6,65
福岡,2019-06-21,25.7,0,2.2,65
福岡,2019-06-22,22.4,50,4.6,83
福岡,2019-06-23,21.2,0,5.5,66
福岡,2019-06-24,22.1,0,4.4,66
福岡,2019-06-25,26.6,0,3.0,58
福岡,2019-06-26,26.0,60,3.1,75
福岡,2019-06-27,27.1,100,3.5,82
福岡,2019-06-28,25.7,90,2.2,86
福岡,2019-06-29,27.3,80,3.0,80
福岡,2019-06-30,25.4,50,2.7,86
福岡,2019-07-01,24.1,50,1.7,78
福岡,2019-07-02,23.6,0,1.1,79
福岡,2019-07-03,22.6,100,1.9,90
福岡,2019-07-04,24.6,0,2.5,77
福岡,2019-07-05,24.7,0,1.6,83
福岡,2019-07-06,25.9,10,4.0,78
福岡,2019-07-07,24.1,0,3.5,79
福岡,2019-07-08,24.8,70,2.9,81
福岡,2019-07-09,24.4,100,2.9,87
福岡,2019-07-10,25.2,70,4.1,84
福岡,2019-07-11,27.4,30,4.1,70
福岡,2019-07-12,24.7,0,4.5,73
福岡,2019-07-13,21.4,100,2.2,92
福岡,2019-07-14,23.4,50,3.4,86
福岡,2019-07-15,24.6,0,3.8,81
福岡,2019-07-16,24.9,0,2.7,83
福岡,2019-07-17,27.6,40,1.6,75
福岡,2019-07-18,25.8,90,1.4,89
福岡,2019-07-19,27.6,40,3.3,82
福岡,2019-07-20,26.9,100,7.9,81
福岡,2019-07-21,26.3,100,3.3,88
福岡,2019-07-22,27.8,100,2.6,81
福岡,2019-07-23,28.9,40,2.9,73
福岡,2019-07-24,30.2,50,1.8,63
福岡,2019-07-25,30.1,80,1.6,66
福岡,2019-07-26,29.8,40,2.3,69
福岡,2019-07-27,29.8,80,2.2,72
福岡,2019-07-28,30.1,50,2.2,72
福岡,2019-07-29,29.1,70,2.0,77
福岡,2019-07-30,30.2,90,1.6,71
福岡,2019-07-31,30.1,20,2.2,69
福岡,2019-08-01,30.1,0,2.1,68
福岡,2019-08-02,30.0,0,2.8,73
福岡,2019-08-03,33.2,0,2.2,51
福岡,2019-08-04,31.3,0,3.0,60
福岡,2019-08-05,30.6,0,4.0,68
福岡,2019-08-06,25.3,100,8.6,86
福岡,2019-08-07,30.3,40,1.9,72
福岡,2019-08-08,31.7,10,1.8,62
福岡,2019-08-09,29.6,0,1.9,65
福岡,2019-08-10,32.3,0,2.1,53
福岡,2019-08-11,32.2,20,3.3,60
福岡,2019-08-12,32.4,10,2.4,60
福岡,2019-08-13,31.8,0,3.8,63
福岡,2019-08-14,30.2,50,5.6,72
福岡,2019-08-15,26.4,100,6.7,94
福岡,2019-08-16,29.6,30,3.9,66
福岡,2019-08-17,28.6,0,2.8,72
福岡,2019-08-18,27.5,0,0.9,70
福岡,2019-08-19,25.9,90,1.2,84
福岡,2019-08-20,26.8,90,2.4,85
福岡,2019-08-21,29.6,70,1.8,71
福岡,2019-08-22,30.0,20,3.6,67
福岡,2019-08-23,28.2,60,3.0,72
福岡,2019-08-24,26.7,30,1.8,65
福岡,2019-08-25,24.0,50,1.6,78
福岡,2019-08-26,24.0,30,1.5,81
福岡,2019-08-27,25.2,100,3.8,89
福岡,2019-08-28,26.4,90,2.7,87
福岡,2019-08-29,25.6,70,3.2,81
福岡,2019-08-30,25.6,10,1.8,73
福岡,2019-08-31,25.9,20,1.6,63
福岡,2019-09-01,22.7,70,2.1,84
福岡,2019-09-02,26.0,50,1.7,84
福岡,2019-09-03,28.5,20,1.6,71
福岡,2019-09-04,27.5,0,1.3,79
福岡,2019-09-05,29.5,30,2.0,66
福岡,2019-09-06,31.0,0,4.6,61
福岡,2019-09-07,27.8,60,4.5,80
福岡,2019-09-08,30.0,50,3.0,69
福岡,2019-09-09,30.8,20,1.5,61
福岡,2019-09-10,29.4,40,2.2,69
福岡,2019-09-11,29.0,70,2.9,74
福岡,2019-09-12,27.5,20,4.6,73
福岡,2019-09-13,27.2,0,3.9,65
福岡,2019-09-14,28.4,0,2.4,68
福岡,2019-09-15,27.6,20,4.0,76
福岡,2019-09-16,25.8,10,6.9,67
福岡,2019-09-17,26.4,10,6.3,64
福岡,2019-09-18,25.3,0,5.7,60
福岡,2019-09-19,25.0,0,5.9,52
福岡,2019-09-20,21.6,80,3.7,70
福岡,2019-09-21,24.0,10,5.1,75
福岡,2019-09-22,24.9,100,5.9,90
福岡,2019-09-23,21.3,80,4.3,79
福岡,2019-09-24,22.2,10,4.0,67
福岡,2019-09-25,23.1,0,2.0,60
福岡,2019-09-26,23.6,90,1.9,81
福岡,2019-09-27,26.8,60,1.4,79
福岡,2019-09-28,27.5,40,1.7,77
福岡,2019-09-29,25.9,60,1.2,84
福岡,2019-09-30,25.6,40,1.6,82
福岡,2019-10-01,25.6,0,1.4,82
福岡,2019-10-02,27.4,30,4.2,75
福岡,2019-10-03,25.4,10,5.7,74
福岡,2019-10-04,23.9,0,3.2,74
福岡,2019-10-05,24.3,0,2.3,60
福岡,2019-10-06,21.7,40,5.3,72
福岡,2019-10-07,24.2,60,2.2,72
福岡,2019-10-08,20.6,30,4.7,63
福岡,2019-10-09,21.7,0,3.1,58
福岡,2019-10-10,22.2,0,2.5,59
福岡,2019-10-11,22.8,0,4.9,75
福岡,2019-10-12,20.8,60,9.2,69
福岡,2019-10-13,20.5,0,6.4,54
福岡,2019-10-14,20.1,0,4.6,60
福岡,2019-10-15,19.8,0,5.9,59
福岡,2019-10-16,18.4,0,4.0,52
福岡,2019-10-17,18.4,50,1.7,73
福岡,2019-10-18,19.6,100,3.4,91
福岡,2019-10-19,20.7,60,4.8,85
福岡,2019-10-20,20.7,0,3.8,73
福岡,2019-10-21,20.2,0,3.1,71
福岡,2019-10-22,21.6,0,3.1,72
福岡,2019-10-23,20.5,30,2.5,76
福岡,2019-10-24,18.4,100,3.5,90
福岡,2019-10-25,20.2,100,5.2,82
福岡,2019-10-26,19.2,10,4.6,71
福岡,2019-10-27,17.5,0,3.6,60
福岡,2019-10-28,17.8,0,1.8,52
福岡,2019-10-29,19.0,10,3.3,67
福岡,2019-10-30,17.8,0,3.5,59
福岡,2019-10-31,18.2,0,2.5,68
福岡,2019-11-01,19.1,0,2.8,66
福岡,2019-11-02,20.0,0,1.9,64
福岡,2019-11-03,18.2,10,1.5,74
福岡,2019-11-04,16.4,0,4.9,62
福岡,2019-11-05,15.7,0,2.6,60
福岡,2019-11-06,17.2,0,1.4,62
福岡,2019-11-07,16.6,0,3.7,60
福岡,2019-11-08,17.5,0,1.9,62
福岡,2019-11-09,17.0,10,3.1,63
福岡,2019-11-10,17.1,0,1.8,58
福岡,2019-11-11,17.3,0,5.6,61
福岡,2019-11-12,17.4,0,1.9,65
福岡,2019-11-13,18.1,10,2.1,70
福岡,2019-11-14,11.0,0,5.8,55
福岡,2019-11-15,12.8,0,1.5,55
福岡,2019-11-16,16.6,0,1.8,62
福岡,2019-11-17,18.1,0,2.9,50
福岡,2019-11-18,16.5,80,4.4,82
福岡,2019-11-19,11.2,10,4.6,58
福岡,2019-11-20,10.6,0,4.0,58
福岡,2019-11-21,12.9,0,3.5,64
福岡,2019-11-22,14.2,0,1.7,78
福岡,2019-11-23,17.6,0,1.6,79
福岡,2019-11-24,18.1,40,2.7,84
福岡,2019-11-25,16.1,70,5.3,80
福岡,2019-11-26,13.8,0,3.1,66
福岡,2019-11-27,14.2,20,2.9,73
福岡,2019-11-28,12.5,40,4.1,70
福岡,2019-11-29,11.2,0,2.8,60
福岡,2019-11-30,12.8,0,2.3,60
福岡,2019-12-01,16.4,30,2.8,67
福岡,2019-12-02,11.3,30,6.6,63
福岡,2019-12-03,7.9,0,3.6,59
福岡,2019-12-04,10.4,0,4.3,55
福岡,2019-12-05,9.2,20,5.2,55
福岡,2019-12-06,7.4,50,3.0,66
福岡,2019-12-07,8.3,0,4.4,58
福岡,2019-12-08,10.2,0,1.6,57
福岡,2019-12-09,11.3,0,2.0,61
福岡,2019-12-10,13.6,0,2.0,60
福岡,2019-12-11,14.2,0,2.8,69
福岡,2019-12-12,8.5,0,4.7,54
福岡,2019-12-13,10.1,0,1.8,53
福岡,2019-12-14,12.7,10,4.5,66
福岡,2019-12-15,11.0,0,2.8,63
福岡,2019-12-16,14.6,0,2.4,70
福岡,2019-12-17,16.2,90,3.0,89
福岡,2019-12-18,14.1,60,3.9,75
福岡,2019-12-19,11.4,0,4.1,63
福岡,2019-12-20,9.0,0,3.5,55
福岡,2019-12-21,10.0,30,2.6,71
福岡,2019-12-22,6.3,100,3.2,80
福岡,2019-12-23,11.3,0,3.8,66
福岡,2019-12-24,11.4,0,1.5,66
福岡,2019-12-25,12.2,20,1.1,72
福岡,2019-12-26,13.3,80,1.4,90
福岡,2019-12-27,7.0,0,5.6,54
福岡,2019-12-28,8.7,0,1.9,60
福岡,2019-12-29,9.0,0,2.0,75
福岡,2019-12-30,14.0,20,2.2,88
福岡,2019-12-31,4.3,0,6.6,58
福岡,2020-01-01,6.4,0,3.6,67
福岡,2020-01-02,9.8,0,3.5,67
福岡,2020-01-03,10.0,0,3.5,67
福岡,2020-01-04,9.9,0,4.4,57
福岡,2020-01-05,9.8,0,2.4,61
福岡,2020-01-06,10.5,30,2.9,68
福岡,2020-01-07,16.3,60,5.6,82
福岡,2020-01-08,10.3,10,8.2,68
福岡,2020-01-09,10.0,0,4.0,62
福岡,2020-01-10,10.2,0,2.2,60
福岡,2020-01-11,10.8,0,2.6,65
福岡,2020-01-12,8.7,10,5.8,66
福岡,2020-01-13,7.3,0,5.6,61
福岡,2020-01-14,6.8,90,2.1,76
福岡,2020-01-15,6.5,0,3.2,61
福岡,2020-01-16,8.0,0,1.4,61
福岡,2020-01-17,9.2,20,2.9,62
福岡,2020-01-18,9.0,80,4.6,81
福岡,2020-01-19,8.6,40,5.1,71
福岡,2020-01-20,8.2,0,5.5,60
福岡,2020-01-21,8.8,0,3.1,57
福岡,2020-01-22,9.2,80,2.9,83
福岡,2020-01-23,14.9,60,2.3,90
福岡,2020-01-24,13.1,50,4.0,77
福岡,2020-01-25,9.9,10,2.9,72
福岡,2020-01-26,10.6,0,3.4,74
福岡,2020-01-27,7.8,100,5.5,89
福岡,2020-01-28,11.0,70,6.0,80
福岡,2020-01-29,9.4,100,2.7,78
福岡,2020-01-30,8.2,100,4.2,70
福岡,2020-01-31,7.5,40,3.3,64
福岡,2020-02-01,9.2,0,3.3,61
福岡,2020-02-02,10.5,0,2.6,58
福岡,2020-02-03,9.6,0,4.3,56
福岡,2020-02-04,9.6,0,2.8,58
福岡,2020-02-05,6.5,0,6.3,54
福岡,2020-02-06,5.8,0,3.6,54
福岡,2020-02-07,8.6,0,1.4,60
福岡,2020-02-08,7.3,0,5.7,59
福岡,2020-02-09,6.5,50,2.3,74
福岡,2020-02-10,9.0,0,5.3,58
福岡,2020-02-11,10.9,0,2.0,51
福岡,2020-02-12,12.0,100,8.0,85
福岡,2020-02-13,14.2,0,3.9,72
福岡,2020-02-14,13.9,10,2.7,75
福岡,2020-02-15,16.7,50,2.4,76
福岡,2020-02-16,8.8,70,7.1,81
福岡,2020-02-17,3.8,90,8.4,60
福岡,2020-02-18,4.2,0,4.5,61
福岡,2020-02-19,8.9,0,1.9,60
福岡,2020-02-20,10.6,0,3.0,59
福岡,2020-02-21,13.5,0,3.3,47
福岡,2020-02-22,12.1,30,6.4,57
福岡,2020-02-23,8.2,0,3.9,57
福岡,2020-02-24,12.1,0,1.9,67
福岡,2020-02-25,16.6,30,5.5,68
福岡,2020-02-26,12.5,50,5.1,77
福岡,2020-02-27,8.5,0,5.5,59
福岡,2020-02-28,9.3,40,2.5,61
福岡,2020-02-29,9.4,100,1.6,91
福岡,2020-03-01,11.5,0,2.2,73
福岡,2020-03-02,10.5,0,5.4,60
福岡,2020-03-03,10.8,0,2.5,62
福岡,2020-03-04,11.0,30,4.4,72
福岡,2020-03-05,6.6,0,4.4,55
福岡,2020-03-06,9.5,0,2.4,49
福岡,2020-03-07,11.2,60,2.0,76
福岡,2020-03-08,12.4,20,5.3,70
福岡,2020-03-09,14.8,10,2.5,68
福岡,2020-03-10,13.0,100,5.3,91
福岡,2020-03-11,9.8,0,5.6,54
福岡,2020-03-12,12.1,0,2.1,57
福岡,2020-03-13,12.6,10,1.3,62
福岡,2020-03-14,9.5,30,5.7,57
福岡,2020-03-15,10.8,20,7.1,45
福岡,2020-03-16,8.6,0,5.4,51
福岡,2020-03-17,13.8,0,3.5,57
福岡,2020-03-18,15.7,60,2.3,69
福岡,2020-03-19,18.2,20,5.1,60
福岡,2020-03-20,12.0,0,4.6,44
福岡,2020-03-21,18.2,0,3.5,50
福岡,2020-03-22,17.0,30,2.7,76
福岡,2020-03-23,13.9,0,3.7,57
福岡,2020-03-24,14.3,0,4.1,49
福岡,2020-03-25,17.2,0,2.1,42
福岡,2020-03-26,16.8,90,4.5,81
福岡,2020-03-27,17.8,70,2.4,91
福岡,2020-03-28,11.6,100,4.8,84
福岡,2020-03-29,12.3,0,5.6,60
福岡,2020-03-30,11.4,0,2.0,75
福岡,2020-03-31,15.6,10,2.2,77
福岡,2020-04-01,11.3,70,6.1,77
福岡,2020-04-02,12.8,0,4.5,53
福岡,2020-04-03,15.0,0,2.6,58
福岡,2020-04-04,15.9,0,4.0,43
福岡,2020-04-05,11.1,0,4.7,46
福岡,2020-04-06,13.2,0,2.7,47
福岡,2020-04-07,15.3,0,3.7,54
福岡,2020-04-08,15.7,0,4.2,55
福岡,2020-04-09,14.3,0,3.3,64
福岡,2020-04-10,12.7,0,3.8,56
福岡,2020-04-11,12.8,10,2.0,48
福岡,2020-04-12,9.0,100,4.6,87
福岡,2020-04-13,9.0,90,9.2,68
福岡,2020-04-14,15.3,0,2.9,43
福岡,2020-04-15,16.0,0,2.1,49
福岡,2020-04-16,15.0,0,3.6,70
福岡,2020-04-17,16.9,30,4.6,68
福岡,2020-04-18,15.1,0,5.4,66
福岡,2020-04-19,14.4,60,2.4,75
福岡,2020-04-20,15.6,10,5.2,69
福岡,2020-04-21,14.6,0,5.1,47
福岡,2020-04-22,11.1,0,7.6,44
福岡,2020-04-23,10.0,20,5.5,56
福岡,2020-04-24,12.1,0,4.9,43
福岡,2020-04-25,17.7,0,5.4,49
福岡,2020-04-26,16.4,40,4.6,61
福岡,2020-04-27,15.4,0,3.3,58
福岡,2020-04-28,15.3,10,3.3,60
福岡,2020-04-29,17.6,0,3.1,45
福岡,2020-04-30,20.5,0,1.7,50
福岡,2020-05-01,23.4,0,2.5,58
福岡,2020-05-02,22.0,0,2.4,60
福岡,2020-05-03,20.2,100,3.9,82
福岡,2020-05-04,21.3,30,3.5,82
福岡,2020-05-05,19.7,0,3.2,86
福岡,2020-05-06,18.9,0,4.4,75
福岡,2020-05-07,18.8,0,4.6,58
福岡,2020-05-08,23.1,0,1.4,44
福岡,2020-05-09,21.0,80,5.8,72
福岡,2020-05-10,20.0,30,4.3,80
福岡,2020-05-11,21.9,0,3.1,56
福岡,2020-05-12,21.2,0,4.1,47
福岡,2020-05-13,17.9,0,3.6,51
福岡,2020-05-14,23.0,0,2.1,50
福岡,2020-05-15,20.5,60,5.5,67
福岡,2020-05-16,22.2,50,2.9,90
福岡,2020-05-17,20.9,10,2.7,84
福岡,2020-05-18,21.3,100,2.1,88
福岡,2020-05-19,19.5,20,6.0,54
福岡,2020-05-20,17.5,10,3.8,66
福岡,2020-05-21,17.1,0,4.4,64
福岡,2020-05-22,20.7,0,3.0,66
福岡,2020-05-23,20.5,0,2.7,79
福岡,2020-05-24,24.5,0,2.7,61
福岡,2020-05-25,22.5,60,2.1,78
福岡,2020-05-26,19.1,80,2.5,88
福岡,2020-05-27,20.4,0,3.7,75
福岡,2020-05-28,22.1,0,3.7,53
福岡,2020-05-29,21.0,0,3.4,70
福岡,2020-05-30,24.0,0,1.2,56
福岡,2020-05-31,24.6,0,2.4,63
福岡,2020-06-01,22.8,70,2.9,81
福岡,2020-06-02,23.1,0,2.8,61
福岡,2020-06-03,23.9,30,2.0,72
福岡,2020-06-04,25.2,0,2.8,68
福岡,2020-06-05,24.8,0,2.5,73
福岡,2020-06-06,22.0,10,2.6,85
福岡,2020-06-07,22.5,0,3.5,73
福岡,2020-06-08,27.5,0,2.7,50
福岡,2020-06-09,30.1,40,1.9,46
福岡,2020-06-10,28.7,0,3.5,52
福岡,2020-06-11,25.7,90,2.9,84
福岡,2020-06-12,26.6,100,2.5,81
福岡,2020-06-13,26.3,100,3.0,86
福岡,2020-06-14,26.4,100,4.0,86
福岡,2020-06-15,26.0,0,3.3,72
福岡,2020-06-16,24.8,0,3.0,66
福岡,2020-06-17,24.4,30,2.3,73
福岡,2020-06-18,24.4,70,2.7,86
福岡,2020-06-19,22.0,100,5.8,79
福岡,2020-06-20,22.7,0,3.6,74
福岡,2020-06-21,24.8,0,3.4,67
福岡,2020-06-22,26.4,0,2.5,66
福岡,2020-06-23,26.2,0,2.7,68
福岡,2020-06-24,28.2,0,1.4,62
福岡,2020-06-25,26.6,100,3.8,86
福岡,2020-06-26,25.9,10,3.9,77
福岡,2020-06-27,26.2,100,1.9,85
福岡,2020-06-28,25.9,0,2.9,78
福岡,2020-06-29,25.6,40,2.9,73
福岡,2020-06-30,25.7,70,4.6,74
福岡,2020-07-01,23.1,60,4.2,73
福岡,2020-07-02,24.9,0,2.7,68
福岡,2020-07-03,22.6,70,2.7,81
福岡,2020-07-04,23.0,40,3.7,82
福岡,2020-07-05,25.7,90,1.4,76
福岡,2020-07-06,25.4,100,3.0,89
福岡,2020-07-07,23.5,90,2.2,87
福岡,2020-07-08,25.4,30,2.8,82
福岡,2020-07-09,26.2,70,4.3,79
福岡,2020-07-10,24.9,100,6.3,89
福岡,2020-07-11,26.4,30,2.9,84
福岡,2020-07-12,23.2,90,1.3,86
福岡,2020-07-13,26.5,80,6.1,85
福岡,2020-07-14,23.7,30,5.2,79
福岡,2020-07-15,22.0,100,3.3,83
福岡,2020-07-16,23.4,10,3.6,77
福岡,2020-07-17,24.0,90,3.8,84
福岡,2020-07-18,24.6,20,2.3,83
福岡,2020-07-19,29.1,80,3.4,76
福岡,2020-07-20,29.7,70,3.3,73
福岡,2020-07-21,27.6,90,2.6,85
福岡,2020-07-22,28.4,40,2.4,77
福岡,2020-07-23,25.6,90,3.0,89
福岡,2020-07-24,27.3,50,3.3,70
福岡,2020-07-25,24.8,90,2.9,77
福岡,2020-07-26,25.4,90,2.8,85
福岡,2020-07-27,26.2,100,3.7,89
福岡,2020-07-28,28.0,70,2.3,81
福岡,2020-07-29,28.0,100,1.7,82
福岡,2020-07-30,29.6,60,2.4,74
福岡,2020-07-31,29.0,10,3.7,75
福岡,2020-08-01,28.7,20,2.4,76
福岡,2020-08-02,29.9,50,1.4,69
福岡,2020-08-03,30.2,0,2.1,64
福岡,2020-08-04,31.2,0,1.7,59
福岡,2020-08-05,30.7,20,2.1,67
福岡,2020-08-06,30.6,50,4.2,66
福岡,2020-08-07,28.9,20,3.6,76
福岡,2020-08-08,29.1,50,3.8,76
福岡,2020-08-09,30.2,70,4.7,67
福岡,2020-08-10,28.8,100,6.2,78
福岡,2020-08-11,27.2,90,3.3,87
福岡,2020-08-12,31.1,60,2.3,69
福岡,2020-08-13,31.7,30,3.1,69
福岡,2020-08-14,33.1,0,2.3,56
福岡,2020-08-15,32.0,0,3.8,55
福岡,2020-08-16,30.8,0,3.0,64
福岡,2020-08-17,30.6,10,3.1,64
福岡,2020-08-18,30.5,0,2.8,62
福岡,2020-08-19,31.1,0,2.6,60
福岡,2020-08-20,31.8,0,2.9,62
福岡,2020-08-21,30.9,0,3.5,68
福岡,2020-08-22,29.9,70,2.0,72
福岡,2020-08-23,28.2,70,1.9,76
福岡,2020-08-24,30.6,0,2.6,65
福岡,2020-08-25,33.8,30,3.2,50
福岡,2020-08-26,30.8,40,5.8,62
福岡,2020-08-27,27.5,70,3.5,80
福岡,2020-08-28,28.2,60,2.7,76
福岡,2020-08-29,30.6,10,2.7,70
福岡,2020-08-30,29.8,0,2.8,77
福岡,2020-08-31,29.6,40,3.6,78
福岡,2020-09-01,31.8,10,2.2,64
福岡,2020-09-02,31.7,0,7.6,62
福岡,2020-09-03,28.7,50,3.6,64
福岡,2020-09-04,26.0,0,2.8,76
福岡,2020-09-05,25.5,70,3.3,86
福岡,2020-09-06,25.4,100,5.5,89
福岡,2020-09-07,25.8,80,6.7,78
福岡,2020-09-08,28.5,0,3.6,58
福岡,2020-09-09,25.1,30,1.4,77
福岡,2020-09-10,26.0,60,1.7,73
福岡,2020-09-11,26.3,10,1.2,76
福岡,2020-09-12,23.8,70,3.0,87
福岡,2020-09-13,23.2,40,4.7,78
福岡,2020-09-14,23.3,0,2.7,71
福岡,2020-09-15,24.8,10,2.2,73
福岡,2020-09-16,23.4,90,1.5,88
福岡,2020-09-17,24.0,100,1.9,90
福岡,2020-09-18,21.2,40,3.3,80
福岡,2020-09-19,23.3,0,2.7,59
福岡,2020-09-20,22.7,10,4.2,49
福岡,2020-09-21,22.1,0,4.6,60
福岡,2020-09-22,22.9,0,3.6,66
福岡,2020-09-23,23.8,20,3.6,70
福岡,2020-09-24,21.6,100,2.0,88
福岡,2020-09-25,22.5,80,5.1,84
福岡,2020-09-26,22.4,40,5.7,72
福岡,2020-09-27,21.8,10,6.6,66
福岡,2020-09-28,21.8,0,3.7,58
福岡,2020-09-29,22.6,0,2.7,67
福岡,2020-09-30,21.8,70,3.9,76
福岡,2020-10-01,22.0,40,4.6,70
福岡,2020-10-02,23.8,0,1.9,69
福岡,2020-10-03,23.2,40,2.0,74
福岡,2020-10-04,23.2,70,1.3,76
福岡,2020-10-05,19.1,0,5.7,55
福岡,2020-10-06,20.4,0,4.9,54
福岡,2020-10-07,20.8,0,4.2,55
福岡,2020-10-08,18.6,10,5.3,68
福岡,2020-10-09,22.5,0,5.0,65
福岡,2020-10-10,21.1,80,6.0,83
福岡,2020-10-11,20.9,0,4.0,71
福岡,2020-10-12,20.1,40,3.6,74
福岡,2020-10-13,21.0,0,3.8,67
福岡,2020-10-14,20.0,0,5.8,58
福岡,2020-10-15,19.6,0,4.6,58
福岡,2020-10-16,19.9,10,3.1,60
福岡,2020-10-17,17.1,10,2.7,69
福岡,2020-10-18,19.0,0,3.3,66
福岡,2020-10-19,19.6,0,3.7,60
福岡,2020-10-20,19.8,0,3.4,52
福岡,2020-10-21,21.6,10,1.7,57
福岡,2020-10-22,19.3,100,2.9,92
福岡,2020-10-23,14.7,0,5.4,59
福岡,2020-10-24,14.5,0,4.6,56
福岡,2020-10-25,16.6,0,3.3,62
福岡,2020-10-26,17.9,0,1.8,57
福岡,2020-10-27,18.1,0,2.0,67
福岡,2020-10-28,18.2,0,1.4,72
福岡,2020-10-29,18.7,0,2.9,63
福岡,2020-10-30,17.0,10,5.0,65
福岡,2020-10-31,16.1,0,3.2,60
福岡,2020-11-01,20.6,30,2.5,63
福岡,2020-11-02,15.8,100,2.3,89
福岡,2020-11-03,14.0,10,6.6,51
福岡,2020-11-04,11.6,0,3.9,58
福岡,2020-11-05,14.8,0,1.9,57
福岡,2020-11-06,20.1,0,2.3,60
福岡,2020-11-07,18.7,10,2.0,88
福岡,2020-11-08,16.8,0,4.0,52
福岡,2020-11-09,12.4,0,4.6,54
福岡,2020-11-10,14.1,0,3.5,57
福岡,2020-11-11,14.3,0,2.8,57
福岡,2020-11-12,15.1,0,2.0,65
福岡,2020-11-13,15.9,0,2.6,68
福岡,2020-11-14,16.7,0,3.1,59
福岡,2020-11-15,18.2,0,1.7,66
福岡,2020-11-16,19.2,10,1.5,76
福岡,2020-11-17,21.1,0,1.5,72
福岡,2020-11-18,22.1,0,2.8,61
福岡,2020-11-19,22.4,50,7.0,72
福岡,2020-11-20,15.4,0,5.6,70
福岡,2020-11-21,15.4,0,3.2,63
福岡,2020-11-22,17.0,60,2.4,81
福岡,2020-11-23,12.4,0,3.8,61
福岡,2020-11-24,14.2,0,1.7,64
福岡,2020-11-25,14.5,40,2.4,76
福岡,2020-11-26,14.4,10,1.4,71
福岡,2020-11-27,15.0,20,4.7,68
福岡,2020-11-28,9.4,0,5.1,61
福岡,2020-11-29,9.7,10,4.7,62
福岡,2020-11-30,9.1,0,4.4,57
福岡,2020-12-01,11.5,0,3.7,57
福岡,2020-12-02,12.2,0,2.8,62
福岡,2020-12-03,11.0,0,5.6,56
福岡,2020-12-04,10.5,0,2.9,57
福岡,2020-12-05,9.6,0,4.0,58
福岡,2020-12-06,11.1,0,2.4,66
福岡,2020-12-07,11.9,0,2.7,65
福岡,2020-12-08,9.0,0,4.8,60
福岡,2020-12-09,10.6,0,2.3,60
福岡,2020-12-10,12.5,0,2.0,60
福岡,2020-12-11,12.8,0,2.3,66
福岡,2020-12-12,11.8,0,5.0,55
福岡,2020-12-13,10.5,0,1.7,55
福岡,2020-12-14,4.3,0,6.8,50
福岡,2020-12-15,2.5,0,6.6,54
福岡,2020-12-16,3.7,40,7.1,58
福岡,2020-12-17,4.4,0,4.3,54
福岡,2020-12-18,7.3,10,3.6,61
福岡,2020-12-19,6.1,0,5.8,48
福岡,2020-12-20,6.1,0,4.3,54
福岡,2020-12-21,6.6,0,3.6,55
福岡,2020-12-22,8.5,0,3.6,56
福岡,2020-12-23,9.8,0,1.3,54
福岡,2020-12-24,10.4,50,2.7,81
福岡,2020-12-25,6.9,0,5.3,54
福岡,2020-12-26,8.6,0,1.8,55
福岡,2020-12-27,9.3,60,2.2,67
福岡,2020-12-28,12.2,10,2.8,71
福岡,2020-12-29,13.7,30,2.9,67
福岡,2020-12-30,1.7,30,10.7,59
福岡,2020-12-31,1.9,0,5.9,56
福岡,2021-01-01,4.4,50,3.3,66
福岡,2021-01-02,6.0,70,4.5,67
福岡,2021-01-03,4.9,0,5.0,56
福岡,2021-01-04,6.8,0,2.9,60
福岡,2021-01-05,8.7,0,4.1,62
福岡,2021-01-06,3.0,0,5.6,57
福岡,2021-01-07,-0.5,60,9.1,57
福岡,2021-01-08,-1.4,30,6.7,57
福岡,2021-01-09,0.3,70,5.6,66
福岡,2021-01-10,2.6,20,4.2,61
福岡,2021-01-11,5.1,0,1.6,63
福岡,2021-01-12,5.0,40,3.9,64
福岡,2021-01-13,8.0,0,3.4,72
福岡,2021-01-14,11.8,0,1.4,72
福岡,2021-01-15,13.0,0,3.6,67
福岡,2021-01-16,9.9,10,4.9,61
福岡,2021-01-17,3.0,0,6.0,53
福岡,2021-01-18,6.4,50,4.9,64
福岡,2021-01-19,5.0,0,4.0,60
福岡,2021-01-20,9.0,0,1.6,59
福岡,2021-01-21,12.5,0,2.1,70
福岡,2021-01-22,15.1,40,1.7,88
福岡,2021-01-23,11.1,90,3.3,90
福岡,2021-01-24,9.9,0,5.8,74
福岡,2021-01-25,9.8,0,3.3,62
福岡,2021-01-26,11.5,80,2.4,89
福岡,2021-01-27,10.7,30,5.6,65
福岡,2021-01-28,9.4,0,4.4,64
福岡,2021-01-29,1.3,0,7.4,56
福岡,2021-01-30,6.6,0,3.7,57
福岡,2021-01-31,10.4,0,1.5,61
福岡,2021-02-01,12.9,100,6.0,79
福岡,2021-02-02,7.6,0,6.0,51
福岡,2021-02-03,5.3,0,3.8,59
福岡,2021-02-04,8.4,30,3.7,72
福岡,2021-02-05,9.1,0,1.5,65
福岡,2021-02-06,11.5,0,3.2,75
福岡,2021-02-07,12.0,20,3.5,70
福岡,2021-02-08,7.2,0,6.5,52
福岡,2021-02-09,5.8,0,3.8,58
福岡,2021-02-10,9.9,0,3.4,58
福岡,2021-02-11,10.9,0,1.9,61
福岡,2021-02-12,12.9,0,2.1,58
福岡,2021-02-13,16.1,10,1.4,68
福岡,2021-02-14,17.6,40,1.9,70
福岡,2021-02-15,11.9,40,8.1,79
福岡,2021-02-16,6.9,0,4.5,58
福岡,2021-02-17,1.3,50,9.7,56
福岡,2021-02-18,1.4,30,6.8,60
福岡,2021-02-19,8.2,0,3.7,60
福岡,2021-02-20,15.2,0,4.9,61
福岡,2021-02-21,18.1,0,4.4,57
福岡,2021-02-22,18.9,0,3.6,57
福岡,2021-02-23,11.3,0,4.4,62
福岡,2021-02-24,10.7,0,3.6,58
福岡,2021-02-25,12.4,10,3.0,60
福岡,2021-02-26,6.6,80,5.0,88
福岡,2021-02-27,9.0,0,4.2,56
福岡,2021-02-28,15.4,0,4.3,65
福岡,2021-03-01,19.0,0,5.5,66
福岡,2021-03-02,7.8,90,7.2,73
福岡,2021-03-03,8.5,0,3.3,54
福岡,2021-03-04,12.5,20,3.1,66
福岡,2021-03-05,13.7,20,3.5,86
福岡,2021-03-06,12.4,0,6.5,77
福岡,2021-03-07,8.8,30,3.4,69
福岡,2021-03-08,11.2,0,4.8,64
福岡,2021-03-09,10.2,0,2.3,72
福岡,2021-03-10,13.4,0,4.0,67
福岡,2021-03-11,14.6,0,1.9,56
福岡,2021-03-12,14.1,100,2.9,86
福岡,2021-03-13,11.9,30,5.8,72
福岡,2021-03-14,13.1,70,3.0,67
福岡,2021-03-15,14.7,0,2.0,61
福岡,2021-03-16,16.9,70,2.9,86
福岡,2021-03-17,14.0,0,4.0,71
福岡,2021-03-18,15.2,0,2.6,66
福岡,2021-03-19,15.2,0,2.3,76
福岡,2021-03-20,18.4,60,4.9,78
福岡,2021-03-21,12.0,70,5.2,81
福岡,2021-03-22,8.8,20,6.1,52
福岡,2021-03-23,12.9,0,4.6,48
福岡,2021-03-24,15.1,0,1.0,56
福岡,2021-03-25,15.8,0,3.2,63
福岡,2021-03-26,16.8,0,2.2,51
福岡,2021-03-27,19.7,0,3.1,46
福岡,2021-03-28,16.0,50,3.3,74
福岡,2021-03-29,18.5,0,4.3,70
福岡,2021-03-30,15.8,0,3.0,68
福岡,2021-03-31,15.2,0,2.5,60
福岡,2021-04-01,18.0,0,4.0,58
福岡,2021-04-02,21.5,10,4.6,56
福岡,2021-04-03,23.0,10,3.9,61
福岡,2021-04-04,14.5,100,5.0,88
福岡,2021-04-05,11.8,0,7.8,60
福岡,2021-04-06,13.1,0,3.9,58
福岡,2021-04-07,16.2,0,3.7,60
福岡,2021-04-08,16.0,0,2.9,52
福岡,2021-04-09,15.4,0,4.8,53
福岡,2021-04-10,14.0,0,4.1,47
福岡,2021-04-11,17.6,0,2.9,43
福岡,2021-04-12,18.1,70,3.2,74
福岡,2021-04-13,16.8,30,5.1,82
福岡,2021-04-14,12.3,20,6.0,63
福岡,2021-04-15,15.7,0,2.8,43
福岡,2021-04-16,16.5,40,3.4,62
福岡,2021-04-17,16.8,40,5.3,70
福岡,2021-04-18,12.4,0,5.9,50
福岡,2021-04-19,16.0,0,4.3,48
福岡,2021-04-20,18.4,0,2.5,50
福岡,2021-04-21,20.2,0,2.5,61
福岡,2021-04-22,23.7,0,2.1,41
福岡,2021-04-23,21.6,0,3.7,46
福岡,2021-04-24,20.1,10,3.3,64
福岡,2021-04-25,17.5,0,6.4,59
福岡,2021-04-26,16.8,0,4.9,35
福岡,2021-04-27,19.2,0,1.4,53
福岡,2021-04-28,18.6,90,1.2,75
福岡,2021-04-29,17.1,40,3.2,79
福岡,2021-04-30,18.8,40,5.7,52
福岡,2021-05-01,16.4,50,6.0,66
福岡,2021-05-02,13.4,100,6.5,68
福岡,2021-05-03,17.3,0,2.8,61
福岡,2021-05-04,19.5,0,3.5,64
福岡,2021-05-05,18.9,20,4.4,62
福岡,2021-05-06,19.1,0,2.3,50
福岡,2021-05-07,19.5,30,3.4,73
福岡,2021-05-08,20.6,0,2.7,66
福岡,2021-05-09,20.3,0,3.6,49
福岡,2021-05-10,20.5,0,2.9,52
福岡,2021-05-11,21.4,50,2.0,70
福岡,2021-05-12,17.9,100,4.4,88
福岡,2021-05-13,21.9,40,2.5,81
福岡,2021-05-14,24.6,20,2.0,75
福岡,2021-05-15,22.3,90,4.8,90
福岡,2021-05-16,25.9,100,4.6,83
福岡,2021-05-17,21.5,50,4.2,88
福岡,2021-05-18,19.3,80,2.7,82
福岡,2021-05-19,20.6,0,2.1,69
福岡,2021-05-20,22.8,100,4.7,88
福岡,2021-05-21,19.8,20,4.7,67
福岡,2021-05-22,18.9,20,3.4,72
福岡,2021-05-23,22.7,0,2.4,66
福岡,2021-05-24,17.8,60,3.1,84
福岡,2021-05-25,22.6,10,5.4,62
福岡,2021-05-26,19.6,30,2.2,63
福岡,2021-05-27,20.6,0,4.8,74
福岡,2021-05-28,22.6,0,6.3,65
福岡,2021-05-29,21.1,0,3.5,54
福岡,2021-05-30,22.4,0,2.5,57
福岡,2021-05-31,23.8,0,2.4,61
福岡,2021-06-01,26.0,0,2.4,57
福岡,2021-06-02,23.4,0,1.9,67
福岡,2021-06-03,22.3,100,5.2,87
福岡,2021-06-04,19.4,40,2.9,84
福岡,2021-06-05,22.3,0,2.5,62
福岡,2021-06-06,22.5,0,1.8,64
福岡,2021-06-07,24.9,0,2.6,72
福岡,2021-06-08,24.7,0,2.8,74
福岡,2021-06-09,26.8,0,2.3,67
福岡,2021-06-10,27.6,0,2.0,72
福岡,2021-06-11,23.5,70,4.9,79
福岡,2021-06-12,26.3,30,3.6,76
福岡,2021-06-13,24.0,100,2.8,88
福岡,2021-06-14,23.5,30,2.8,83
福岡,2021-06-15,24.4,70,1.5,80
福岡,2021-06-16,22.6,60,4.0,80
福岡,2021-06-17,24.1,60,2.6,79
福岡,2021-06-18,23.2,100,1.0,87
福岡,2021-06-19,23.7,10,3.2,78
福岡,2021-06-20,24.4,0,2.4,69
福岡,2021-06-21,26.1,0,2.6,56
福岡,2021-06-22,23.7,0,3.7,76
福岡,2021-06-23,23.7,0,3.1,75
福岡,2021-06-24,23.2,0,3.6,72
福岡,2021-06-25,23.9,30,2.4,73
福岡,2021-06-26,25.1,10,2.1,65
福岡,2021-06-27,27.3,40,2.7,60
福岡,2021-06-28,26.3,20,3.6,69
福岡,2021-06-29,24.6,10,3.9,76
福岡,2021-06-30,27.0,70,1.9,75
福岡,2021-07-01,28.5,0,4.0,67
福岡,2021-07-02,25.4,50,2.9,86
福岡,2021-07-03,25.8,100,2.8,87
福岡,2021-07-04,29.3,20,4.9,69
福岡,2021-07-05,29.7,80,3.3,67
福岡,2021-07-06,29.5,60,4.1,67
福岡,2021-07-07,29.0,50,2.3,74
福岡,2021-07-08,26.8,50,2.1,85
福岡,2021-07-09,26.8,90,1.8,84
福岡,2021-07-10,27.0,30,4.0,78
福岡,2021-07-11,28.7,90,2.7,70
福岡,2021-07-12,29.2,60,1.6,70
福岡,2021-07-13,29.1,60,2.2,72
福岡,2021-07-14,29.2,80,1.5,70
福岡,2021-07-15,29.1,40,1.2,68
福岡,2021-07-16,28.4,10,3.9,63
福岡,2021-07-17,26.0,60,2.4,79
福岡,2021-07-18,29.0,60,2.7,70
福岡,2021-07-19,29.8,20,2.3,68
福岡,2021-07-20,31.1,0,3.7,56
福岡,2021-07-21,31.1,0,4.3,50
福岡,2021-07-22,30.8,10,4.2,56
福岡,2021-07-23,31.7,0,4.1,52
福岡,2021-07-24,33.0,0,3.8,46
福岡,2021-07-25,32.0,0,3.5,44
福岡,2021-07-26,31.7,0,2.8,48
福岡,2021-07-27,30.2,20,4.2,59
福岡,2021-07-28,30.0,0,3.8,60
福岡,2021-07-29,29.8,0,3.3,54
福岡,2021-07-30,30.8,0,3.8,50
福岡,2021-07-31,30.4,90,1.9,67
福岡,2021-08-01,27.7,100,1.4,84
福岡,2021-08-02,28.9,80,1.3,79
福岡,2021-08-03,28.3,10,2.1,77
福岡,2021-08-04,30.8,40,1.5,67
福岡,2021-08-05,31.6,0,2.2,64
福岡,2021-08-06,31.7,10,3.4,61
福岡,2021-08-07,29.2,80,1.5,76
福岡,2021-08-08,28.0,70,1.7,83
福岡,2021-08-09,27.0,90,6.0,78
福岡,2021-08-10,27.9,50,2.0,73
福岡,2021-08-11,23.0,90,4.2,90
福岡,2021-08-12,25.3,100,2.3,90
福岡,2021-08-13,24.2,100,3.7,94
福岡,2021-08-14,24.0,100,3.5,93
福岡,2021-08-15,26.1,10,3.8,76
福岡,2021-08-16,23.4,100,2.6,90
福岡,2021-08-17,25.4,80,3.1,87
福岡,2021-08-18,25.6,40,1.7,80
福岡,2021-08-19,26.8,60,2.1,75
福岡,2021-08-20,27.6,10,2.2,69
福岡,2021-08-21,27.2,70,5.6,80
福岡,2021-08-22,27.3,80,2.5,82
福岡,2021-08-23,28.7,50,2.6,74
福岡,2021-08-24,28.8,50,4.9,75
福岡,2021-08-25,29.3,90,3.8,76
福岡,2021-08-26,28.4,90,2.0,78
福岡,2021-08-27,29.7,70,3.3,72
福岡,2021-08-28,29.3,40,3.2,70
福岡,2021-08-29,28.6,40,2.9,70
福岡,2021-08-30,28.5,50,3.0,77
福岡,2021-08-31,28.2,100,2.3,79
福岡,2021-09-01,29.7,0,3.2,57
福岡,2021-09-02,26.7,80,3.2,82
福岡,2021-09-03,24.2,100,2.3,90
福岡,2021-09-04,25.6,50,4.5,75
福岡,2021-09-05,25.3,0,3.2,71
福岡,2021-09-06,26.8,0,2.8,63
福岡,2021-09-07,27.9,70,2.1,74
福岡,2021-09-08,26.0,0,4.1,73
福岡,2021-09-09,25.9,20,3.5,74
福岡,2021-09-10,25.3,40,2.2,78
福岡,2021-09-11,24.8,90,1.5,78
福岡,2021-09-12,26.2,10,1.1,76
福岡,2021-09-13,24.4,100,2.1,85
福岡,2021-09-14,22.0,100,4.3,90
福岡,2021-09-15,23.9,20,3.5,84
福岡,2021-09-16,27.7,60,3.5,76
福岡,2021-09-17,25.5,100,10.0,86
福岡,2021-09-18,23.8,90,5.2,79
福岡,2021-09-19,24.8,20,4.3,72
福岡,2021-09-20,27.0,20,1.6,71
福岡,2021-09-21,28.4,0,4.6,67
福岡,2021-09-22,26.4,0,3.2,70
福岡,2021-09-23,25.6,30,3.5,70
福岡,2021-09-24,23.8,0,4.1,69
福岡,2021-09-25,25.2,0,2.6,67
福岡,2021-09-26,24.7,30,4.2,74
福岡,2021-09-27,25.8,10,3.0,69
福岡,2021-09-28,26.2,40,1.3,73
福岡,2021-09-29,28.0,30,1.5,64
福岡,2021-09-30,25.4,40,2.7,77
福岡,2021-10-01,24.1,40,5.4,76
福岡,2021-10-02,24.5,0,2.1,70
福岡,2021-10-03,27.3,0,2.1,50
福岡,2021-10-04,26.0,0,1.9,51
福岡,2021-10-05,26.1,0,2.3,54
福岡,2021-10-06,25.2,0,3.0,67
福岡,2021-10-07,25.4,0,2.1,63
福岡,2021-10-08,26.3,0,1.7,62
福岡,2021-10-09,28.1,0,3.0,55
福岡,2021-10-10,28.5,0,2.2,57
福岡,2021-10-11,26.8,0,3.0,65
福岡,2021-10-12,25.3,50,4.1,78
福岡,2021-10-13,24.6,30,3.6,78
福岡,2021-10-14,23.2,0,4.1,62
福岡,2021-10-15,23.8,0,3.1,62
福岡,2021-10-16,21.0,80,5.1,84
福岡,2021-10-17,16.8,10,7.6,63
福岡,2021-10-18,18.2,0,2.6,57
福岡,2021-10-19,18.2,20,4.3,55
福岡,2021-10-20,16.1,30,3.2,62
福岡,2021-10-21,15.2,60,3.0,68
福岡,2021-10-22,15.4,60,4.3,69
福岡,2021-10-23,16.9,10,4.5,57
福岡,2021-10-24,16.7,0,2.8,56
福岡,2021-10-25,17.4,0,2.5,64
福岡,2021-10-26,19.0,0,2.5,58
福岡,2021-10-27,19.3,0,2.4,54
福岡,2021-10-28,19.1,0,3.6,60
福岡,2021-10-29,18.0,0,4.3,50
福岡,2021-10-30,18.9,10,2.2,60
福岡,2021-10-31,19.1,40,2.9,69
福岡,2021-11-01,19.1,0,2.8,60
福岡,2021-11-02,17.9,60,3.7,65
福岡,2021-11-03,17.2,20,3.4,62
福岡,2021-11-04,18.2,0,4.3,52
福岡,2021-11-05,18.6,0,2.9,47
福岡,2021-11-06,17.2,0,3.3,67
福岡,2021-11-07,18.6,0,3.7,51
福岡,2021-11-08,18.5,60,4.1,76
福岡,2021-11-09,12.3,50,5.6,65
福岡,2021-11-10,12.1,90,5.2,68
福岡,2021-11-11,12.9,60,4.6,68
福岡,2021-11-12,11.6,20,5.6,55
福岡,2021-11-13,13.6,0,3.4,58
福岡,2021-11-14,15.2,50,2.0,69
福岡,2021-11-15,16.2,0,3.0,58
福岡,2021-11-16,15.8,0,2.0,62
福岡,2021-11-17,15.6,0,1.7,57
福岡,2021-11-18,16.0,0,1.8,54
福岡,2021-11-19,16.0,0,1.9,59
福岡,2021-11-20,16.8,0,2.0,58
福岡,2021-11-21,17.0,40,2.5,61
福岡,2021-11-22,12.4,50,6.9,74
福岡,2021-11-23,9.7,30,6.2,62
福岡,2021-11-24,11.7,0,5.2,58
福岡,2021-11-25,14.4,0,4.3,62
福岡,2021-11-26,12.5,0,4.4,54
福岡,2021-11-27,11.6,0,4.7,54
福岡,2021-11-28,11.3,0,2.8,54
福岡,2021-11-29,13.2,0,1.7,59
福岡,2021-11-30,14.6,60,5.7,79
福岡,2021-12-01,8.0,0,7.8,58
福岡,2021-12-02,8.1,0,3.8,59
福岡,2021-12-03,10.3,70,3.7,72
福岡,2021-12-04,8.2,0,7.0,53
福岡,2021-12-05,11.1,0,2.0,59
福岡,2021-12-06,12.3,0,1.8,62
福岡,2021-12-07,11.1,90,3.2,82
福岡,2021-12-08,12.4,0,5.7,63
福岡,2021-12-09,12.0,0,2.3,67
福岡,2021-12-10,14.2,0,1.7,60
福岡,2021-12-11,14.5,40,1.9,78
福岡,2021-12-12,12.9,10,4.8,68
福岡,2021-12-13,8.1,0,3.0,58
福岡,2021-12-14,9.5,0,3.6,60
福岡,2021-12-15,12.7,0,1.8,60
福岡,2021-12-16,11.6,100,1.6,86
福岡,2021-12-17,7.1,30,10.0,57
福岡,2021-12-18,3.6,0,5.2,57
福岡,2021-12-19,8.1,10,7.0,57
福岡,2021-12-20,9.5,0,3.0,61
福岡,2021-12-21,13.9,0,3.7,62
福岡,2021-12-22,12.7,0,2.7,65
福岡,2021-12-23,11.8,0,1.6,59
福岡,2021-12-24,12.3,30,2.4,72
福岡,2021-12-25,5.1,0,7.8,60
福岡,2021-12-26,0.4,0,8.1,54
福岡,2021-12-27,2.8,0,5.9,56
福岡,2021-12-28,7.5,0,2.9,64
福岡,2021-12-29,8.5,50,2.7,83
福岡,2021-12-30,6.1,20,7.0,57
福岡,2021-12-31,3.6,0,6.9,52
福岡,2022-01-01,6.4,0,1.4,56
福岡,2022-01-02,8.6,20,3.5,63
福岡,2022-01-03,8.8,0,3.1,63
福岡,2022-01-04,8.3,0,4.0,54
福岡,2022-01-05,6.4,50,2.3,70
福岡,2022-01-06,8.3,40,3.0,75
福岡,2022-01-07,8.8,0,2.3,59
福岡,2022-01-08,9.9,0,2.3,64
福岡,2022-01-09,9.2,0,2.1,63
福岡,2022-01-10,10.4,0,1.7,60
福岡,2022-01-11,5.0,30,8.2,62
福岡,2022-01-12,3.4,0,5.4,55
福岡,2022-01-13,4.1,70,7.5,65
福岡,2022-01-14,3.6,0,4.5,60
福岡,2022-01-15,7.2,0,2.0,67
福岡,2022-01-16,8.0,80,4.0,78
福岡,2022-01-17,6.1,0,5.3,55
福岡,2022-01-18,4.0,0,4.4,63
福岡,2022-01-19,5.8,0,3.1,55
福岡,2022-01-20,4.8,80,5.3,66
福岡,2022-01-21,6.2,0,3.7,60
福岡,2022-01-22,8.2,0,2.5,66
福岡,2022-01-23,6.9,100,2.1,94
福岡,2022-01-24,8.2,0,5.6,70
福岡,2022-01-25,8.0,0,2.2,66
福岡,2022-01-26,8.9,0,4.0,68
福岡,2022-01-27,9.0,0,1.9,60
福岡,2022-01-28,8.3,0,3.6,56
福岡,2022-01-29,7.4,0,4.0,51
福岡,2022-01-30,7.8,0,2.8,51
福岡,2022-01-31,6.9,0,3.7,56
福岡,2022-02-01,6.5,30,6.9,64
福岡,2022-02-02,6.7,0,3.9,59
福岡,2022-02-03,5.7,0,4.6,60
福岡,2022-02-04,5.3,0,5.8,52
福岡,2022-02-05,3.0,10,7.3,55
福岡,2022-02-06,2.6,0,7.2,52
福岡,2022-02-07,6.1,0,2.6,56
福岡,2022-02-08,7.0,40,3.3,66
福岡,2022-02-09,8.7,0,3.2,56
福岡,2022-02-10,8.3,50,3.6,67
福岡,2022-02-11,8.7,20,3.5,60
福岡,2022-02-12,10.1,0,2.5,61
福岡,2022-02-13,7.7,40,3.4,85
福岡,2022-02-14,9.9,0,3.1,62
福岡,2022-02-15,6.8,0,7.0,62
福岡,2022-02-16,3.1,10,8.2,55
福岡,2022-02-17,0.5,0,6.1,55
福岡,2022-02-18,6.3,0,3.8,50
福岡,2022-02-19,4.8,90,1.8,88
福岡,2022-02-20,2.4,10,8.9,48
福岡,2022-02-21,3.3,0,5.3,48
福岡,2022-02-22,3.6,0,6.0,48
福岡,2022-02-23,3.8,20,4.4,63
福岡,2022-02-24,3.8,0,4.6,53
福岡,2022-02-25,6.6,0,3.9,52
福岡,2022-02-26,10.7,0,3.3,51
福岡,2022-02-27,8.6,0,4.0,51
福岡,2022-02-28,11.8,0,1.9,43
福岡,2022-03-01,12.6,70,4.0,86
福岡,2022-03-02,8.7,0,5.2,62
福岡,2022-03-03,10.1,0,4.2,51
福岡,2022-03-04,11.0,0,2.7,61
福岡,2022-03-05,11.4,0,6.7,52
福岡,2022-03-06,6.0,0,5.5,48
福岡,2022-03-07,7.9,0,3.1,50
福岡,2022-03-08,10.8,0,2.2,50
福岡,2022-03-09,12.7,0,3.4,57
福岡,2022-03-10,13.8,0,2.3,40
福岡,2022-03-11,17.3,10,2.3,54
福岡,2022-03-12,19.0,40,1.6,60
福岡,2022-03-13,18.6,20,4.6,67
福岡,2022-03-14,19.2,50,2.1,78
福岡,2022-03-15,14.1,0,3.1,65
福岡,2022-03-16,16.5,0,2.4,60
福岡,2022-03-17,15.0,0,2.9,72
福岡,2022-03-18,10.8,80,5.8,87
福岡,2022-03-19,10.3,60,6.1,76
福岡,2022-03-20,10.3,0,2.4,69
福岡,2022-03-21,11.8,0,2.5,60
福岡,2022-03-22,10.8,40,5.8,69
福岡,2022-03-23,8.6,50,1.9,74
福岡,2022-03-24,12.8,0,2.7,61
福岡,2022-03-25,17.4,0,2.6,58
福岡,2022-03-26,17.6,60,5.5,84
福岡,2022-03-27,15.3,10,3.3,59
福岡,2022-03-28,11.7,0,4.2,55
福岡,2022-03-29,15.8,0,2.4,63
福岡,2022-03-30,18.5,50,2.6,73
福岡,2022-03-31,13.2,50,4.5,86
福岡,2022-04-01,11.4,0,6.3,51
福岡,2022-04-02,10.4,0,3.9,54
福岡,2022-04-03,12.3,0,4.6,56
福岡,2022-04-04,13.4,0,3.8,56
福岡,2022-04-05,14.6,0,2.6,50
福岡,2022-04-06,15.9,0,3.8,48
福岡,2022-04-07,17.9,0,4.2,53
福岡,2022-04-08,16.9,0,2.5,53
福岡,2022-04-09,19.9,0,1.7,54
福岡,2022-04-10,19.8,0,2.3,61
福岡,2022-04-11,19.2,40,2.9,71
福岡,2022-04-12,21.0,0,2.8,80
福岡,2022-04-13,16.7,40,3.8,86
福岡,2022-04-14,15.0,100,3.1,91
福岡,2022-04-15,13.1,90,7.1,78
福岡,2022-04-16,13.2,0,5.8,60
福岡,2022-04-17,16.5,0,2.6,56
福岡,2022-04-18,16.0,0,1.3,56
福岡,2022-04-19,18.2,0,2.6,56
福岡,2022-04-20,20.6,0,2.4,40
福岡,2022-04-21,15.7,90,1.5,81
福岡,2022-04-22,20.4,0,1.4,71
福岡,2022-04-23,17.9,80,2.7,86
福岡,2022-04-24,20.3,0,1.8,75
福岡,2022-04-25,23.1,0,2.2,74
福岡,2022-04-26,21.9,100,6.6,87
福岡,2022-04-27,18.9,10,4.9,78
福岡,2022-04-28,19.7,0,2.9,75
福岡,2022-04-29,13.7,100,8.8,82
福岡,2022-04-30,14.9,0,4.0,62
福岡,2022-05-01,15.7,30,4.4,65
福岡,2022-05-02,17.3,0,4.6,51
福岡,2022-05-03,16.4,0,2.9,58
福岡,2022-05-04,19.1,0,2.4,64
福岡,2022-05-05,21.9,0,2.6,58
福岡,2022-05-06,22.0,20,2.4,67
福岡,2022-05-07,22.6,30,3.1,68
福岡,2022-05-08,19.6,0,3.5,70
福岡,2022-05-09,18.8,0,4.4,66
福岡,2022-05-10,22.4,10,2.1,58
福岡,2022-05-11,22.0,40,2.3,79
福岡,2022-05-12,21.5,60,2.4,84
福岡,2022-05-13,19.1,100,1.7,93
福岡,2022-05-14,18.0,0,3.7,64
福岡,2022-05-15,17.1,0,3.2,66
福岡,2022-05-16,17.9,0,2.8,62
福岡,2022-05-17,20.6,0,2.9,56
福岡,2022-05-18,22.6,0,2.4,38
福岡,2022-05-19,22.4,0,2.3,45
福岡,2022-05-20,22.6,0,2.2,50
福岡,2022-05-21,21.4,10,3.3,63
福岡,2022-05-22,24.8,0,3.7,46
福岡,2022-05-23,23.3,0,2.4,59
福岡,2022-05-24,25.6,0,3.3,51
福岡,2022-05-25,25.0,10,2.6,55
福岡,2022-05-26,21.6,90,1.7,75
福岡,2022-05-27,24.6,0,5.9,29
福岡,2022-05-28,26.3,0,3.8,37
福岡,2022-05-29,26.0,0,3.3,33
福岡,2022-05-30,23.3,50,3.9,82
福岡,2022-05-31,22.4,20,3.5,67
福岡,2022-06-01,25.2,0,2.8,46
福岡,2022-06-02,24.1,0,3.5,62
福岡,2022-06-03,23.6,0,3.6,64
福岡,2022-06-04,29.0,0,2.7,37
福岡,2022-06-05,20.8,100,3.4,84
福岡,2022-06-06,20.5,90,6.1,81
福岡,2022-06-07,20.2,10,3.8,70
福岡,2022-06-08,21.0,0,4.0,70
福岡,2022-06-09,22.4,20,3.1,77
福岡,2022-06-10,24.2,0,2.3,75
福岡,2022-06-11,20.5,60,3.6,82
福岡,2022-06-12,22.3,60,4.5,80
福岡,2022-06-13,20.6,100,2.8,84
福岡,2022-06-14,20.9,80,4.3,86
福岡,2022-06-15,23.3,40,2.8,82
福岡,2022-06-16,25.4,40,3.4,76
福岡,2022-06-17,26.1,20,1.7,76
福岡,2022-06-18,25.3,0,3.0,79
福岡,2022-06-19,26.2,30,2.4,76
福岡,2022-06-20,25.4,70,2.0,82
福岡,2022-06-21,25.9,90,2.1,81
福岡,2022-06-22,26.7,70,2.3,79
福岡,2022-06-23,28.1,40,5.6,78
福岡,2022-06-24,27.0,90,5.6,79
福岡,2022-06-25,23.5,100,5.6,89
福岡,2022-06-26,28.3,40,4.2,72
福岡,2022-06-27,30.0,10,3.5,64
福岡,2022-06-28,29.9,10,4.9,63
福岡,2022-06-29,30.3,10,4.7,60
福岡,2022-06-30,30.2,20,2.4,64
福岡,2022-07-01,30.3,0,2.6,71
福岡,2022-07-02,33.1,0,1.9,41
福岡,2022-07-03,30.3,10,2.1,65
福岡,2022-07-04,27.8,80,2.5,78
福岡,2022-07-05,26.6,60,3.6,88
福岡,2022-07-06,27.1,70,1.4,87
福岡,2022-07-07,29.1,80,1.5,76
福岡,2022-07-08,29.6,90,2.2,70
福岡,2022-07-09,27.8,10,3.6,74
福岡,2022-07-10,27.7,0,3.0,81
福岡,2022-07-11,28.9,80,2.1,75
福岡,2022-07-12,27.0,30,4.0,80
福岡,2022-07-13,27.3,0,1.9,72
福岡,2022-07-14,30.1,80,3.4,72
福岡,2022-07-15,28.5,30,3.2,73
福岡,2022-07-16,27.1,50,3.2,83
福岡,2022-07-17,27.4,0,3.7,66
福岡,2022-07-18,26.4,70,4.8,85
福岡,2022-07-19,27.7,50,4.8,81
福岡,2022-07-20,29.4,0,2.7,68
福岡,2022-07-21,29.8,60,4.9,78
福岡,2022-07-22,26.6,70,5.4,71
福岡,2022-07-23,26.6,10,2.8,74
福岡,2022-07-24,29.7,40,4.5,72
福岡,2022-07-25,27.8,60,2.7,80
福岡,2022-07-26,27.7,50,3.4,80
福岡,2022-07-27,29.3,60,2.7,76
福岡,2022-07-28,30.8,40,1.7,68
福岡,2022-07-29,32.2,0,5.0,59
福岡,2022-07-30,31.0,70,4.0,71
福岡,2022-07-31,30.8,20,4.4,64
福岡,2022-08-01,31.6,50,5.8,63
福岡,2022-08-02,32.5,20,2.5,56
福岡,2022-08-03,31.7,50,2.7,63
福岡,2022-08-04,30.8,10,4.3,67
福岡,2022-08-05,29.5,40,3.6,72
福岡,2022-08-06,29.0,50,2.4,76
福岡,2022-08-07,29.5,50,1.9,73
福岡,2022-08-08,30.9,90,1.5,69
福岡,2022-08-09,31.9,40,1.8,58
福岡,2022-08-10,31.0,70,2.2,67
福岡,2022-08-11,31.7,60,2.5,60
福岡,2022-08-12,30.3,60,1.9,70
福岡,2022-08-13,28.6,60,2.6,79
福岡,2022-08-14,32.2,30,3.1,61
福岡,2022-08-15,31.6,70,3.9,63
福岡,2022-08-16,29.0,70,3.5,75
福岡,2022-08-17,26.3,90,4.1,85
福岡,2022-08-18,28.4,10,3.3,71
福岡,2022-08-19,30.4,70,3.9,71
福岡,2022-08-20,29.4,50,3.0,78
福岡,2022-08-21,28.4,90,3.2,82
福岡,2022-08-22,28.3,70,2.5,82
福岡,2022-08-23,29.3,30,3.0,72
福岡,2022-08-24,28.8,80,1.5,76
福岡,2022-08-25,26.8,40,3.1,74
福岡,2022-08-26,26.6,10,3.8,66
福岡,2022-08-27,27.0,0,2.9,64
福岡,2022-08-28,27.0,0,4.3,54
福岡,2022-08-29,29.3,0,2.9,58
福岡,2022-08-30,30.5,20,2.8,61
福岡,2022-08-31,29.4,50,3.0,72
福岡,2022-09-01,25.6,100,4.2,85
福岡,2022-09-02,24.4,60,3.3,85
福岡,2022-09-03,25.9,70,2.1,88
福岡,2022-09-04,31.4,0,3.4,60
福岡,2022-09-05,30.0,0,5.7,64
福岡,2022-09-06,25.4,40,4.7,78
福岡,2022-09-07,25.3,0,5.0,59
福岡,2022-09-08,25.8,0,4.3,67
福岡,2022-09-09,26.0,40,3.9,77
福岡,2022-09-10,27.4,0,3.1,76
福岡,2022-09-11,27.3,60,3.0,82
福岡,2022-09-12,29.8,50,2.8,66
福岡,2022-09-13,28.9,60,3.9,73
福岡,2022-09-14,30.1,30,4.1,69
福岡,2022-09-15,31.5,30,2.6,59
福岡,2022-09-16,31.2,0,3.7,53
福岡,2022-09-17,27.5,60,3.8,75
福岡,2022-09-18,26.3,90,8.9,82
福岡,2022-09-19,24.5,100,9.4,90
福岡,2022-09-20,21.3,0,7.7,60
福岡,2022-09-21,21.8,0,4.4,57
福岡,2022-09-22,24.7,0,2.3,64
福岡,2022-09-23,23.3,20,3.4,82
福岡,2022-09-24,21.8,0,4.0,70
福岡,2022-09-25,24.1,0,2.6,68
福岡,2022-09-26,23.6,80,2.2,88
福岡,2022-09-27,22.5,60,3.2,78
福岡,2022-09-28,22.7,10,4.8,78
福岡,2022-09-29,22.7,10,3.5,77
福岡,2022-09-30,23.4,0,2.6,81
福岡,2022-10-01,23.4,0,2.3,78
福岡,2022-10-02,26.3,0,2.0,66
福岡,2022-10-03,27.4,0,3.1,56
福岡,2022-10-04,27.7,20,4.4,67
福岡,2022-10-05,21.4,40,5.0,74
福岡,2022-10-06,20.5,10,1.7,72
福岡,2022-10-07,18.3,30,4.2,73
福岡,2022-10-08,19.7,0,4.6,60
福岡,2022-10-09,18.4,70,2.5,84
福岡,2022-10-10,17.4,0,6.2,58
福岡,2022-10-11,16.8,0,3.6,60
福岡,2022-10-12,19.3,0,3.3,58
福岡,2022-10-13,21.2,0,3.5,68
福岡,2022-10-14,21.2,0,3.2,76
福岡,2022-10-15,21.3,0,2.8,79
福岡,2022-10-16,22.3,0,2.4,79
福岡,2022-10-17,19.9,20,2.5,79
福岡,2022-10-18,17.6,0,5.2,61
福岡,2022-10-19,17.4,20,3.6,61
福岡,2022-10-20,18.8,0,2.4,53
福岡,2022-10-21,21.4,0,2.1,59
福岡,2022-10-22,22.0,40,2.0,72
福岡,2022-10-23,20.3,10,4.0,63
福岡,2022-10-24,16.1,40,4.4,59
福岡,2022-10-25,15.7,20,5.7,59
福岡,2022-10-26,17.2,0,3.4,50
福岡,2022-10-27,18.4,0,1.3,54
福岡,2022-10-28,19.3,0,3.3,60
福岡,2022-10-29,18.0,0,4.7,55
福岡,2022-10-30,17.1,0,4.4,53
福岡,2022-10-31,18.0,0,3.1,58
福岡,2022-11-01,18.0,0,3.3,64
福岡,2022-11-02,18.8,0,2.2,65
福岡,2022-11-03,18.1,0,2.7,72
福岡,2022-11-04,16.0,0,4.8,56
福岡,2022-11-05,15.2,0,3.5,51
福岡,2022-11-06,16.1,0,2.7,52
福岡,2022-11-07,16.3,0,2.5,63
福岡,2022-11-08,17.9,0,1.9,51
福岡,2022-11-09,18.4,0,1.7,46
福岡,2022-11-10,19.5,0,2.1,55
福岡,2022-11-11,20.6,0,1.9,59
福岡,2022-11-12,23.4,0,1.9,50
福岡,2022-11-13,20.3,30,5.0,76
福岡,2022-11-14,15.7,0,3.1,58
福岡,2022-11-15,14.7,0,4.1,60
福岡,2022-11-16,15.5,0,3.8,54
福岡,2022-11-17,16.1,0,1.9,59
福岡,2022-11-18,17.1,0,2.9,64
福岡,2022-11-19,15.5,50,2.4,83
福岡,2022-11-20,17.1,0,3.3,70
福岡,2022-11-21,17.2,0,2.5,67
福岡,2022-11-22,16.3,20,1.4,73
福岡,2022-11-23,15.9,90,4.9,83
福岡,2022-11-24,15.9,0,2.3,67
福岡,2022-11-25,17.2,0,2.3,52
福岡,2022-11-26,17.6,0,3.1,66
福岡,2022-11-27,16.4,0,1.7,66
福岡,2022-11-28,19.8,0,3.7,59
福岡,2022-11-29,19.5,90,4.1,88
福岡,2022-11-30,8.7,20,7.2,66
福岡,2022-12-01,6.9,0,5.7,58
福岡,2022-12-02,7.0,0,4.3,54
福岡,2022-12-03,10.6,0,2.3,61
福岡,2022-12-04,11.2,20,4.3,69
福岡,2022-12-05,10.3,70,3.6,68
福岡,2022-12-06,8.5,0,5.9,50
福岡,2022-12-07,11.2,0,5.0,56
福岡,2022-12-08,11.3,0,2.6,62
福岡,2022-12-09,12.2,0,1.2,59
福岡,2022-12-10,13.4,0,1.5,61
福岡,2022-12-11,11.2,10,5.6,55
福岡,2022-12-12,11.3,0,2.4,58
福岡,2022-12-13,10.3,0,6.6,57
福岡,2022-12-14,5.2,10,7.0,54
福岡,2022-12-15,5.4,0,3.0,59
福岡,2022-12-16,8.9,40,3.3,69
福岡,2022-12-17,5.5,70,5.6,68
福岡,2022-12-18,2.1,60,6.7,58
福岡,2022-12-19,4.5,0,5.8,55
福岡,2022-12-20,7.1,0,2.4,61
福岡,2022-12-21,6.9,100,3.1,83
福岡,2022-12-22,5.1,70,6.8,58
福岡,2022-12-23,1.5,100,10.8,60
福岡,2022-12-24,3.0,0,4.2,71
福岡,2022-12-25,8.7,0,5.3,62
福岡,2022-12-26,8.3,0,3.4,60
福岡,2022-12-27,8.9,0,3.0,57
福岡,2022-12-28,8.3,0,3.8,61
福岡,2022-12-29,6.6,0,3.9,60
福岡,2022-12-30,6.8,0,3.5,56
福岡,2022-12-31,6.6,0,4.7,61
福岡,2023-01-01,8.0,0,3.0,62
福岡,2023-01-02,8.0,0,4.4,53
福岡,2023-01-03,6.5,0,4.2,56
福岡,2023-01-04,6.4,0,4.8,56
福岡,2023-01-05,8.2,0,4.1,56
福岡,2023-01-06,8.9,0,2.6,63
福岡,2023-01-07,8.1,0,7.2,53
福岡,2023-01-08,9.5,0,2.5,59
福岡,2023-01-09,12.4,0,3.0,62
福岡,2023-01-10,9.4,0,3.3,58
福岡,2023-01-11,11.1,0,2.0,67
福岡,2023-01-12,13.9,20,2.9,69
福岡,2023-01-13,15.4,80,7.7,79
福岡,2023-01-14,14.7,90,3.1,93
福岡,2023-01-15,12.0,80,3.5,86
福岡,2023-01-16,7.5,60,6.2,72
福岡,2023-01-17,7.8,60,4.0,79
福岡,2023-01-18,6.3,60,4.0,70
福岡,2023-01-19,6.8,10,3.8,64
福岡,2023-01-20,7.7,30,6.3,58
福岡,2023-01-21,6.7,0,2.2,51
福岡,2023-01-22,5.3,40,2.2,74
福岡,2023-01-23,8.6,20,4.7,70
福岡,2023-01-24,-0.8,70,11.3,58
福岡,2023-01-25,-0.8,0,4.6,64
福岡,2023-01-26,3.1,30,1.5,72
福岡,2023-01-27,3.3,50,8.2,58
福岡,2023-01-28,0.9,10,6.8,57
福岡,2023-01-29,4.8,40,5.3,63
福岡,2023-01-30,5.7,0,5.2,51
福岡,2023-01-31,8.0,0,2.3,51
福岡,2023-02-01,12.3,20,4.5,72
福岡,2023-02-02,7.9,0,4.1,59
福岡,2023-02-03,7.8,0,1.7,59
福岡,2023-02-04,7.7,0,4.4,57
福岡,2023-02-05,7.6,0,2.2,55
福岡,2023-02-06,8.6,10,1.5,65
福岡,2023-02-07,9.1,20,2.0,81
福岡,2023-02-08,10.8,0,3.7,62
福岡,2023-02-09,9.6,0,4.2,58
福岡,2023-02-10,8.5,80,3.8,85
福岡,2023-02-11,11.1,0,1.7,62
福岡,2023-02-12,13.5,20,2.1,73
福岡,2023-02-13,10.2,100,5.5,86
福岡,2023-02-14,7.6,30,3.3,67
福岡,2023-02-15,5.2,0,5.4,58
福岡,2023-02-16,7.3,0,2.4,54
福岡,2023-02-17,11.7,0,2.9,63
福岡,2023-02-18,14.6,100,3.3,82
福岡,2023-02-19,11.4,30,6.0,77
福岡,2023-02-20,7.8,0,5.7,47
福岡,2023-02-21,5.5,20,5.8,56
福岡,2023-02-22,7.7,0,2.8,62
福岡,2023-02-23,10.3,0,2.1,68
福岡,2023-02-24,10.2,30,4.3,67
福岡,2023-02-25,7.4,80,4.3,77
福岡,2023-02-26,7.4,10,4.4,56
福岡,2023-02-27,8.9,0,2.0,63
福岡,2023-02-28,13.8,0,2.4,57
福岡,2023-03-01,13.2,60,3.3,78
福岡,2023-03-02,7.1,0,6.1,46
福岡,2023-03-03,9.3,0,2.8,55
福岡,2023-03-04,11.9,0,2.8,54
福岡,2023-03-05,11.1,0,3.5,55
福岡,2023-03-06,12.1,0,2.3,62
福岡,2023-03-07,15.3,0,2.3,61
福岡,2023-03-08,16.3,0,1.3,57
福岡,2023-03-09,16.5,20,4.5,72
福岡,2023-03-10,17.3,0,2.2,73
福岡,2023-03-11,17.1,0,1.9,76
福岡,2023-03-12,18.1,40,4.3,68
福岡,2023-03-13,6.5,0,4.9,51
福岡,2023-03-14,12.7,0,1.8,45
福岡,2023-03-15,16.9,0,3.5,53
福岡,2023-03-16,14.8,0,3.0,78
福岡,2023-03-17,12.9,30,2.0,71
福岡,2023-03-18,12.3,50,5.2,75
福岡,2023-03-19,13.5,0,2.7,63
福岡,2023-03-20,15.5,10,2.5,58
福岡,2023-03-21,13.6,100,2.5,94
福岡,2023-03-22,21.7,10,3.2,70
福岡,2023-03-23,19.9,50,3.6,84
福岡,2023-03-24,14.7,70,3.9,88
福岡,2023-03-25,14.2,0,4.5,72
福岡,2023-03-26,12.4,70,4.0,78
福岡,2023-03-27,13.6,50,2.6,73
福岡,2023-03-28,14.1,0,3.5,51
福岡,2023-03-29,14.8,0,2.7,44
福岡,2023-03-30,16.8,0,1.6,50
福岡,2023-03-31,18.8,0,3.1,48
福岡,2023-04-01,18.9,0,3.7,57
福岡,2023-04-02,16.0,0,5.2,68
福岡,2023-04-03,16.0,0,3.6,60
福岡,2023-04-04,19.5,0,1.8,53
福岡,2023-04-05,15.8,100,7.4,79
福岡,2023-04-06,16.8,90,2.1,84
福岡,2023-04-07,14.1,20,5.3,65
福岡,2023-04-08,11.8,0,6.3,46
福岡,2023-04-09,14.6,0,3.3,51
福岡,2023-04-10,17.2,0,1.9,53
福岡,2023-04-11,19.8,0,4.9,59
福岡,2023-04-12,15.9,10,4.8,59
福岡,2023-04-13,18.0,0,2.3,42
福岡,2023-04-14,15.9,50,2.9,70
福岡,2023-04-15,15.8,80,4.0,89
福岡,2023-04-16,17.0,40,5.1,59
福岡,2023-04-17,16.2,0,2.4,46
福岡,2023-04-18,22.2,0,5.8,60
福岡,2023-04-19,22.9,20,2.0,74
福岡,2023-04-20,21.6,0,3.0,77
福岡,2023-04-21,18.2,0,4.3,78
福岡,2023-04-22,15.9,0,6.3,47
福岡,2023-04-23,16.7,0,4.2,44
福岡,2023-04-24,12.9,30,3.6,58
福岡,2023-04-25,12.2,100,2.2,90
福岡,2023-04-26,15.2,0,5.5,61
福岡,2023-04-27,18.0,0,2.8,57
福岡,2023-04-28,21.4,0,3.4,54
福岡,2023-04-29,19.3,100,5.4,87
福岡,2023-04-30,16.8,0,3.2,56
福岡,2023-05-01,17.9,0,4.5,58
福岡,2023-05-02,19.8,0,2.7,45
福岡,2023-05-03,21.0,0,2.2,51
福岡,2023-05-04,20.2,10,2.8,68
福岡,2023-05-05,23.2,0,7.8,65
福岡,2023-05-06,21.8,100,3.7,87
福岡,2023-05-07,15.4,100,4.2,92
福岡,2023-05-08,16.0,0,7.1,60
福岡,2023-05-09,17.9,0,3.3,56
福岡,2023-05-10,20.2,0,2.6,51
福岡,2023-05-11,20.4,10,2.6,73
福岡,2023-05-12,21.8,0,1.7,53
福岡,2023-05-13,17.3,100,4.1,82
福岡,2023-05-14,19.3,30,3.3,79
福岡,2023-05-15,21.0,0,2.8,66
福岡,2023-05-16,24.8,0,2.1,71
福岡,2023-05-17,24.9,0,2.5,60
福岡,2023-05-18,20.5,80,2.9,73
福岡,2023-05-19,19.3,50,4.4,83
福岡,2023-05-20,19.6,30,5.1,80
福岡,2023-05-21,21.3,0,3.8,78
福岡,2023-05-22,19.8,20,3.0,78
福岡,2023-05-23,18.9,0,5.9,67
福岡,2023-05-24,19.6,0,3.6,59
福岡,2023-05-25,22.1,0,1.9,44
福岡,2023-05-26,24.1,0,2.9,57
福岡,2023-05-27,24.5,0,2.5,63
福岡,2023-05-28,26.3,10,2.2,63
福岡,2023-05-29,26.8,60,2.3,73
福岡,2023-05-30,21.8,60,2.3,89
福岡,2023-05-31,20.9,10,3.3,76
福岡,2023-06-01,26.0,70,1.4,78
福岡,2023-06-02,23.6,20,2.7,86
福岡,2023-06-03,21.2,0,4.2,70
福岡,2023-06-04,23.5,0,2.5,60
福岡,2023-06-05,22.6,0,1.6,62
福岡,2023-06-06,18.8,60,2.3,83
福岡,2023-06-07,23.3,0,2.4,75
福岡,2023-06-08,20.0,90,2.4,83
福岡,2023-06-09,23.2,0,2.2,77
福岡,2023-06-10,25.0,0,2.0,67
福岡,2023-06-11,25.8,70,1.8,68
福岡,2023-06-12,24.9,0,2.9,78
福岡,2023-06-13,24.0,60,1.5,83
福岡,2023-06-14,23.3,30,1.3,84
福岡,2023-06-15,22.9,40,2.8,79
福岡,2023-06-16,24.8,0,2.8,65
福岡,2023-06-17,25.8,0,2.2,59
福岡,2023-06-18,24.0,0,1.6,73
福岡,2023-06-19,24.3,0,3.2,76
福岡,2023-06-20,27.0,0,2.9,72
福岡,2023-06-21,25.1,60,5.0,78
福岡,2023-06-22,24.3,30,4.9,74
福岡,2023-06-23,24.4,20,3.0,74
福岡,2023-06-24,24.2,0,3.0,75
福岡,2023-06-25,24.1,80,2.5,77
福岡,2023-06-26,27.5,50,3.6,77
福岡,2023-06-27,28.5,60,3.2,70
福岡,2023-06-28,27.4,60,3.7,75
福岡,2023-06-29,27.8,100,4.2,78
福岡,2023-06-30,25.7,100,3.8,85
福岡,2023-07-01,25.4,90,1.6,89
福岡,2023-07-02,27.9,80,1.4,80
福岡,2023-07-03,25.9,80,3.4,82
福岡,2023-07-04,28.0,30,2.5,76
福岡,2023-07-05,27.1,90,3.7,84
福岡,2023-07-06,27.5,0,2.3,82
福岡,2023-07-07,27.8,100,2.5,85
福岡,2023-07-08,27.8,100,3.2,84
福岡,2023-07-09,26.3,100,2.5,88
福岡,2023-07-10,27.5,50,3.5,83
福岡,2023-07-11,30.4,40,3.8,64
福岡,2023-07-12,27.2,50,3.4,79
福岡,2023-07-13,29.6,20,3.2,70
福岡,2023-07-14,27.9,20,4.4,78
福岡,2023-07-15,29.8,80,4.8,74
福岡,2023-07-16,31.2,20,4.6,63
福岡,2023-07-17,31.0,30,2.7,64
福岡,2023-07-18,31.5,0,4.1,58
福岡,2023-07-19,27.3,80,3.1,84
福岡,2023-07-20,26.3,10,2.9,77
福岡,2023-07-21,29.4,0,2.2,68
福岡,2023-07-22,29.6,70,1.6,73
福岡,2023-07-23,31.0,20,2.5,62
福岡,2023-07-24,29.3,70,2.0,74
福岡,2023-07-25,29.9,30,1.7,69
福岡,2023-07-26,31.0,70,1.7,64
福岡,2023-07-27,30.8,30,1.5,72
福岡,2023-07-28,30.9,0,2.1,69
福岡,2023-07-29,31.6,50,3.5,60
福岡,2023-07-30,31.7,10,1.9,57
福岡,2023-07-31,32.0,0,1.7,54
福岡,2023-08-01,34.5,0,3.3,46
福岡,2023-08-02,34.0,30,2.9,51
福岡,2023-08-03,34.4,30,1.7,46
福岡,2023-08-04,34.8,40,2.1,45
福岡,2023-08-05,34.3,20,2.7,52
福岡,2023-08-06,35.4,20,5.5,49
福岡,2023-08-07,33.8,20,5.6,50
福岡,2023-08-08,31.8,30,7.4,61
福岡,2023-08-09,28.6,100,8.7,79
福岡,2023-08-10,28.8,80,8.1,79
福岡,2023-08-11,30.4,40,2.4,68
福岡,2023-08-12,28.9,10,3.1,71
福岡,2023-08-13,27.6,30,3.7,80
福岡,2023-08-14,28.7,20,5.2,80
福岡,2023-08-15,26.5,100,6.9,83
福岡,2023-08-16,27.5,50,3.6,80
福岡,2023-08-17,27.0,80,2.3,85
福岡,2023-08-18,29.7,60,1.2,73
福岡,2023-08-19,30.8,30,2.8,70
福岡,2023-08-20,29.7,0,2.5,75
福岡,2023-08-21,29.6,60,1.8,78
福岡,2023-08-22,30.6,20,2.2,68
福岡,2023-08-23,29.3,60,2.0,76
福岡,2023-08-24,31.3,0,3.6,61
福岡,2023-08-25,28.1,70,1.8,75
福岡,2023-08-26,28.6,60,2.0,75
福岡,2023-08-27,30.6,20,1.8,64
福岡,2023-08-28,29.9,60,2.7,74
福岡,2023-08-29,31.9,0,5.2,55
福岡,2023-08-30,30.1,60,2.2,66
福岡,2023-08-31,29.2,80,2.2,72
福岡,2023-09-01,27.7,40,2.8,75
福岡,2023-09-02,28.4,20,1.2,73
福岡,2023-09-03,29.4,0,2.9,74
福岡,2023-09-04,29.1,40,4.3,77
福岡,2023-09-05,27.3,100,5.0,82
福岡,2023-09-06,27.4,40,7.3,71
福岡,2023-09-07,28.0,30,6.7,62
福岡,2023-09-08,26.7,40,4.8,68
福岡,2023-09-09,27.3,0,3.5,64
福岡,2023-09-10,28.3,30,1.7,68
福岡,2023-09-11,27.4,40,2.0,73
福岡,2023-09-12,27.9,30,2.4,72
福岡,2023-09-13,28.8,80,1.5,67
福岡,2023-09-14,25.8,100,1.7,86
福岡,2023-09-15,28.2,80,1.5,82
福岡,2023-09-16,28.7,50,2.3,76
福岡,2023-09-17,25.8,80,2.7,84
福岡,2023-09-18,27.6,80,1.6,79
福岡,2023-09-19,27.6,30,1.6,76
福岡,2023-09-20,28.4,50,1.8,71
福岡,2023-09-21,27.2,30,5.3,74
福岡,2023-09-22,24.3,90,2.6,80
福岡,2023-09-23,25.2,10,5.4,70
福岡,2023-09-24,25.4,0,4.5,54
福岡,2023-09-25,27.9,40,2.1,65
福岡,2023-09-26,27.2,60,1.5,76
福岡,2023-09-27,26.5,20,4.8,77
福岡,2023-09-28,26.0,10,4.4,72
福岡,2023-09-29,26.0,0,2.6,74
福岡,2023-09-30,25.3,70,3.3,77
福岡,2023-10-01,23.8,0,4.6,57
福岡,2023-10-02,23.4,0,4.7,50
福岡,2023-10-03,23.4,0,2.0,58
福岡,2023-10-04,23.7,0,2.8,65
福岡,2023-10-05,21.0,0,6.1,51
福岡,2023-10-06,21.5,0,3.1,50
福岡,2023-10-07,20.8,0,3.1,56
福岡,2023-10-08,17.0,100,3.2,82
福岡,2023-10-09,21.6,20,3.1,76
福岡,2023-10-10,21.6,0,5.9,59
福岡,2023-10-11,21.7,0,4.7,53
福岡,2023-10-12,21.1,0,4.6,51
福岡,2023-10-13,21.6,0,2.4,55
福岡,2023-10-14,21.2,0,2.4,64
福岡,2023-10-15,20.7,0,6.4,54
福岡,2023-10-16,21.7,0,4.8,50
福岡,2023-10-17,21.1,0,3.3,57
福岡,2023-10-18,21.3,0,2.6,55
福岡,2023-10-19,23.6,0,2.6,52
福岡,2023-10-20,17.2,50,5.9,64
福岡,2023-10-21,16.0,0,5.6,44
福岡,2023-10-22,18.9,0,2.6,55
福岡,2023-10-23,19.4,0,2.8,57
福岡,2023-10-24,19.6,0,2.3,53
福岡,2023-10-25,20.6,0,2.5,55
福岡,2023-10-26,21.4,0,3.0,58
福岡,2023-10-27,19.8,20,4.5,54
福岡,2023-10-28,18.7,40,3.9,59
福岡,2023-10-29,18.1,0,3.8,53
福岡,2023-10-30,18.5,0,2.7,46
福岡,2023-10-31,19.7,0,2.1,52
福岡,2023-11-01,22.4,0,2.2,52
福岡,2023-11-02,23.2,0,2.4,54
福岡,2023-11-03,23.8,0,1.1,44
福岡,2023-11-04,23.0,0,2.2,63
福岡,2023-11-05,25.7,0,2.3,43
福岡,2023-11-06,21.8,90,6.3,80
福岡,2023-11-07,16.3,0,6.1,54
福岡,2023-11-08,17.4,0,2.0,58
福岡,2023-11-09,21.9,0,2.7,54
福岡,2023-11-10,17.6,100,4.1,87
福岡,2023-11-11,15.8,30,4.5,68
福岡,2023-11-12,11.1,20,6.0,60
福岡,2023-11-13,10.7,10,4.3,55
福岡,2023-11-14,13.7,0,3.3,57
福岡,2023-11-15,13.8,0,3.4,58
福岡,2023-11-16,13.5,20,3.1,69
福岡,2023-11-17,11.0,60,7.0,64
福岡,2023-11-18,8.8,10,9.7,54
福岡,2023-11-19,13.6,0,5.5,60
福岡,2023-11-20,14.4,0,3.9,55
福岡,2023-11-21,15.3,0,1.4,61
福岡,2023-11-22,18.0,0,1.5,66
福岡,2023-11-23,19.9,0,3.8,66
福岡,2023-11-24,10.0,10,7.3,56
福岡,2023-11-25,10.4,0,3.3,56
福岡,2023-11-26,12.6,0,1.7,62
福岡,2023-11-27,15.8,10,2.9,69
福岡,2023-11-28,12.8,20,7.6,53
福岡,2023-11-29,12.5,30,3.1,70
福岡,2023-11-30,7.7,10,5.6,63
福岡,2023-12-01,8.2,0,6.8,55
福岡,2023-12-02,8.7,0,3.7,54
福岡,2023-12-03,11.4,0,4.0,59
福岡,2023-12-04,12.3,0,1.6,58
福岡,2023-12-05,13.2,10,1.9,59
福岡,2023-12-06,14.4,0,3.0,65
福岡,2023-12-07,11.7,0,4.1,45
福岡,2023-12-08,13.3,0,3.0,59
福岡,2023-12-09,17.2,0,3.3,68
福岡,2023-12-10,18.3,0,2.3,65
福岡,2023-12-11,16.1,100,4.0,83
福岡,2023-12-12,14.3,100,5.9,84
福岡,2023-12-13,13.2,0,3.3,64
福岡,2023-12-14,14.5,70,2.1,80
福岡,2023-12-15,20.7,60,4.4,80
福岡,2023-12-16,9.0,80,8.8,74
福岡,2023-12-17,2.9,50,7.2,60
福岡,2023-12-18,4.2,30,1.3,74
福岡,2023-12-19,5.7,70,1.4,84
福岡,2023-12-20,6.9,10,8.3,63
福岡,2023-12-21,2.0,80,7.3,64
福岡,2023-12-22,1.4,50,8.3,62
福岡,2023-12-23,4.5,0,3.4,61
福岡,2023-12-24,7.4,30,2.8,68
福岡,2023-12-25,6.5,20,5.9,62
福岡,2023-12-26,8.9,0,4.2,66
福岡,2023-12-27,11.2,0,1.7,65
福岡,2023-12-28,11.8,0,3.0,70
福岡,2023-12-29,11.3,0,1.9,67
福岡,2023-12-30,11.2,0,1.7,77
福岡,2023-12-31,11.1,40,9.6,67
福岡,2024-01-01,9.7,0,3.6,64
福岡,2024-01-02,10.5,0,2.2,68
福岡,2024-01-03,8.8,80,4.7,82
福岡,2024-01-04,8.4,0,3.0,64
福岡,2024-01-05,10.4,0,3.9,72
福岡,2024-01-06,11.4,20,4.1,68
福岡,2024-01-07,6.4,20,7.5,57
福岡,2024-01-08,5.5,0,2.2,58
福岡,2024-01-09,9.4,0,2.1,69
福岡,2024-01-10,8.6,60,3.6,79
福岡,2024-01-11,9.6,0,3.7,69
福岡,2024-01-12,11.1,0,5.3,66
福岡,2024-01-13,8.1,0,6.6,56
福岡,2024-01-14,9.8,0,1.6,63
福岡,2024-01-15,9.5,10,6.1,62
福岡,2024-01-16,8.6,0,4.0,61
福岡,2024-01-17,12.0,0,1.8,70
福岡,2024-01-18,14.6,60,2.4,85
福岡,2024-01-19,11.3,10,3.8,81
福岡,2024-01-20,9.4,80,2.6,89
福岡,2024-01-21,11.0,70,5.9,76
福岡,2024-01-22,5.9,50,8.1,73
福岡,2024-01-23,1.4,20,10.0,60
福岡,2024-01-24,2.0,0,8.7,56
福岡,2024-01-25,3.5,0,6.0,56
福岡,2024-01-26,6.5,0,4.0,59
福岡,2024-01-27,8.5,0,3.5,62
福岡,2024-01-28,7.2,60,5.5,66
福岡,2024-01-29,8.1,0,3.9,62
福岡,2024-01-30,8.3,0,1.0,67
福岡,2024-01-31,11.1,80,1.1,89
福岡,2024-02-01,11.2,60,3.0,83
福岡,2024-02-02,9.1,10,3.0,73
福岡,2024-02-03,5.8,60,2.6,79
福岡,2024-02-04,9.3,0,2.9,80
福岡,2024-02-05,9.5,70,2.9,89
福岡,2024-02-06,8.7,30,2.3,74
福岡,2024-02-07,7.8,60,3.7,65
福岡,2024-02-08,8.7,0,1.9,64
福岡,2024-02-09,9.0,10,3.6,63
福岡,2024-02-10,7.7,0,4.8,54
福岡,2024-02-11,8.4,0,7.9,51
福岡,2024-02-12,8.8,0,2.3,57
福岡,2024-02-13,12.9,0,3.0,65
福岡,2024-02-14,15.5,30,4.5,70
福岡,2024-02-15,16.4,70,4.4,86
福岡,2024-02-16,8.6,10,5.7,61
福岡,2024-02-17,9.8,0,1.7,69
福岡,2024-02-18,16.2,0,3.6,58
福岡,2024-02-19,17.6,70,5.5,87
福岡,2024-02-20,14.4,40,2.6,90
福岡,2024-02-21,12.4,80,2.2,94
福岡,2024-02-22,9.7,30,4.8,78
福岡,2024-02-23,8.0,70,5.3,78
福岡,2024-02-24,8.8,0,3.9,54
福岡,2024-02-25,10.0,10,5.0,72
福岡,2024-02-26,9.3,50,6.6,70
福岡,2024-02-27,7.7,10,6.0,56
福岡,2024-02-28,8.7,0,3.1,61
福岡,2024-02-29,7.7,100,3.2,91
福岡,2024-03-01,7.5,0,7.0,55
福岡,2024-03-02,3.6,0,4.5,52
福岡,2024-03-03,8.6,30,4.3,60
福岡,2024-03-04,11.6,0,1.9,61
福岡,2024-03-05,11.6,100,2.5,91
福岡,2024-03-06,10.6,20,7.5,66
福岡,2024-03-07,10.0,0,2.3,61
福岡,2024-03-08,8.2,0,7.1,48
福岡,2024-03-09,7.5,0,4.7,53
福岡,2024-03-10,9.0,0,2.5,51
福岡,2024-03-11,11.7,10,2.3,57
福岡,2024-03-12,11.5,70,6.1,68
福岡,2024-03-13,11.1,0,3.8,54
福岡,2024-03-14,12.2,0,3.0,50
福岡,2024-03-15,13.8,0,3.4,56
福岡,2024-03-16,14.9,0,2.4,57
福岡,2024-03-17,13.6,70,2.1,86
福岡,2024-03-18,11.4,0,4.6,55
福岡,2024-03-19,11.5,30,3.4,66
福岡,2024-03-20,8.6,20,9.6,40
福岡,2024-03-21,9.0,0,3.7,54
福岡,2024-03-22,14.0,0,3.0,47
福岡,2024-03-23,18.4,90,2.9,85
福岡,2024-03-24,15.4,50,2.3,89
福岡,2024-03-25,14.3,60,2.5,88
福岡,2024-03-26,11.3,100,8.2,78
福岡,2024-03-27,12.8,0,3.2,61
福岡,2024-03-28,13.7,90,8.3,75
福岡,2024-03-29,19.0,0,3.6,52
福岡,2024-03-30,19.5,0,5.0,63
福岡,2024-03-31,16.8,70,2.2,88
福岡,2024-04-01,16.8,0,2.9,66
福岡,2024-04-02,20.3,0,2.3,60
福岡,2024-04-03,20.5,90,2.8,88
福岡,2024-04-04,15.0,50,4.6,82
福岡,2024-04-05,16.0,0,3.0,74
福岡,2024-04-06,17.1,30,2.0,76
福岡,2024-04-07,18.4,10,2.4,81
福岡,2024-04-08,17.4,100,1.2,87
福岡,2024-04-09,14.7,30,7.3,71
福岡,2024-04-10,15.3,0,2.9,56
福岡,2024-04-11,17.5,10,1.2,65
福岡,2024-04-12,20.2,0,2.3,64
福岡,2024-04-13,19.7,0,2.8,71
福岡,2024-04-14,24.0,0,2.6,49
福岡,2024-04-15,18.5,100,6.5,78
福岡,2024-04-16,19.7,10,3.5,85
福岡,2024-04-17,18.2,0,2.1,79
福岡,2024-04-18,17.6,0,5.2,72
福岡,2024-04-19,19.9,0,2.2,53
福岡,2024-04-20,19.0,70,3.3,67
福岡,2024-04-21,17.9,100,1.9,95
福岡,2024-04-22,16.4,60,2.3,94
福岡,2024-04-23,19.2,20,1.9,84
福岡,2024-04-24,17.6,20,4.7,75
福岡,2024-04-25,18.2,0,2.6,73
福岡,2024-04-26,17.8,30,1.5,85
福岡,2024-04-27,19.4,10,2.5,80
福岡,2024-04-28,22.7,10,1.4,77
福岡,2024-04-29,21.8,80,2.5,84
福岡,2024-04-30,18.1,50,3.2,87
福岡,2024-05-01,15.2,100,5.0,84
福岡,2024-05-02,16.5,0,4.8,61
福岡,2024-05-03,21.0,0,2.7,65
福岡,2024-05-04,24.6,0,1.8,57
福岡,2024-05-05,21.9,10,3.5,64
福岡,2024-05-06,21.9,40,4.9,81
福岡,2024-05-07,19.1,20,6.7,66
福岡,2024-05-08,15.8,20,6.6,71
福岡,2024-05-09,16.2,0,3.3,55
福岡,2024-05-10,21.3,0,1.6,58
福岡,2024-05-11,23.0,0,5.0,58
福岡,2024-05-12,19.8,100,3.5,91
福岡,2024-05-13,18.7,0,5.7,64
福岡,2024-05-14,20.0,0,2.4,58
福岡,2024-05-15,20.6,0,2.8,55
福岡,2024-05-16,18.0,0,9.0,45
福岡,2024-05-17,22.9,0,2.1,47
福岡,2024-05-18,22.8,0,2.7,51
福岡,2024-05-19,25.0,0,2.3,46
福岡,2024-05-20,23.7,0,3.0,55
福岡,2024-05-21,21.9,0,3.4,73
福岡,2024-05-22,22.9,0,1.5,72
福岡,2024-05-23,23.9,0,1.6,64
福岡,2024-05-24,22.9,0,3.6,67
福岡,2024-05-25,23.5,0,3.5,55
福岡,2024-05-26,28.4,20,4.9,50
福岡,2024-05-27,24.1,70,3.3,76
福岡,2024-05-28,18.5,80,5.1,80
福岡,2024-05-29,20.0,0,3.2,63
福岡,2024-05-30,22.0,0,1.4,58
福岡,2024-05-31,19.0,10,2.0,71
福岡,2024-06-01,22.5,0,4.5,72
福岡,2024-06-02,20.0,10,3.5,76
福岡,2024-06-03,20.1,0,5.1,66
福岡,2024-06-04,20.3,30,6.1,65
福岡,2024-06-05,22.1,0,3.0,67
福岡,2024-06-06,22.5,20,2.3,64
福岡,2024-06-07,24.8,30,1.9,61
福岡,2024-06-08,24.2,60,3.1,67
福岡,2024-06-09,24.0,40,2.2,80
福岡,2024-06-10,23.3,0,2.5,80
福岡,2024-06-11,24.2,0,2.2,77
福岡,2024-06-12,24.5,0,2.7,74
福岡,2024-06-13,25.4,0,2.9,78
福岡,2024-06-14,26.3,30,2.1,76
福岡,2024-06-15,26.4,30,2.2,71
福岡,2024-06-16,25.8,10,5.3,72
福岡,2024-06-17,23.6,30,1.6,77
福岡,2024-06-18,23.7,0,3.2,73
福岡,2024-06-19,27.3,0,2.1,61
福岡,2024-06-20,22.0,100,3.7,83
福岡,2024-06-21,24.7,0,2.6,81
福岡,2024-06-22,26.2,100,4.1,87
福岡,2024-06-23,26.4,100,4.6,85
福岡,2024-06-24,25.3,50,2.2,82
福岡,2024-06-25,23.6,90,2.5,86
福岡,2024-06-26,22.3,70,1.1,83
福岡,2024-06-27,23.4,100,2.8,90
福岡,2024-06-28,24.8,60,3.7,82
福岡,2024-06-29,26.3,50,4.6,80
福岡,2024-06-30,27.2,90,5.8,83
福岡,2024-07-01,26.3,100,1.4,88
福岡,2024-07-02,29.4,60,3.3,77
福岡,2024-07-03,31.2,40,4.8,66
福岡,2024-07-04,31.0,20,3.9,70
福岡,2024-07-05,31.1,20,4.4,66
福岡,2024-07-06,31.6,0,5.3,60
福岡,2024-07-07,31.8,0,5.6,60
福岡,2024-07-08,32.1,20,5.0,60
福岡,2024-07-09,32.3,0,5.0,56
福岡,2024-07-10,28.8,60,5.3,75
福岡,2024-07-11,25.8,60,2.2,81
福岡,2024-07-12,26.5,40,2.4,79
福岡,2024-07-13,27.5,70,2.3,78
福岡,2024-07-14,25.2,100,2.7,90
福岡,2024-07-15,26.7,50,2.1,79
福岡,2024-07-16,28.3,30,2.5,76
福岡,2024-07-17,30.0,0,2.0,74
福岡,2024-07-18,30.9,40,4.2,68
福岡,2024-07-19,31.1,30,3.8,66
福岡,2024-07-20,32.3,30,2.5,62
福岡,2024-07-21,30.9,100,3.2,72
福岡,2024-07-22,31.4,50,2.0,69
福岡,2024-07-23,32.3,40,2.6,61
福岡,2024-07-24,29.8,50,1.0,73
福岡,2024-07-25,32.1,50,2.2,60
福岡,2024-07-26,31.3,20,3.1,68
福岡,2024-07-27,32.1,40,3.4,65
福岡,2024-07-28,30.7,60,2.9,73
福岡,2024-07-29,31.2,0,5.5,68
福岡,2024-07-30,31.0,0,6.1,66
福岡,2024-07-31,31.3,0,5.3,64
福岡,2024-08-01,32.2,20,3.8,65
福岡,2024-08-02,32.8,0,3.6,61
福岡,2024-08-03,32.9,30,3.6,64
福岡,2024-08-04,32.5,50,3.0,65
福岡,2024-08-05,33.2,40,3.1,58
福岡,2024-08-06,32.4,0,4.1,59
福岡,2024-08-07,31.9,0,4.4,60
福岡,2024-08-08,33.5,0,3.6,48
福岡,2024-08-09,31.8,40,3.6,65
福岡,2024-08-10,31.8,10,4.8,59
福岡,2024-08-11,31.5,0,4.3,55
福岡,2024-08-12,32.0,0,4.5,54
福岡,2024-08-13,32.5,0,4.5,55
福岡,2024-08-14,32.1,60,2.4,56
福岡,2024-08-15,31.2,10,3.1,67
福岡,2024-08-16,31.2,0,4.2,63
福岡,2024-08-17,31.4,0,5.1,56
福岡,2024-08-18,31.9,20,3.1,57
福岡,2024-08-19,32.9,40,5.3,52
福岡,2024-08-20,33.2,0,4.8,57
福岡,2024-08-21,32.3,50,2.7,64
福岡,2024-08-22,32.8,40,3.5,62
福岡,2024-08-23,31.2,80,2.3,70
福岡,2024-08-24,29.8,100,1.9,77
福岡,2024-08-25,28.2,80,1.2,83
福岡,2024-08-26,32.6,50,1.8,55
福岡,2024-08-27,32.4,30,2.5,58
福岡,2024-08-28,27.6,90,5.8,79
福岡,2024-08-29,25.3,100,11.2,92
福岡,2024-08-30,26.5,100,8.6,90
福岡,2024-08-31,28.8,10,4.7,73
福岡,2024-09-01,28.2,0,2.9,72
福岡,2024-09-02,28.1,0,2.6,62
福岡,2024-09-03,28.2,10,3.3,70
福岡,2024-09-04,28.7,20,3.4,71
福岡,2024-09-05,29.3,0,2.0,65
福岡,2024-09-06,29.0,0,2.3,65
福岡,2024-09-07,29.5,0,2.3,67
福岡,2024-09-08,29.6,10,2.9,70
福岡,2024-09-09,32.2,0,3.5,54
福岡,2024-09-10,31.1,40,2.5,69
福岡,2024-09-11,31.2,30,1.6,68
福岡,2024-09-12,30.3,20,2.3,72
福岡,2024-09-13,31.5,10,2.5,63
福岡,2024-09-14,33.1,20,3.6,56
福岡,2024-09-15,34.0,20,3.3,56
福岡,2024-09-16,31.2,70,2.2,71
福岡,2024-09-17,32.3,0,2.6,61
福岡,2024-09-18,32.3,0,2.5,52
福岡,2024-09-19,35.2,10,2.9,42
福岡,2024-09-20,33.2,10,3.3,51
福岡,2024-09-21,29.7,60,4.4,66
福岡,2024-09-22,26.7,50,4.0,79
福岡,2024-09-23,25.1,0,6.2,60
福岡,2024-09-24,26.7,0,3.3,61
福岡,2024-09-25,25.5,60,1.6,76
福岡,2024-09-26,28.1,0,2.4,67
福岡,2024-09-27,26.8,20,3.7,79
福岡,2024-09-28,27.0,20,3.9,73
福岡,2024-09-29,26.7,0,4.4,65
福岡,2024-09-30,26.7,20,1.9,72
福岡,2024-10-01,26.5,0,2.8,63
福岡,2024-10-02,18.9,80,4.1,83
福岡,2024-10-03,20.7,60,1.1,84
福岡,2024-10-04,23.1,0,4.5,68
福岡,2024-10-05,24.2,40,2.7,72
福岡,2024-10-06,24.8,70,2.4,84
福岡,2024-10-07,21.3,100,3.7,87
福岡,2024-10-08,20.9,80,4.5,81
福岡,2024-10-09,21.9,10,5.4,63
福岡,2024-10-10,21.8,0,3.6,70
福岡,2024-10-11,22.0,0,3.0,62
福岡,2024-10-12,21.8,0,2.6,60
福岡,2024-10-13,23.0,0,2.9,66
福岡,2024-10-14,24.1,10,3.6,73
福岡,2024-10-15,24.4,50,2.5,82
福岡,2024-10-16,24.5,60,3.2,81
福岡,2024-10-17,24.6,30,2.4,78
福岡,2024-10-18,27.4,0,3.0,69
福岡,2024-10-19,23.9,70,3.0,84
福岡,2024-10-20,18.8,0,5.4,59
福岡,2024-10-21,24.1,0,4.3,69
福岡,2024-10-22,22.6,60,3.9,88
福岡,2024-10-23,19.3,0,6.2,70
福岡,2024-10-24,20.3,0,2.8,69
福岡,2024-10-25,21.5,0,2.5,70
福岡,2024-10-26,21.2,20,1.0,84
福岡,2024-10-27,21.4,60,2.8,90
福岡,2024-10-28,20.0,10,3.8,72
福岡,2024-10-29,20.1,0,2.6,77
福岡,2024-10-30,20.0,0,4.8,66
福岡,2024-10-31,19.5,0,2.0,72
福岡,2024-11-01,19.6,100,1.2,91
福岡,2024-11-02,20.2,90,6.7,84
福岡,2024-11-03,20.2,0,3.2,56
福岡,2024-11-04,20.5,0,2.7,70
福岡,2024-11-05,19.2,10,3.0,73
福岡,2024-11-06,15.7,10,5.7,58
福岡,2024-11-07,17.0,0,3.5,59
福岡,2024-11-08,16.2,0,3.2,68
福岡,2024-11-09,19.5,0,2.2,71
福岡,2024-11-10,18.3,70,1.1,84
福岡,2024-11-11,19.0,20,3.4,74
福岡,2024-11-12,18.6,0,3.1,73
福岡,2024-11-13,18.7,20,2.3,70
福岡,2024-11-14,20.2,0,1.3,72
福岡,2024-11-15,18.9,50,1.7,88
福岡,2024-11-16,20.4,0,1.3,85
福岡,2024-11-17,19.1,90,3.4,85
福岡,2024-11-18,13.3,30,5.7,62
福岡,2024-11-19,12.1,0,3.2,56
福岡,2024-11-20,14.1,0,1.4,62
福岡,2024-11-21,14.8,0,2.7,58
福岡,2024-11-22,14.9,0,3.8,52
福岡,2024-11-23,12.1,60,2.4,68
福岡,2024-11-24,12.7,0,2.7,57
福岡,2024-11-25,13.4,0,2.5,58
福岡,2024-11-26,14.0,70,5.6,82
福岡,2024-11-27,10.2,90,4.2,75
福岡,2024-11-28,9.6,80,4.5,66
福岡,2024-11-29,9.6,100,5.2,63
福岡,2024-11-30,11.4,0,5.5,58
福岡,2024-12-01,13.4,0,1.4,61
福岡,2024-12-02,15.9,20,2.1,67
福岡,2024-12-03,14.3,0,3.4,56
福岡,2024-12-04,10.6,0,3.8,56
福岡,2024-12-05,11.3,0,5.2,53
福岡,2024-12-06,11.8,0,5.0,49
福岡,2024-12-07,9.4,0,3.7,45
福岡,2024-12-08,8.2,0,5.3,49
福岡,2024-12-09,8.8,0,2.4,60
福岡,2024-12-10,10.1,0,2.6,61
福岡,2024-12-11,10.2,0,2.0,62
福岡,2024-12-12,11.1,20,2.8,68
福岡,2024-12-13,9.4,40,3.0,61
福岡,2024-12-14,7.3,0,5.2,47
福岡,2024-12-15,8.6,10,5.7,54
福岡,2024-12-16,8.7,40,4.6,54
福岡,2024-12-17,9.2,10,3.8,55
福岡,2024-12-18,7.1,50,3.9,60
福岡,2024-12-19,7.6,40,3.5,60
福岡,2024-12-20,8.5,0,1.5,52
福岡,2024-12-21,8.1,70,5.4,74
福岡,2024-12-22,5.8,0,5.6,54
福岡,2024-12-23,7.7,0,3.7,54
福岡,2024-12-24,8.3,0,2.9,53
福岡,2024-12-25,9.8,10,2.1,62
福岡,2024-12-26,10.5,0,5.2,58
福岡,2024-12-27,6.1,0,4.2,58
福岡,2024-12-28,5.7,40,5.8,51
福岡,2024-12-29,7.2,0,3.4,57
福岡,2024-12-30,10.4,0,2.5,61
福岡,2024-12-31,9.4,0,5.4,44
那覇,2019-01-01,19.4,0,5.3,60
那覇,2019-01-02,18.2,10,5.9,67
那覇,2019-01-03,16.9,90,5.6,80
那覇,2019-01-04,20.6,0,5.0,61
那覇,2019-01-05,22.0,100,6.5,88
那覇,2019-01-06,19.5,20,6.8,76
那覇,2019-01-07,19.8,0,3.0,58
那覇,2019-01-08,20.0,60,3.1,75
那覇,2019-01-09,18.5,10,4.6,67
那覇,2019-01-10,20.9,0,3.5,70
那覇,2019-01-11,20.9,100,6.1,86
那覇,2019-01-12,22.0,30,6.6,79
那覇,2019-01-13,19.5,0,5.6,60
那覇,2019-01-14,19.6,0,3.6,54
那覇,2019-01-15,20.8,0,2.3,60
那覇,2019-01-16,17.6,70,5.8,78
那覇,2019-01-17,15.8,90,7.1,80
那覇,2019-01-18,17.6,0,4.8,51
那覇,2019-01-19,20.0,0,2.8,55
那覇,2019-01-20,20.5,40,6.3,78
那覇,2019-01-21,16.8,10,6.0,60
那覇,2019-01-22,16.8,20,5.3,60
那覇,2019-01-23,17.5,0,4.3,50
那覇,2019-01-24,17.1,0,4.2,52
那覇,2019-01-25,18.4,0,2.7,47
那覇,2019-01-26,14.7,10,9.9,56
那覇,2019-01-27,15.5,0,4.7,49
那覇,2019-01-28,18.3,10,1.7,52
那覇,2019-01-29,18.5,0,3.8,60
那覇,2019-01-30,20.3,10,1.8,66
那覇,2019-01-31,22.5,50,7.4,66
那覇,2019-02-01,16.0,30,6.8,61
那覇,2019-02-02,18.8,0,2.3,53
那覇,2019-02-03,22.4,0,5.8,65
那覇,2019-02-04,20.3,20,4.9,79
那覇,2019-02-05,21.2,80,5.5,86
那覇,2019-02-06,22.2,10,4.4,74
那覇,2019-02-07,22.3,50,5.5,84
那覇,2019-02-08,20.8,90,3.3,82
那覇,2019-02-09,19.9,50,6.5,76
那覇,2019-02-10,18.8,40,3.1,70
那覇,2019-02-11,18.7,30,6.4,77
那覇,2019-02-12,19.8,0,4.5,68
那覇,2019-02-13,20.9,60,6.4,80
那覇,2019-02-14,21.1,30,3.1,73
那覇,2019-02-15,22.4,30,6.3,80
那覇,2019-02-16,20.7,20,5.6,75
那覇,2019-02-17,17.7,70,4.8,76
那覇,2019-02-18,21.0,40,6.8,74
那覇,2019-02-19,23.6,60,8.1,82
那覇,2019-02-20,23.1,60,2.6,84
那覇,2019-02-21,23.0,90,2.9,86
那覇,2019-02-22,22.4,80,7.9,81
那覇,2019-02-23,18.9,0,5.2,61
那覇,2019-02-24,19.2,100,2.2,84
那覇,2019-02-25,21.4,50,3.4,76
那覇,2019-02-26,21.4,0,3.9,66
那覇,2019-02-27,22.6,0,3.7,68
那覇,2019-02-28,21.3,50,4.1,82
那覇,2019-03-01,21.9,0,3.4,70
那覇,2019-03-02,23.0,0,3.7,72
那覇,2019-03-03,23.7,90,6.6,80
那覇,2019-03-04,18.4,0,8.5,60
那覇,2019-03-05,20.6,0,4.5,54
那覇,2019-03-06,21.5,60,7.7,81
那覇,2019-03-07,18.0,0,7.4,56
那覇,2019-03-08,17.5,50,4.4,64
那覇,2019-03-09,20.0,80,9.2,78
那覇,2019-03-10,20.6,70,6.3,86
那覇,2019-03-11,19.4,10,5.1,65
那覇,2019-03-12,19.1,0,4.5,47
那覇,2019-03-13,19.9,0,4.7,46
那覇,2019-03-14,19.5,0,4.9,51
那覇,2019-03-15,18.9,70,7.4,81
那覇,2019-03-16,18.2,0,4.9,46
那覇,2019-03-17,20.2,0,2.7,56
那覇,2019-03-18,21.1,30,6.3,65
那覇,2019-03-19,20.3,0,6.1,68
那覇,2019-03-20,21.9,0,4.8,66
那覇,2019-03-21,24.4,60,6.3,84
那覇,2019-03-22,22.0,10,5.5,78
那覇,2019-03-23,18.9,10,6.5,67
那覇,2019-03-24,18.7,0,4.1,53
那覇,2019-03-25,21.5,20,8.0,72
那覇,2019-03-26,19.7,0,5.2,59
那覇,2019-03-27,21.9,0,4.5,58
那覇,2019-03-28,24.2,40,7.2,77
那覇,2019-03-29,24.4,90,6.3,88
那覇,2019-03-30,23.7,0,3.8,74
那覇,2019-03-31,18.8,0,7.2,58
那覇,2019-04-01,17.2,0,7.1,55
那覇,2019-04-02,18.7,0,4.6,47
那覇,2019-04-03,19.9,0,5.5,51
那覇,2019-04-04,21.2,0,4.6,58
那覇,2019-04-05,21.6,90,7.1,90
那覇,2019-04-06,23.6,0,2.3,72
那覇,2019-04-07,24.3,20,2.9,78
那覇,2019-04-08,25.3,0,2.1,76
那覇,2019-04-09,24.5,10,6.2,81
那覇,2019-04-10,22.5,60,8.2,85
那覇,2019-04-11,22.3,0,2.2,71
那覇,2019-04-12,21.6,0,6.2,66
那覇,2019-04-13,20.7,40,3.8,66
那覇,2019-04-14,22.2,100,5.3,82
那覇,2019-04-15,22.2,0,5.3,60
那覇,2019-04-16,21.5,80,5.6,78
那覇,2019-04-17,23.0,0,8.7,74
那覇,2019-04-18,23.2,0,2.0,61
那覇,2019-04-19,23.2,0,3.4,66
那覇,2019-04-20,21.6,90,6.5,84
那覇,2019-04-21,25.2,20,3.0,82
那覇,2019-04-22,25.0,50,3.9,78
那覇,2019-04-23,24.8,80,5.2,90
那覇,2019-04-24,25.9,80,6.7,87
那覇,2019-04-25,26.2,70,6.4,89
那覇,2019-04-26,25.8,0,3.9,75
那覇,2019-04-27,22.9,0,4.7,69
那覇,2019-04-28,23.9,50,5.0,80
那覇,2019-04-29,25.4,90,6.3,86
那覇,2019-04-30,26.0,30,6.9,86
那覇,2019-05-01,23.7,100,6.7,92
那覇,2019-05-02,23.5,0,4.1,54
那覇,2019-05-03,22.0,0,3.5,64
那覇,2019-05-04,23.4,0,5.1,52
那覇,2019-05-05,24.0,10,5.0,62
那覇,2019-05-06,23.6,0,3.5,64
那覇,2019-05-07,23.6,80,4.3,68
那覇,2019-05-08,24.7,30,4.5,67
那覇,2019-05-09,24.5,70,2.7,77
那覇,2019-05-10,24.9,90,1.8,84
那覇,2019-05-11,25.1,20,3.5,71
那覇,2019-05-12,26.0,0,2.2,66
那覇,2019-05-13,25.7,0,4.0,72
那覇,2019-05-14,26.6,60,5.8,85
那覇,2019-05-15,26.0,0,4.8,74
那覇,2019-05-16,24.3,100,3.2,87
那覇,2019-05-17,25.3,20,6.4,78
那覇,2019-05-18,26.5,80,3.5,87
那覇,2019-05-19,28.1,10,2.3,78
那覇,2019-05-20,26.3,80,4.4,90
那覇,2019-05-21,23.1,0,7.5,55
那覇,2019-05-22,24.0,0,4.3,54
那覇,2019-05-23,24.8,0,3.6,55
那覇,2019-05-24,25.4,0,3.8,53
那覇,2019-05-25,25.3,0,5.0,61
那覇,2019-05-26,25.6,0,6.8,57
那覇,2019-05-27,25.6,10,6.1,73
那覇,2019-05-28,25.6,100,4.7,89
那覇,2019-05-29,22.6,50,7.1,78
那覇,2019-05-30,24.8,0,5.9,68
那覇,2019-05-31,26.1,70,3.3,84
那覇,2019-06-01,27.1,70,3.1,84
那覇,2019-06-02,27.4,60,7.6,88
那覇,2019-06-03,27.2,50,5.3,88
那覇,2019-06-04,27.5,60,6.0,86
那覇,2019-06-05,27.8,20,2.8,79
那覇,2019-06-06,28.4,40,4.9,83
那覇,2019-06-07,28.5,50,6.5,84
那覇,2019-06-08,27.6,70,6.7,86
那覇,2019-06-09,27.9,80,8.1,85
那覇,2019-06-10,26.8,90,4.8,86
那覇,2019-06-11,25.6,100,3.8,90
那覇,2019-06-12,26.6,0,4.2,71
那覇,2019-06-13,25.2,80,6.2,76
那覇,2019-06-14,26.3,90,8.8,92
那覇,2019-06-15,26.0,20,6.7,69
那覇,2019-06-16,26.6,0,1.7,66
那覇,2019-06-17,24.3,70,3.6,79
那覇,2019-06-18,27.6,100,5.1,88
那覇,2019-06-19,28.0,0,8.5,86
那覇,2019-06-20,26.5,100,5.6,91
那覇,2019-06-21,28.1,0,7.7,85
那覇,2019-06-22,26.8,100,6.2,93
那覇,2019-06-23,25.2,100,6.2,87
那覇,2019-06-24,25.2,100,3.2,94
那覇,2019-06-25,26.5,90,4.3,87
那覇,2019-06-26,26.0,100,7.7,90
那覇,2019-06-27,27.8,40,4.6,84
那覇,2019-06-28,28.4,80,6.1,85
那覇,2019-06-29,28.7,50,7.4,83
那覇,2019-06-30,29.1,60,6.0,83
那覇,2019-07-01,29.6,40,6.3,84
那覇,2019-07-02,29.2,50,7.1,82
那覇,2019-07-03,29.1,60,6.6,83
那覇,2019-07-04,27.9,70,6.3,89
那覇,2019-07-05,28.1,90,7.7,87
那覇,2019-07-06,26.6,100,5.7,92
那覇,2019-07-07,27.0,90,3.9,89
那覇,2019-07-08,29.0,80,5.5,86
那覇,2019-07-09,28.8,60,5.4,87
那覇,2019-07-10,29.1,10,8.1,84
那覇,2019-07-11,29.4,80,6.8,82
那覇,2019-07-12,29.4,80,4.6,82
那覇,2019-07-13,29.4,80,6.7,80
那覇,2019-07-14,29.5,80,6.4,79
那覇,2019-07-15,30.5,40,2.9,72
那覇,2019-07-16,29.7,0,6.1,73
那覇,2019-07-17,29.3,90,9.9,81
那覇,2019-07-18,26.7,100,12.6,90
那覇,2019-07-19,28.4,100,12.1,86
那覇,2019-07-20,28.3,80,8.0,85
那覇,2019-07-21,29.2,60,3.8,83
那覇,2019-07-22,29.2,50,3.1,80
那覇,2019-07-23,29.6,80,2.3,73
那覇,2019-07-24,29.4,90,1.3,72
那覇,2019-07-25,29.6,90,1.2,71
那覇,2019-07-26,29.8,60,1.6,74
那覇,2019-07-27,29.9,60,3.6,71
那覇,2019-07-28,30.1,70,3.5,76
那覇,2019-07-29,30.3,90,3.2,76
那覇,2019-07-30,29.2,30,4.5,78
那覇,2019-07-31,29.9,50,4.6,74
那覇,2019-08-01,29.7,20,5.3,70
那覇,2019-08-02,27.0,100,6.2,86
那覇,2019-08-03,28.8,90,6.0,83
那覇,2019-08-04,29.2,80,7.1,79
那覇,2019-08-05,29.6,20,6.3,74
那覇,2019-08-06,29.6,60,7.3,77
那覇,2019-08-07,28.9,90,10.7,82
那覇,2019-08-08,28.1,100,13.4,86
那覇,2019-08-09,28.2,100,12.1,86
那覇,2019-08-10,28.6,80,8.4,87
那覇,2019-08-11,29.8,70,3.4,86
那覇,2019-08-12,30.6,20,3.7,77
那覇,2019-08-13,28.8,90,8.0,85
那覇,2019-08-14,29.1,80,8.6,82
那覇,2019-08-15,29.4,100,5.8,80
那覇,2019-08-16,30.2,10,2.3,74
那覇,2019-08-17,29.1,70,4.0,82
那覇,2019-08-18,29.2,90,1.1,84
那覇,2019-08-19,27.9,90,2.2,86
那覇,2019-08-20,29.0,90,7.3,80
那覇,2019-08-21,29.6,10,4.8,73
那覇,2019-08-22,29.8,90,5.2,77
那覇,2019-08-23,29.7,50,6.6,78
那覇,2019-08-24,29.9,70,7.0,79
那覇,2019-08-25,29.8,70,5.0,78
那覇,2019-08-26,29.8,30,3.7,73
那覇,2019-08-27,29.8,50,4.6,74
那覇,2019-08-28,29.9,10,4.6,76
那覇,2019-08-29,29.5,80,3.0,81
那覇,2019-08-30,29.6,100,3.2,79
那覇,2019-08-31,29.4,50,4.5,79
那覇,2019-09-01,30.0,100,5.3,75
那覇,2019-09-02,29.6,80,5.3,76
那覇,2019-09-03,29.5,80,5.9,74
那覇,2019-09-04,28.4,80,7.7,83
那覇,2019-09-05,26.5,100,11.7,89
那覇,2019-09-06,27.4,100,11.3,86
那覇,2019-09-07,27.4,90,5.4,87
那覇,2019-09-08,26.4,100,4.9,89
那覇,2019-09-09,29.2,70,3.0,78
那覇,2019-09-10,29.9,90,3.0,75
那覇,2019-09-11,29.8,0,4.9,76
那覇,2019-09-12,29.9,0,5.3,70
那覇,2019-09-13,29.7,90,5.5,74
那覇,2019-09-14,29.7,70,6.0,75
那覇,2019-09-15,27.8,100,6.0,87
那覇,2019-09-16,29.4,20,6.9,71
那覇,2019-09-17,29.6,20,5.8,68
那覇,2019-09-18,28.5,70,6.6,78
那覇,2019-09-19,28.5,100,10.3,81
那覇,2019-09-20,28.0,100,11.7,82
那覇,2019-09-21,26.0,100,18.9,88
那覇,2019-09-22,27.1,30,7.2,75
那覇,2019-09-23,27.0,30,4.4,76
那覇,2019-09-24,26.6,0,4.5,62
那覇,2019-09-25,26.8,90,5.3,74
那覇,2019-09-26,28.1,80,5.4,83
那覇,2019-09-27,28.2,80,5.2,84
那覇,2019-09-28,29.1,90,3.5,82
那覇,2019-09-29,29.0,70,4.8,83
那覇,2019-09-30,28.8,40,6.3,80
那覇,2019-10-01,28.4,60,8.4,81
那覇,2019-10-02,28.2,60,5.2,80
那覇,2019-10-03,27.7,40,2.8,82
那覇,2019-10-04,27.7,100,2.5,72
那覇,2019-10-05,27.5,0,3.9,63
那覇,2019-10-06,27.2,60,3.6,69
那覇,2019-10-07,27.6,0,3.4,66
那覇,2019-10-08,27.3,30,5.8,70
那覇,2019-10-09,26.3,0,6.5,55
那覇,2019-10-10,26.8,0,6.9,64
那覇,2019-10-11,26.4,0,7.6,60
那覇,2019-10-12,26.9,10,7.8,64
那覇,2019-10-13,26.7,0,5.8,63
那覇,2019-10-14,27.6,10,2.2,68
那覇,2019-10-15,26.1,10,7.5,65
那覇,2019-10-16,27.4,80,4.9,71
那覇,2019-10-17,26.8,70,3.3,81
那覇,2019-10-18,27.0,80,1.1,85
那覇,2019-10-19,25.8,100,5.2,83
那覇,2019-10-20,24.1,100,7.7,91
那覇,2019-10-21,25.8,50,3.6,80
那覇,2019-10-22,25.5,60,3.1,83
那覇,2019-10-23,26.0,0,4.5,74
那覇,2019-10-24,25.3,40,6.7,68
那覇,2019-10-25,25.4,50,4.9,69
那覇,2019-10-26,25.0,0,3.6,63
那覇,2019-10-27,24.4,60,3.6,73
那覇,2019-10-28,25.7,70,4.4,75
那覇,2019-10-29,26.0,60,4.7,74
那覇,2019-10-30,25.3,0,5.9,65
那覇,2019-10-31,25.4,0,6.0,70
那覇,2019-11-01,25.1,0,5.2,69
那覇,2019-11-02,25.8,0,5.0,69
那覇,2019-11-03,25.8,80,3.5,82
那覇,2019-11-04,24.5,50,6.3,74
那覇,2019-11-05,24.4,0,6.1,57
那覇,2019-11-06,24.5,0,5.0,60
那覇,2019-11-07,24.8,40,3.3,67
那覇,2019-11-08,23.7,0,6.4,61
那覇,2019-11-09,22.2,10,7.0,57
那覇,2019-11-10,23.0,0,1.6,48
那覇,2019-11-11,23.3,10,4.9,61
那覇,2019-11-12,23.4,0,3.6,56
那覇,2019-11-13,24.7,0,3.1,60
那覇,2019-11-14,22.9,10,8.5,62
那覇,2019-11-15,21.6,0,5.2,55
那覇,2019-11-16,23.8,0,6.0,60
那覇,2019-11-17,25.0,10,5.7,66
那覇,2019-11-18,24.9,70,6.2,88
那覇,2019-11-19,20.5,100,7.8,73
那覇,2019-11-20,20.4,30,6.8,65
那覇,2019-11-21,21.7,100,9.3,85
那覇,2019-11-22,25.6,60,6.9,89
那覇,2019-11-23,25.6,90,4.9,87
那覇,2019-11-24,25.4,0,3.4,85
那覇,2019-11-25,24.0,30,7.3,80
那覇,2019-11-26,22.7,10,5.5,68
那覇,2019-11-27,22.4,0,4.8,69
那覇,2019-11-28,20.7,30,10.0,70
那覇,2019-11-29,21.7,0,7.5,59
那覇,2019-11-30,21.2,0,7.1,59
那覇,2019-12-01,23.6,0,5.5,62
那覇,2019-12-02,20.6,60,9.2,71
那覇,2019-12-03,19.0,0,6.9,53
那覇,2019-12-04,20.3,0,5.4,53
那覇,2019-12-05,17.6,100,5.8,87
那覇,2019-12-06,16.9,100,9.3,86
那覇,2019-12-07,16.6,80,10.1,77
那覇,2019-12-08,18.7,0,6.8,49
那覇,2019-12-09,20.4,0,6.0,64
那覇,2019-12-10,21.5,0,6.2,58
那覇,2019-12-11,19.0,50,5.8,76
那覇,2019-12-12,20.7,0,5.3,59
那覇,2019-12-13,20.3,0,3.9,63
那覇,2019-12-14,20.6,0,4.8,61
那覇,2019-12-15,21.2,0,4.6,64
那覇,2019-12-16,22.5,0,2.2,70
那覇,2019-12-17,24.1,0,2.0,78
那覇,2019-12-18,22.4,60,4.7,83
那覇,2019-12-19,21.3,20,4.3,75
那覇,2019-12-20,18.9,70,7.8,82
那覇,2019-12-21,22.5,80,4.3,84
那覇,2019-12-22,23.3,70,6.3,81
那覇,2019-12-23,20.7,30,4.4,69
那覇,2019-12-24,21.4,0,4.9,65
那覇,2019-12-25,23.5,0,3.3,74
那覇,2019-12-26,23.0,40,4.0,81
那覇,2019-12-27,18.0,0,7.8,56
那覇,2019-12-28,19.0,0,4.8,59
那覇,2019-12-29,21.9,10,4.8,71
那覇,2019-12-30,20.4,100,4.0,91
那覇,2019-12-31,18.4,0,9.2,68
那覇,2020-01-01,17.2,0,4.7,61
那覇,2020-01-02,18.7,0,3.8,59
那覇,2020-01-03,19.3,0,2.8,61
那覇,2020-01-04,20.0,10,3.7,64
那覇,2020-01-05,19.5,0,4.9,62
那覇,2020-01-06,20.8,0,4.7,60
那覇,2020-01-07,22.6,0,6.0,61
那覇,2020-01-08,18.3,20,8.5,72
那覇,2020-01-09,18.0,20,3.4,62
那覇,2020-01-10,19.1,0,2.8,59
那覇,2020-01-11,21.5,10,4.0,64
那覇,2020-01-12,18.5,0,8.5,78
那覇,2020-01-13,17.9,0,5.6,57
那覇,2020-01-14,20.1,0,3.0,59
那覇,2020-01-15,19.0,0,4.6,68
那覇,2020-01-16,21.0,70,6.3,75
那覇,2020-01-17,19.3,80,7.1,81
那覇,2020-01-18,16.4,20,7.0,61
那覇,2020-01-19,17.7,10,3.8,54
那覇,2020-01-20,17.6,40,2.9,71
那覇,2020-01-21,19.1,0,2.9,62
那覇,2020-01-22,20.8,0,3.7,64
那覇,2020-01-23,22.7,0,3.4,75
那覇,2020-01-24,23.3,40,1.9,79
那覇,2020-01-25,23.4,0,4.3,81
那覇,2020-01-26,22.6,100,6.0,89
那覇,2020-01-27,20.7,0,9.1,74
那覇,2020-01-28,17.8,40,5.0,66
那覇,2020-01-29,16.3,80,5.8,73
那覇,2020-01-30,14.5,0,10.0,52
那覇,2020-01-31,15.2,10,7.3,56
那覇,2020-02-01,16.5,0,4.7,47
那覇,2020-02-02,18.0,0,1.5,51
那覇,2020-02-03,18.4,20,2.7,62
那覇,2020-02-04,19.8,50,3.7,68
那覇,2020-02-05,17.5,40,6.2,76
那覇,2020-02-06,17.3,0,6.1,54
那覇,2020-02-07,21.3,50,7.9,80
那覇,2020-02-08,17.3,70,7.8,72
那覇,2020-02-09,16.2,10,6.9,54
那覇,2020-02-10,16.7,0,4.0,50
那覇,2020-02-11,18.8,0,3.9,55
那覇,2020-02-12,22.0,0,7.1,69
那覇,2020-02-13,23.0,70,6.3,79
那覇,2020-02-14,23.3,50,5.6,86
那覇,2020-02-15,23.7,10,6.0,86
那覇,2020-02-16,19.7,70,8.6,81
那覇,2020-02-17,13.9,0,9.4,56
那覇,2020-02-18,13.6,20,6.9,53
那覇,2020-02-19,17.4,0,2.8,53
那覇,2020-02-20,19.5,0,3.6,57
那覇,2020-02-21,20.3,0,6.2,59
那覇,2020-02-22,21.1,10,3.4,70
那覇,2020-02-23,19.0,0,4.8,58
那覇,2020-02-24,20.5,0,4.2,61
那覇,2020-02-25,22.7,40,4.2,84
那覇,2020-02-26,22.4,70,2.9,82
那覇,2020-02-27,20.4,0,5.5,60
那覇,2020-02-28,20.5,0,4.6,60
那覇,2020-02-29,22.7,0,4.8,75
那覇,2020-03-01,21.6,90,5.5,87
那覇,2020-03-02,20.7,40,5.8,72
那覇,2020-03-03,21.0,70,2.8,69
那覇,2020-03-04,21.3,20,3.7,72
那覇,2020-03-05,15.2,90,6.7,82
那覇,2020-03-06,18.6,0,3.2,53
那覇,2020-03-07,21.7,30,4.9,71
那覇,2020-03-08,21.6,50,3.0,78
那覇,2020-03-09,23.2,70,7.2,84
那覇,2020-03-10,19.8,50,7.9,75
那覇,2020-03-11,17.3,0,5.6,54
那覇,2020-03-12,17.4,40,3.6,64
那覇,2020-03-13,20.2,40,4.1,80
那覇,2020-03-14,18.5,40,8.8,71
那覇,2020-03-15,16.7,0,6.1,46
那覇,2020-03-16,18.6,0,5.5,45
那覇,2020-03-17,18.7,0,1.8,54
那覇,2020-03-18,21.4,0,5.5,65
那覇,2020-03-19,21.2,100,6.9,89
那覇,2020-03-20,21.0,0,2.9,70
那覇,2020-03-21,22.3,0,3.5,72
那覇,2020-03-22,24.0,70,7.2,89
那覇,2020-03-23,22.9,0,3.7,72
那覇,2020-03-24,21.3,0,4.5,57
那覇,2020-03-25,22.1,0,5.7,64
那覇,2020-03-26,23.3,0,7.2,72
那覇,2020-03-27,24.0,30,5.4,81
那覇,2020-03-28,23.1,80,6.0,88
那覇,2020-03-29,21.3,20,4.0,71
那覇,2020-03-30,23.5,50,4.4,80
那覇,2020-03-31,22.0,90,2.2,92
那覇,2020-04-01,19.8,20,9.7,71
那覇,2020-04-02,20.9,40,2.6,60
那覇,2020-04-03,21.9,10,2.9,64
那覇,2020-04-04,20.7,80,3.9,84
那覇,2020-04-05,20.4,0,5.4,57
那覇,2020-04-06,20.5,50,3.2,64
那覇,2020-04-07,17.9,60,5.7,76
那覇,2020-04-08,21.5,0,4.1,60
那覇,2020-04-09,18.4,90,5.5,82
那覇,2020-04-10,21.6,0,6.1,55
那覇,2020-04-11,21.7,20,5.0,61
那覇,2020-04-12,18.7,30,10.7,71
那覇,2020-04-13,17.4,10,10.7,49
那覇,2020-04-14,19.7,0,3.0,50
那覇,2020-04-15,20.2,10,2.7,58
那覇,2020-04-16,21.4,0,3.7,52
那覇,2020-04-17,22.3,0,4.6,65
那覇,2020-04-18,24.2,0,3.9,74
那覇,2020-04-19,23.9,20,6.6,82
那覇,2020-04-20,21.5,40,3.7,79
那覇,2020-04-21,20.3,100,4.8,88
那覇,2020-04-22,17.9,30,6.9,70
那覇,2020-04-23,18.6,0,5.6,57
那覇,2020-04-24,18.6,0,5.2,55
那覇,2020-04-25,20.5,0,3.7,57
那覇,2020-04-26,19.4,100,6.2,90
那覇,2020-04-27,21.2,0,4.1,71
那覇,2020-04-28,22.3,0,4.1,64
那覇,2020-04-29,22.1,0,3.9,65
那覇,2020-04-30,22.6,0,4.5,69
那覇,2020-05-01,23.2,10,4.4,75
那覇,2020-05-02,22.0,100,7.4,94
那覇,2020-05-03,25.2,60,6.1,90
那覇,2020-05-04,26.2,50,4.1,89
那覇,2020-05-05,26.0,60,5.2,88
那覇,2020-05-06,25.2,100,6.6,87
那覇,2020-05-07,25.3,10,5.9,73
那覇,2020-05-08,24.2,20,7.3,77
那覇,2020-05-09,25.1,0,4.7,80
那覇,2020-05-10,26.2,10,3.8,82
那覇,2020-05-11,24.7,100,1.7,98
那覇,2020-05-12,23.5,100,5.7,94
那覇,2020-05-13,24.9,0,4.4,58
那覇,2020-05-14,25.2,0,5.5,72
那覇,2020-05-15,26.6,40,6.3,86
那覇,2020-05-16,26.9,0,6.0,88
那覇,2020-05-17,26.7,60,5.6,90
那覇,2020-05-18,24.7,80,6.8,93
那覇,2020-05-19,22.7,100,3.7,87
那覇,2020-05-20,25.1,0,3.2,54
那覇,2020-05-21,19.4,100,6.6,84
那覇,2020-05-22,23.2,100,5.6,94
那覇,2020-05-23,23.1,100,8.3,94
那覇,2020-05-24,26.0,60,2.2,80
那覇,2020-05-25,25.9,100,2.9,79
那覇,2020-05-26,26.5,0,3.3,77
那覇,2020-05-27,26.0,90,5.2,92
那覇,2020-05-28,26.6,10,2.2,73
那覇,2020-05-29,25.7,0,4.5,67
那覇,2020-05-30,26.6,80,5.1,88
那覇,2020-05-31,27.0,90,5.0,89
那覇,2020-06-01,27.6,60,3.2,83
那覇,2020-06-02,27.6,60,5.1,86
那覇,2020-06-03,28.3,0,6.1,83
那覇,2020-06-04,28.5,60,6.2,84
那覇,2020-06-05,28.4,60,5.2,84
那覇,2020-06-06,28.5,80,7.8,83
那覇,2020-06-07,25.4,100,3.9,91
那覇,2020-06-08,25.4,90,4.5,89
那覇,2020-06-09,25.9,100,4.7,89
那覇,2020-06-10,27.9,20,5.3,82
那覇,2020-06-11,28.5,40,5.4,82
那覇,2020-06-12,28.6,0,5.0,84
那覇,2020-06-13,29.2,0,5.4,81
那覇,2020-06-14,29.1,70,4.7,83
那覇,2020-06-15,29.0,0,4.3,81
那覇,2020-06-16,28.9,40,6.2,82
那覇,2020-06-17,29.3,40,6.5,81
那覇,2020-06-18,29.5,40,7.8,78
那覇,2020-06-19,29.2,80,8.3,84
那覇,2020-06-20,29.3,70,7.0,82
那覇,2020-06-21,29.0,90,7.3,83
那覇,2020-06-22,27.6,100,4.7,89
那覇,2020-06-23,28.2,60,4.4,84
那覇,2020-06-24,29.1,70,3.4,82
那覇,2020-06-25,27.9,80,6.8,85
那覇,2020-06-26,27.1,100,5.2,88
那覇,2020-06-27,28.8,40,5.7,83
那覇,2020-06-28,29.2,80,6.2,82
那覇,2020-06-29,29.8,40,6.0,78
那覇,2020-06-30,29.2,60,8.5,82
那覇,2020-07-01,28.3,100,6.3,86
那覇,2020-07-02,28.8,60,5.0,83
那覇,2020-07-03,29.2,50,5.4,81
那覇,2020-07-04,29.4,30,4.4,81
那覇,2020-07-05,29.0,70,5.2,82
那覇,2020-07-06,29.9,100,6.9,76
那覇,2020-07-07,29.7,80,6.8,80
那覇,2020-07-08,29.4,70,5.7,80
那覇,2020-07-09,29.7,100,7.0,78
那覇,2020-07-10,30.3,70,6.3,77
那覇,2020-07-11,30.2,60,3.0,78
那覇,2020-07-12,30.3,50,2.8,75
那覇,2020-07-13,30.6,50,2.8,73
那覇,2020-07-14,29.5,90,4.9,83
那覇,2020-07-15,29.6,100,6.4,81
那覇,2020-07-16,28.2,100,6.7,86
那覇,2020-07-17,25.9,100,4.6,90
那覇,2020-07-18,28.1,90,4.7,87
那覇,2020-07-19,29.7,10,4.8,74
那覇,2020-07-20,30.2,70,3.5,73
那覇,2020-07-21,30.0,50,2.5,76
那覇,2020-07-22,30.1,40,2.0,73
那覇,2020-07-23,30.1,20,3.0,73
那覇,2020-07-24,29.8,90,5.2,78
那覇,2020-07-25,29.1,80,4.3,80
那覇,2020-07-26,27.6,80,4.6,86
那覇,2020-07-27,28.9,70,5.9,79
那覇,2020-07-28,29.8,100,4.7,75
那覇,2020-07-29,30.2,100,5.6,74
那覇,2020-07-30,30.3,80,6.2,72
那覇,2020-07-31,30.0,60,5.3,75
那覇,2020-08-01,29.9,100,5.3,74
那覇,2020-08-02,29.4,60,7.2,79
那覇,2020-08-03,29.8,100,7.5,77
那覇,2020-08-04,29.6,90,5.7,80
那覇,2020-08-05,30.0,40,4.5,78
那覇,2020-08-06,30.1,70,3.0,73
那覇,2020-08-07,30.3,60,2.9,73
那覇,2020-08-08,29.1,90,5.5,74
那覇,2020-08-09,27.2,100,11.4,88
那覇,2020-08-10,28.6,100,8.0,83
那覇,2020-08-11,29.7,10,5.6,80
那覇,2020-08-12,30.7,30,1.7,74
那覇,2020-08-13,30.6,40,3.4,70
那覇,2020-08-14,29.7,70,3.0,81
那覇,2020-08-15,30.1,30,3.0,74
那覇,2020-08-16,30.3,60,4.0,69
那覇,2020-08-17,30.2,70,4.7,72
那覇,2020-08-18,30.1,70,3.6,74
那覇,2020-08-19,30.3,60,4.3,73
那覇,2020-08-20,30.2,60,3.9,74
那覇,2020-08-21,30.0,70,3.5,77
那覇,2020-08-22,29.7,40,3.5,77
那覇,2020-08-23,27.0,90,8.0,90
那覇,2020-08-24,26.7,100,13.0,91
那覇,2020-08-25,28.9,60,8.9,81
那覇,2020-08-26,26.8,100,8.1,88
那覇,2020-08-27,27.5,80,5.9,87
那覇,2020-08-28,29.4,20,3.0,79
那覇,2020-08-29,29.8,70,4.9,76
那覇,2020-08-30,29.5,50,5.8,78
那覇,2020-08-31,27.2,100,13.3,88
那覇,2020-09-01,28.0,90,18.1,82
那覇,2020-09-02,28.5,80,9.4,83
那覇,2020-09-03,29.9,30,2.1,73
那覇,2020-09-04,29.3,90,4.4,79
那覇,2020-09-05,27.6,90,9.4,84
那覇,2020-09-06,27.2,90,12.6,80
那覇,2020-09-07,27.6,70,3.2,78
那覇,2020-09-08,28.6,40,2.7,71
那覇,2020-09-09,26.6,50,3.2,86
那覇,2020-09-10,27.8,100,2.2,84
那覇,2020-09-11,29.0,70,3.8,76
那覇,2020-09-12,28.9,90,3.1,77
那覇,2020-09-13,28.0,60,2.1,85
那覇,2020-09-14,28.2,80,1.8,79
那覇,2020-09-15,28.8,0,2.5,74
那覇,2020-09-16,28.9,100,3.6,81
那覇,2020-09-17,29.3,80,5.0,79
那覇,2020-09-18,29.4,90,2.7,79
那覇,2020-09-19,28.8,70,1.5,84
那覇,2020-09-20,26.9,80,1.9,86
那覇,2020-09-21,27.9,50,5.8,71
那覇,2020-09-22,28.0,60,4.9,79
那覇,2020-09-23,28.4,100,2.1,79
那覇,2020-09-24,28.1,40,3.9,75
那覇,2020-09-25,27.7,50,3.3,71
那覇,2020-09-26,27.3,50,3.7,71
那覇,2020-09-27,23.8,90,1.9,84
那覇,2020-09-28,26.2,40,1.7,70
那覇,2020-09-29,26.6,30,4.3,72
那覇,2020-09-30,26.2,80,5.9,81
那覇,2020-10-01,26.6,70,4.6,69
那覇,2020-10-02,27.7,50,5.3,68
那覇,2020-10-03,27.9,0,5.2,58
那覇,2020-10-04,28.3,0,3.8,69
那覇,2020-10-05,28.0,0,5.3,69
那覇,2020-10-06,26.0,0,7.3,59
那覇,2020-10-07,26.5,0,8.1,59
那覇,2020-10-08,26.8,30,9.2,72
那覇,2020-10-09,26.7,100,4.4,76
那覇,2020-10-10,27.4,90,2.9,74
那覇,2020-10-11,27.4,80,2.4,75
那覇,2020-10-12,27.0,80,2.9,75
那覇,2020-10-13,26.6,0,5.4,62
那覇,2020-10-14,27.0,0,4.4,60
那覇,2020-10-15,27.1,0,4.6,62
那覇,2020-10-16,27.1,20,3.8,65
那覇,2020-10-17,26.6,60,4.9,69
那覇,2020-10-18,26.6,50,5.9,70
那覇,2020-10-19,27.1,80,6.4,75
那覇,2020-10-20,26.8,50,8.1,76
那覇,2020-10-21,27.6,10,8.0,68
那覇,2020-10-22,25.3,100,6.3,92
那覇,2020-10-23,23.0,40,8.5,68
那覇,2020-10-24,22.8,0,6.2,53
那覇,2020-10-25,23.9,0,4.8,52
那覇,2020-10-26,24.4,0,4.8,59
那覇,2020-10-27,25.2,0,5.0,59
那覇,2020-10-28,25.9,0,4.4,61
那覇,2020-10-29,26.0,10,3.6,63
那覇,2020-10-30,23.9,0,7.5,62
那覇,2020-10-31,24.4,0,7.6,61
那覇,2020-11-01,25.8,0,5.4,56
那覇,2020-11-02,26.3,0,3.5,71
那覇,2020-11-03,23.8,0,9.7,62
那覇,2020-11-04,22.3,0,7.6,55
那覇,2020-11-05,24.2,60,9.0,71
那覇,2020-11-06,27.3,60,4.4,86
那覇,2020-11-07,27.2,70,2.0,82
那覇,2020-11-08,25.3,70,3.6,86
那覇,2020-11-09,22.2,10,6.5,61
那覇,2020-11-10,22.0,20,6.2,61
那覇,2020-11-11,23.2,10,7.0,67
那覇,2020-11-12,23.7,50,7.5,71
那覇,2020-11-13,22.3,60,7.0,74
那覇,2020-11-14,23.8,10,5.9,73
那覇,2020-11-15,25.0,40,7.9,71
那覇,2020-11-16,24.9,0,6.5,68
那覇,2020-11-17,24.9,0,7.1,67
那覇,2020-11-18,25.1,80,5.1,80
那覇,2020-11-19,25.9,0,4.2,78
那覇,2020-11-20,26.1,10,2.8,79
那覇,2020-11-21,24.2,0,4.8,74
那覇,2020-11-22,24.1,0,2.8,72
那覇,2020-11-23,22.7,30,7.6,74
那覇,2020-11-24,22.0,30,5.7,68
那覇,2020-11-25,23.5,0,5.9,63
那覇,2020-11-26,23.1,0,5.0,64
那覇,2020-11-27,23.7,20,3.4,67
那覇,2020-11-28,20.6,0,8.7,62
那覇,2020-11-29,20.3,10,6.9,60
那覇,2020-11-30,20.7,0,7.4,59
那覇,2020-12-01,21.1,30,8.1,67
那覇,2020-12-02,21.8,50,6.6,78
那覇,2020-12-03,21.2,100,6.2,85
那覇,2020-12-04,18.6,80,8.7,79
那覇,2020-12-05,20.4,100,7.9,81
那覇,2020-12-06,21.6,70,7.3,81
那覇,2020-12-07,22.3,50,5.0,86
那覇,2020-12-08,21.6,20,7.0,76
那覇,2020-12-09,19.5,100,7.1,88
那覇,2020-12-10,21.8,80,5.1,89
那覇,2020-12-11,23.7,30,3.9,78
那覇,2020-12-12,21.1,20,6.5,68
那覇,2020-12-13,21.0,50,3.9,69
那覇,2020-12-14,19.4,10,5.9,71
那覇,2020-12-15,17.2,30,6.7,70
那覇,2020-12-16,16.9,0,6.8,71
那覇,2020-12-17,17.4,20,5.7,66
那覇,2020-12-18,19.1,80,7.7,79
那覇,2020-12-19,18.9,40,8.1,80
那覇,2020-12-20,17.7,0,6.4,61
那覇,2020-12-21,16.4,100,5.2,75
那覇,2020-12-22,20.2,0,5.9,63
那覇,2020-12-23,20.7,40,8.0,68
那覇,2020-12-24,21.9,20,5.7,80
那覇,2020-12-25,18.8,0,7.3,62
那覇,2020-12-26,19.5,0,5.2,57
那覇,2020-12-27,22.9,0,6.4,67
那覇,2020-12-28,21.0,10,5.4,73
那覇,2020-12-29,22.5,50,4.5,76
那覇,2020-12-30,15.6,50,12.4,63
那覇,2020-12-31,13.6,10,7.9,56
那覇,2021-01-01,16.3,0,4.4,60
那覇,2021-01-02,17.7,30,5.2,63
那覇,2021-01-03,19.7,0,5.7,62
那覇,2021-01-04,20.8,30,4.4,75
那覇,2021-01-05,18.8,100,8.6,87
那覇,2021-01-06,16.9,0,6.3,70
那覇,2021-01-07,14.4,80,9.5,71
那覇,2021-01-08,12.7,70,8.4,63
那覇,2021-01-09,12.0,20,7.9,54
那覇,2021-01-10,14.3,10,5.8,58
那覇,2021-01-11,16.1,60,3.4,76
那覇,2021-01-12,13.5,60,7.9,62
那覇,2021-01-13,15.5,0,2.7,54
那覇,2021-01-14,17.7,0,4.9,59
那覇,2021-01-15,20.1,60,4.2,71
那覇,2021-01-16,19.9,70,4.3,76
那覇,2021-01-17,15.9,20,9.1,62
那覇,2021-01-18,15.5,0,5.0,53
那覇,2021-01-19,16.7,0,5.7,55
那覇,2021-01-20,19.8,0,6.0,61
那覇,2021-01-21,20.7,70,6.9,82
那覇,2021-01-22,21.3,100,8.0,93
那覇,2021-01-23,21.5,20,6.2,83
那覇,2021-01-24,19.0,0,5.9,64
那覇,2021-01-25,19.7,60,3.7,77
那覇,2021-01-26,20.5,40,4.0,77
那覇,2021-01-27,19.2,10,5.9,71
那覇,2021-01-28,17.7,20,8.2,64
那覇,2021-01-29,13.8,0,8.0,53
那覇,2021-01-30,16.4,0,4.2,50
那覇,2021-01-31,18.2,0,4.6,53
那覇,2021-02-01,20.9,0,4.7,58
那覇,2021-02-02,19.4,30,6.1,75
那覇,2021-02-03,17.1,0,4.1,54
那覇,2021-02-04,18.8,0,3.6,57
那覇,2021-02-05,19.8,0,3.1,56
那覇,2021-02-06,21.8,0,3.0,61
那覇,2021-02-07,20.4,0,4.0,71
那覇,2021-02-08,19.1,0,5.8,56
那覇,2021-02-09,17.6,0,5.0,55
那覇,2021-02-10,19.5,40,6.2,66
那覇,2021-02-11,19.0,100,12.0,79
那覇,2021-02-12,20.2,20,9.2,76
那覇,2021-02-13,21.0,30,5.7,83
那覇,2021-02-14,21.9,60,3.4,86
那覇,2021-02-15,19.7,0,7.5,58
那覇,2021-02-16,17.2,0,2.9,60
那覇,2021-02-17,14.4,30,9.9,59
那覇,2021-02-18,13.0,0,9.4,54
那覇,2021-02-19,15.1,0,4.8,54
那覇,2021-02-20,16.9,0,1.6,55
那覇,2021-02-21,19.1,0,2.8,59
那覇,2021-02-22,21.6,0,1.7,59
那覇,2021-02-23,21.8,40,3.0,68
那覇,2021-02-24,21.3,0,5.1,67
那覇,2021-02-25,21.9,70,6.9,74
那覇,2021-02-26,22.6,90,7.1,86
那覇,2021-02-27,21.8,80,1.5,83
那覇,2021-02-28,21.9,20,2.6,78
那覇,2021-03-01,22.9,30,2.8,75
那覇,2021-03-02,18.8,10,8.9,73
那覇,2021-03-03,18.6,0,5.8,55
那覇,2021-03-04,21.2,30,5.8,66
那覇,2021-03-05,20.1,0,3.4,68
那覇,2021-03-06,21.1,20,3.3,73
那覇,2021-03-07,20.9,100,4.1,94
那覇,2021-03-08,21.6,40,4.9,75
那覇,2021-03-09,21.8,40,3.9,78
那覇,2021-03-10,20.4,40,5.2,64
那覇,2021-03-11,21.9,20,4.1,62
那覇,2021-03-12,21.6,50,6.1,79
那覇,2021-03-13,18.7,0,4.8,61
那覇,2021-03-14,20.7,10,3.3,61
那覇,2021-03-15,21.2,0,4.2,62
那覇,2021-03-16,23.0,0,3.7,67
那覇,2021-03-17,23.6,40,1.3,75
那覇,2021-03-18,23.8,0,2.0,72
那覇,2021-03-19,23.5,60,1.3,75
那覇,2021-03-20,23.8,30,3.8,76
那覇,2021-03-21,20.4,0,7.8,74
那覇,2021-03-22,16.9,0,7.5,53
那覇,2021-03-23,18.2,0,4.4,48
那覇,2021-03-24,19.3,60,5.7,70
那覇,2021-03-25,21.7,20,4.5,70
那覇,2021-03-26,21.8,20,6.9,66
那覇,2021-03-27,23.2,0,6.8,72
那覇,2021-03-28,23.7,80,7.3,89
那覇,2021-03-29,23.7,10,2.4,85
那覇,2021-03-30,23.9,80,5.7,91
那覇,2021-03-31,24.4,10,3.1,83
那覇,2021-04-01,25.0,0,2.8,84
那覇,2021-04-02,24.3,90,5.0,91
那覇,2021-04-03,24.5,0,3.4,80
那覇,2021-04-04,21.9,10,8.5,79
那覇,2021-04-05,21.1,30,8.1,62
那覇,2021-04-06,20.5,0,6.7,60
那覇,2021-04-07,21.8,0,4.9,53
那覇,2021-04-08,22.0,0,3.6,55
那覇,2021-04-09,21.8,70,3.6,70
那覇,2021-04-10,22.7,0,6.9,62
那覇,2021-04-11,22.2,0,8.8,65
那覇,2021-04-12,23.9,40,6.2,66
那覇,2021-04-13,24.5,30,3.5,80
那覇,2021-04-14,21.9,0,5.8,68
那覇,2021-04-15,21.6,20,5.2,69
那覇,2021-04-16,24.0,10,4.4,70
那覇,2021-04-17,23.5,20,6.9,79
那覇,2021-04-18,19.4,0,7.7,52
那覇,2021-04-19,21.3,0,5.8,55
那覇,2021-04-20,21.5,0,7.4,57
那覇,2021-04-21,21.8,50,8.1,74
那覇,2021-04-22,21.6,100,7.8,90
那覇,2021-04-23,21.0,100,11.2,88
那覇,2021-04-24,21.9,40,9.6,69
那覇,2021-04-25,22.5,60,5.9,64
那覇,2021-04-26,22.9,0,3.8,60
那覇,2021-04-27,22.9,0,4.5,52
那覇,2021-04-28,23.7,0,3.9,66
那覇,2021-04-29,20.9,100,6.8,88
那覇,2021-04-30,22.6,0,2.9,68
那覇,2021-05-01,24.8,0,5.6,84
那覇,2021-05-02,23.9,0,3.8,63
那覇,2021-05-03,22.4,0,4.8,60
那覇,2021-05-04,23.8,0,6.8,69
那覇,2021-05-05,25.1,30,5.8,88
那覇,2021-05-06,25.5,50,2.7,89
那覇,2021-05-07,25.5,50,5.7,85
那覇,2021-05-08,25.4,20,6.0,86
那覇,2021-05-09,24.5,100,3.7,90
那覇,2021-05-10,25.2,50,4.9,88
那覇,2021-05-11,26.2,60,6.3,87
那覇,2021-05-12,26.4,0,6.6,85
那覇,2021-05-13,26.8,20,5.2,84
那覇,2021-05-14,26.8,0,4.3,82
那覇,2021-05-15,27.2,0,5.1,83
那覇,2021-05-16,27.4,0,6.1,81
那覇,2021-05-17,27.7,0,5.3,80
那覇,2021-05-18,27.6,10,5.4,81
那覇,2021-05-19,27.3,0,5.0,82
那覇,2021-05-20,28.0,10,6.3,80
那覇,2021-05-21,27.9,20,6.1,84
那覇,2021-05-22,27.2,50,6.1,87
那覇,2021-05-23,27.5,100,5.0,87
那覇,2021-05-24,28.1,70,7.2,84
那覇,2021-05-25,27.0,40,2.5,81
那覇,2021-05-26,28.2,60,4.8,80
那覇,2021-05-27,28.3,40,7.9,86
那覇,2021-05-28,28.0,90,8.0,87
那覇,2021-05-29,24.9,70,3.5,79
那覇,2021-05-30,22.9,100,6.1,91
那覇,2021-05-31,25.7,10,8.0,78
那覇,2021-06-01,26.2,50,6.7,77
那覇,2021-06-02,27.1,0,5.3,80
那覇,2021-06-03,28.1,0,6.1,85
那覇,2021-06-04,28.5,90,6.8,88
那覇,2021-06-05,28.3,90,9.9,86
那覇,2021-06-06,28.2,90,7.9,86
那覇,2021-06-07,27.4,50,5.1,85
那覇,2021-06-08,27.9,70,3.3,83
那覇,2021-06-09,27.4,50,3.2,84
那覇,2021-06-10,27.2,70,5.1,83
那覇,2021-06-11,28.1,60,2.9,77
那覇,2021-06-12,28.7,20,2.7,80
那覇,2021-06-13,27.8,70,5.5,85
那覇,2021-06-14,25.6,100,5.6,93
那覇,2021-06-15,28.4,70,3.7,86
那覇,2021-06-16,29.4,60,8.1,83
那覇,2021-06-17,27.7,80,5.8,88
那覇,2021-06-18,29.2,80,5.5,82
那覇,2021-06-19,28.9,30,7.1,83
那覇,2021-06-20,29.0,60,6.2,83
那覇,2021-06-21,27.2,100,3.9,93
那覇,2021-06-22,26.4,90,5.3,92
那覇,2021-06-23,25.2,70,4.9,82
那覇,2021-06-24,24.1,90,5.9,88
那覇,2021-06-25,27.2,100,4.3,85
那覇,2021-06-26,28.3,90,6.6,85
那覇,2021-06-27,27.2,80,5.2,88
那覇,2021-06-28,27.2,90,8.1,89
那覇,2021-06-29,25.6,100,5.2,94
那覇,2021-06-30,27.0,100,5.2,92
那覇,2021-07-01,28.1,30,5.8,86
那覇,2021-07-02,28.3,40,5.1,84
那覇,2021-07-03,29.0,50,5.5,81
那覇,2021-07-04,29.2,30,5.9,80
那覇,2021-07-05,29.3,0,5.9,77
那覇,2021-07-06,29.2,50,6.6,81
那覇,2021-07-07,29.4,80,4.3,80
那覇,2021-07-08,29.0,0,3.3,78
那覇,2021-07-09,29.5,10,3.9,74
那覇,2021-07-10,29.7,100,2.8,73
那覇,2021-07-11,29.7,90,2.6,77
那覇,2021-07-12,30.0,90,2.8,75
那覇,2021-07-13,29.9,30,3.4,70
那覇,2021-07-14,29.8,100,4.3,73
那覇,2021-07-15,30.0,60,4.3,70
那覇,2021-07-16,29.7,10,5.8,69
那覇,2021-07-17,29.2,90,4.5,74
那覇,2021-07-18,29.4,90,5.6,75
那覇,2021-07-19,30.1,30,7.7,69
那覇,2021-07-20,26.7,100,9.9,87
那覇,2021-07-21,27.2,100,15.2,88
那覇,2021-07-22,27.0,100,13.4,88
那覇,2021-07-23,26.5,100,15.0,89
那覇,2021-07-24,27.1,100,15.4,89
那覇,2021-07-25,28.6,60,8.1,84
那覇,2021-07-26,28.5,100,5.3,82
那覇,2021-07-27,28.6,90,6.6,83
那覇,2021-07-28,28.9,50,5.4,79
那覇,2021-07-29,29.3,70,3.5,78
那覇,2021-07-30,29.3,10,2.4,78
那覇,2021-07-31,29.0,70,3.8,85
那覇,2021-08-01,28.7,90,6.1,83
那覇,2021-08-02,28.5,90,6.4,82
那覇,2021-08-03,28.0,100,8.4,83
那覇,2021-08-04,28.2,100,10.0,83
那覇,2021-08-05,26.9,100,6.9,91
那覇,2021-08-06,29.2,80,2.9,81
那覇,2021-08-07,29.5,70,8.2,81
那覇,2021-08-08,28.3,90,10.2,86
那覇,2021-08-09,28.2,90,4.4,83
那覇,2021-08-10,28.8,90,5.0,84
那覇,2021-08-11,28.4,80,7.5,82
那覇,2021-08-12,28.1,90,8.9,82
那覇,2021-08-13,28.3,70,7.2,81
那覇,2021-08-14,28.6,60,6.5,81
那覇,2021-08-15,28.9,70,4.6,79
那覇,2021-08-16,29.0,20,3.3,79
那覇,2021-08-17,28.9,0,3.2,79
那覇,2021-08-18,28.2,30,3.2,81
那覇,2021-08-19,27.3,80,3.1,84
那覇,2021-08-20,29.5,60,3.4,75
那覇,2021-08-21,29.0,90,6.3,77
那覇,2021-08-22,28.7,100,9.0,81
那覇,2021-08-23,28.9,50,5.8,81
那覇,2021-08-24,29.0,70,5.2,78
那覇,2021-08-25,29.4,100,3.9,77
那覇,2021-08-26,29.4,0,4.2,72
那覇,2021-08-27,29.3,0,4.6,69
那覇,2021-08-28,29.0,90,3.9,75
那覇,2021-08-29,29.8,20,3.7,71
那覇,2021-08-30,29.6,20,3.7,68
那覇,2021-08-31,29.4,0,3.7,64
那覇,2021-09-01,29.4,70,1.7,70
那覇,2021-09-02,28.9,70,2.6,80
那覇,2021-09-03,29.1,90,1.3,74
那覇,2021-09-04,28.6,80,4.0,79
那覇,2021-09-05,29.2,90,4.1,80
那覇,2021-09-06,30.0,60,2.3,71
那覇,2021-09-07,29.7,60,1.1,70
那覇,2021-09-08,29.6,50,1.3,71
那覇,2021-09-09,30.1,90,3.6,72
那覇,2021-09-10,30.5,80,5.4,74
那覇,2021-09-11,29.3,80,6.9,77
那覇,2021-09-12,29.6,80,9.8,77
那覇,2021-09-13,28.5,100,9.5,83
那覇,2021-09-14,29.4,90,7.8,80
那覇,2021-09-15,28.7,80,6.0,81
那覇,2021-09-16,29.3,10,4.5,75
那覇,2021-09-17,28.9,80,2.7,78
那覇,2021-09-18,28.9,70,2.8,74
那覇,2021-09-19,28.4,0,2.8,69
那覇,2021-09-20,28.6,0,1.3,68
那覇,2021-09-21,28.8,50,1.7,72
那覇,2021-09-22,29.5,70,2.3,75
那覇,2021-09-23,29.2,90,3.0,79
那覇,2021-09-24,29.0,0,6.1,65
那覇,2021-09-25,28.5,80,4.3,80
那覇,2021-09-26,30.0,80,4.4,72
那覇,2021-09-27,29.2,70,4.2,74
那覇,2021-09-28,29.2,40,5.6,69
那覇,2021-09-29,30.2,0,5.7,67
那覇,2021-09-30,29.1,0,6.3,69
那覇,2021-10-01,28.3,0,6.4,66
那覇,2021-10-02,28.3,0,5.1,63
那覇,2021-10-03,29.1,30,7.2,66
那覇,2021-10-04,28.9,0,7.8,56
那覇,2021-10-05,29.0,50,7.1,66
那覇,2021-10-06,27.0,80,7.7,82
那覇,2021-10-07,27.6,80,5.5,81
那覇,2021-10-08,28.4,40,7.2,69
那覇,2021-10-09,28.7,30,6.9,72
那覇,2021-10-10,28.4,80,9.8,74
那覇,2021-10-11,28.2,60,10.1,79
那覇,2021-10-12,26.2,100,6.0,92
那覇,2021-10-13,27.6,50,7.6,78
那覇,2021-10-14,28.0,0,6.1,66
那覇,2021-10-15,27.9,50,4.9,70
那覇,2021-10-16,27.5,80,2.5,76
那覇,2021-10-17,24.7,0,9.8,63
那覇,2021-10-18,25.5,0,4.4,59
那覇,2021-10-19,24.9,80,6.5,75
那覇,2021-10-20,25.5,0,3.8,54
那覇,2021-10-21,25.3,90,6.5,79
那覇,2021-10-22,23.3,0,8.1,66
那覇,2021-10-23,23.7,0,5.5,54
那覇,2021-10-24,25.0,10,3.8,64
那覇,2021-10-25,25.0,30,6.5,72
那覇,2021-10-26,24.9,0,5.3,52
那覇,2021-10-27,24.8,0,5.5,54
那覇,2021-10-28,24.2,0,6.1,52
那覇,2021-10-29,24.7,0,2.9,47
那覇,2021-10-30,25.6,20,2.0,58
那覇,2021-10-31,25.0,0,4.4,60
那覇,2021-11-01,25.1,10,5.5,65
那覇,2021-11-02,24.4,0,6.1,55
那覇,2021-11-03,23.7,0,4.6,57
那覇,2021-11-04,24.2,0,4.4,54
那覇,2021-11-05,24.2,0,5.0,56
那覇,2021-11-06,24.4,90,8.1,82
那覇,2021-11-07,25.3,0,7.0,68
那覇,2021-11-08,24.0,70,3.0,76
那覇,2021-11-09,20.6,10,6.8,58
那覇,2021-11-10,20.3,0,4.5,52
那覇,2021-11-11,21.2,0,4.8,48
那覇,2021-11-12,21.5,0,4.2,49
那覇,2021-11-13,20.5,60,3.4,66
那覇,2021-11-14,21.9,10,6.7,72
那覇,2021-11-15,22.4,0,5.3,56
那覇,2021-11-16,23.3,0,5.4,56
那覇,2021-11-17,22.9,50,4.9,71
那覇,2021-11-18,22.8,80,4.3,79
那覇,2021-11-19,23.6,60,5.6,80
那覇,2021-11-20,24.3,20,5.3,70
那覇,2021-11-21,25.3,70,4.4,66
那覇,2021-11-22,23.1,80,7.8,78
那覇,2021-11-23,19.8,0,6.6,57
那覇,2021-11-24,20.3,0,4.2,50
那覇,2021-11-25,21.2,0,2.4,58
那覇,2021-11-26,22.4,10,5.4,58
那覇,2021-11-27,21.1,10,8.0,60
那覇,2021-11-28,21.7,0,8.7,56
那覇,2021-11-29,21.1,100,7.1,76
那覇,2021-11-30,23.2,80,7.5,76
那覇,2021-12-01,18.4,0,9.4,55
那覇,2021-12-02,18.2,10,5.7,66
那覇,2021-12-03,18.7,0,6.6,50
那覇,2021-12-04,19.0,0,7.5,50
那覇,2021-12-05,20.0,0,5.8,53
那覇,2021-12-06,21.6,40,6.7,62
那覇,2021-12-07,21.1,50,5.1,66
那覇,2021-12-08,20.4,0,6.3,52
那覇,2021-12-09,21.1,0,4.6,53
那覇,2021-12-10,22.0,0,4.4,51
那覇,2021-12-11,22.3,0,3.6,52
那覇,2021-12-12,23.2,0,2.3,55
那覇,2021-12-13,19.0,30,7.5,71
那覇,2021-12-14,19.8,0,3.4,56
那覇,2021-12-15,20.8,0,4.6,58
那覇,2021-12-16,23.4,0,5.8,62
那覇,2021-12-17,20.4,0,10.0,64
那覇,2021-12-18,16.9,0,6.2,52
那覇,2021-12-19,17.4,0,5.2,50
那覇,2021-12-20,18.5,0,2.0,53
那覇,2021-12-21,20.3,0,2.7,60
那覇,2021-12-22,20.5,100,5.3,86
那覇,2021-12-23,21.3,70,7.8,83
那覇,2021-12-24,23.4,60,4.4,87
那覇,2021-12-25,18.0,10,9.3,63
那覇,2021-12-26,15.0,30,8.4,68
那覇,2021-12-27,15.1,10,6.3,61
那覇,2021-12-28,17.9,0,3.1,58
那覇,2021-12-29,19.8,80,5.5,78
那覇,2021-12-30,17.2,0,7.0,59
那覇,2021-12-31,16.6,0,6.8,51
那覇,2022-01-01,18.1,0,3.1,54
那覇,2022-01-02,17.1,100,3.5,78
那覇,2022-01-03,19.5,0,3.6,67
那覇,2022-01-04,19.7,0,4.0,55
那覇,2022-01-05,20.7,30,5.4,64
那覇,2022-01-06,20.0,0,7.6,73
那覇,2022-01-07,19.3,10,5.3,61
那覇,2022-01-08,19.6,20,4.8,72
那覇,2022-01-09,20.0,20,2.4,67
那覇,2022-01-10,20.0,30,2.9,69
那覇,2022-01-11,16.3,40,10.9,68
那覇,2022-01-12,15.4,10,6.2,57
那覇,2022-01-13,15.1,60,5.6,66
那覇,2022-01-14,15.7,10,4.6,54
那覇,2022-01-15,18.1,0,1.5,60
那覇,2022-01-16,19.4,40,2.9,71
那覇,2022-01-17,16.7,70,7.3,82
那覇,2022-01-18,17.1,10,6.2,61
那覇,2022-01-19,16.4,20,4.3,64
那覇,2022-01-20,16.8,0,5.5,56
那覇,2022-01-21,17.3,0,3.9,56
那覇,2022-01-22,19.6,30,6.0,69
那覇,2022-01-23,21.1,100,9.3,84
那覇,2022-01-24,20.9,50,5.7,82
那覇,2022-01-25,19.6,0,5.1,65
那覇,2022-01-26,20.1,0,3.7,61
那覇,2022-01-27,21.6,30,4.1,68
那覇,2022-01-28,20.2,50,4.3,77
那覇,2022-01-29,18.4,100,3.8,91
那覇,2022-01-30,18.2,40,6.2,78
那覇,2022-01-31,16.2,0,6.3,53
那覇,2022-02-01,18.3,0,3.0,58
那覇,2022-02-02,19.7,70,4.5,76
那覇,2022-02-03,19.0,100,5.6,91
那覇,2022-02-04,16.8,50,7.2,76
那覇,2022-02-05,15.8,0,6.8,54
那覇,2022-02-06,15.1,10,5.2,56
那覇,2022-02-07,18.3,10,5.1,60
那覇,2022-02-08,19.7,0,8.0,72
那覇,2022-02-09,20.0,0,2.8,64
那覇,2022-02-10,17.9,20,7.4,73
那覇,2022-02-11,19.1,0,3.0,59
那覇,2022-02-12,21.4,80,4.6,72
那覇,2022-02-13,20.9,80,2.5,85
那覇,2022-02-14,17.5,80,6.4,85
那覇,2022-02-15,18.9,0,4.0,56
那覇,2022-02-16,16.2,20,5.7,69
那覇,2022-02-17,15.0,70,7.1,78
那覇,2022-02-18,16.9,80,10.6,79
那覇,2022-02-19,20.1,60,5.5,81
那覇,2022-02-20,14.2,50,9.8,67
那覇,2022-02-21,14.5,20,5.9,63
那覇,2022-02-22,16.7,10,7.0,66
那覇,2022-02-23,17.5,100,5.2,89
那覇,2022-02-24,16.3,20,7.8,66
那覇,2022-02-25,16.6,0,4.5,53
那覇,2022-02-26,19.4,0,4.7,61
那覇,2022-02-27,19.6,0,4.3,66
那覇,2022-02-28,21.8,30,2.6,66
那覇,2022-03-01,22.3,20,5.5,73
那覇,2022-03-02,19.0,60,5.2,81
那覇,2022-03-03,18.8,0,2.7,65
那覇,2022-03-04,21.2,60,6.5,77
那覇,2022-03-05,21.2,0,4.6,71
那覇,2022-03-06,18.2,0,5.6,58
那覇,2022-03-07,16.5,80,4.7,82
那覇,2022-03-08,18.1,20,6.9,58
那覇,2022-03-09,19.2,0,3.6,50
那覇,2022-03-10,19.8,0,3.7,50
那覇,2022-03-11,20.2,70,4.6,64
那覇,2022-03-12,21.0,0,4.9,61
那覇,2022-03-13,22.6,60,4.5,69
那覇,2022-03-14,22.8,40,2.0,75
那覇,2022-03-15,23.1,0,2.3,72
那覇,2022-03-16,22.7,0,3.6,76
那覇,2022-03-17,23.1,0,5.9,71
那覇,2022-03-18,22.4,30,7.9,79
那覇,2022-03-19,20.9,20,5.4,70
那覇,2022-03-20,21.2,30,2.2,69
那覇,2022-03-21,22.5,30,5.7,73
那覇,2022-03-22,21.9,50,6.0,82
那覇,2022-03-23,20.4,90,5.0,89
那覇,2022-03-24,20.1,0,5.8,60
那覇,2022-03-25,22.2,0,9.3,67
那覇,2022-03-26,23.5,100,8.9,93
那覇,2022-03-27,20.2,40,4.2,81
那覇,2022-03-28,19.4,40,6.9,79
那覇,2022-03-29,22.0,50,6.3,80
那覇,2022-03-30,22.7,90,4.7,91
那覇,2022-03-31,24.2,80,3.3,88
那覇,2022-04-01,20.8,10,7.1,63
那覇,2022-04-02,18.4,90,5.0,81
那覇,2022-04-03,17.6,100,4.7,86
那覇,2022-04-04,20.5,0,4.9,56
那覇,2022-04-05,20.4,0,3.5,54
那覇,2022-04-06,20.6,0,4.4,56
那覇,2022-04-07,21.7,0,3.7,51
那覇,2022-04-08,21.7,0,6.6,60
那覇,2022-04-09,22.4,0,4.6,62
那覇,2022-04-10,23.7,80,4.7,82
那覇,2022-04-11,24.1,40,4.5,84
那覇,2022-04-12,24.6,10,3.9,76
那覇,2022-04-13,24.5,50,5.1,79
那覇,2022-04-14,24.8,50,1.5,74
那覇,2022-04-15,24.7,50,5.5,77
那覇,2022-04-16,21.8,0,6.9,59
那覇,2022-04-17,21.5,0,3.9,56
那覇,2022-04-18,23.1,0,2.1,59
那覇,2022-04-19,21.8,10,4.3,78
那覇,2022-04-20,23.5,10,1.1,64
那覇,2022-04-21,25.0,100,6.7,82
那覇,2022-04-22,25.0,70,3.6,86
那覇,2022-04-23,25.4,30,6.0,88
那覇,2022-04-24,24.6,80,5.3,87
那覇,2022-04-25,26.4,80,4.7,82
那覇,2022-04-26,26.2,70,7.0,86
那覇,2022-04-27,26.1,100,4.9,87
那覇,2022-04-28,26.3,100,4.8,82
那覇,2022-04-29,26.2,60,7.1,86
那覇,2022-04-30,23.7,0,4.0,72
那覇,2022-05-01,21.4,40,5.8,75
那覇,2022-05-02,19.5,70,5.3,77
那覇,2022-05-03,22.6,0,6.6,54
那覇,2022-05-04,21.2,100,5.7,85
那覇,2022-05-05,23.0,100,7.2,87
那覇,2022-05-06,25.0,60,2.5,86
那覇,2022-05-07,26.6,60,2.2,81
那覇,2022-05-08,25.0,90,4.1,85
那覇,2022-05-09,24.8,30,4.0,82
那覇,2022-05-10,25.9,0,1.2,74
那覇,2022-05-11,24.0,100,4.7,90
那覇,2022-05-12,26.1,70,6.8,83
那覇,2022-05-13,25.2,100,6.8,90
那覇,2022-05-14,24.2,100,3.5,92
那覇,2022-05-15,22.8,40,6.3,82
那覇,2022-05-16,20.0,100,5.9,86
那覇,2022-05-17,20.8,90,5.7,86
那覇,2022-05-18,24.3,30,4.0,68
那覇,2022-05-19,24.9,0,5.3,68
那覇,2022-05-20,23.8,100,8.1,93
那覇,2022-05-21,25.1,20,7.0,78
那覇,2022-05-22,24.8,70,3.5,70
那覇,2022-05-23,23.2,70,5.8,82
那覇,2022-05-24,24.8,90,4.4,90
那覇,2022-05-25,25.2,70,5.3,85
那覇,2022-05-26,25.2,50,3.1,86
那覇,2022-05-27,22.2,100,3.7,89
那覇,2022-05-28,25.4,90,6.2,92
那覇,2022-05-29,27.8,60,6.9,86
那覇,2022-05-30,28.0,50,7.3,85
那覇,2022-05-31,25.4,100,3.9,91
那覇,2022-06-01,27.5,90,7.7,85
那覇,2022-06-02,26.2,70,4.7,87
那覇,2022-06-03,25.2,90,3.0,92
那覇,2022-06-04,26.2,80,3.5,86
那覇,2022-06-05,28.0,80,6.9,84
那覇,2022-06-06,26.9,70,7.4,87
那覇,2022-06-07,23.8,50,5.5,85
那覇,2022-06-08,24.4,80,2.8,86
那覇,2022-06-09,22.9,100,4.2,89
那覇,2022-06-10,24.8,100,4.6,90
那覇,2022-06-11,25.6,80,7.8,90
那覇,2022-06-12,25.7,90,2.8,88
那覇,2022-06-13,28.4,80,8.0,83
那覇,2022-06-14,28.0,70,7.6,85
那覇,2022-06-15,27.7,60,5.8,84
那覇,2022-06-16,25.0,100,5.3,92
那覇,2022-06-17,25.9,100,6.4,91
那覇,2022-06-18,27.9,90,3.3,84
那覇,2022-06-19,28.8,90,5.2,84
那覇,2022-06-20,28.5,80,5.2,82
那覇,2022-06-21,29.2,90,5.5,78
那覇,2022-06-22,29.2,40,4.2,80
那覇,2022-06-23,29.3,30,4.9,80
那覇,2022-06-24,29.6,80,5.4,81
那覇,2022-06-25,29.5,60,4.3,77
那覇,2022-06-26,29.8,100,5.7,76
那覇,2022-06-27,29.6,50,6.4,74
那覇,2022-06-28,28.6,80,7.5,76
那覇,2022-06-29,29.3,30,5.7,71
那覇,2022-06-30,28.9,80,6.7,74
那覇,2022-07-01,27.0,90,6.6,83
那覇,2022-07-02,26.7,80,6.8,85
那覇,2022-07-03,26.8,90,6.9,84
那覇,2022-07-04,29.3,70,4.4,76
那覇,2022-07-05,28.5,90,5.2,80
那覇,2022-07-06,29.6,70,4.9,75
那覇,2022-07-07,29.4,60,3.6,77
那覇,2022-07-08,29.6,50,3.8,78
那覇,2022-07-09,29.8,90,5.6,78
那覇,2022-07-10,30.1,80,4.9,78
那覇,2022-07-11,30.1,70,3.7,76
那覇,2022-07-12,29.7,30,2.4,76
那覇,2022-07-13,30.7,40,2.0,69
那覇,2022-07-14,30.0,80,4.3,77
那覇,2022-07-15,29.9,40,5.2,78
那覇,2022-07-16,28.7,30,5.2,82
那覇,2022-07-17,29.5,50,5.6,82
那覇,2022-07-18,29.7,70,7.4,81
那覇,2022-07-19,29.8,100,6.5,82
那覇,2022-07-20,30.6,70,5.3,76
那覇,2022-07-21,30.7,0,5.1,78
那覇,2022-07-22,30.8,30,4.5,78
那覇,2022-07-23,30.5,90,4.5,77
那覇,2022-07-24,30.9,70,3.2,75
那覇,2022-07-25,30.0,50,2.3,78
那覇,2022-07-26,29.8,60,2.0,78
那覇,2022-07-27,30.6,40,3.5,65
那覇,2022-07-28,29.2,100,3.8,77
那覇,2022-07-29,29.9,80,3.5,76
那覇,2022-07-30,29.0,80,3.8,79
那覇,2022-07-31,27.6,100,4.6,88
那覇,2022-08-01,27.1,100,5.1,87
那覇,2022-08-02,29.8,100,5.1,74
那覇,2022-08-03,29.6,50,1.7,77
那覇,2022-08-04,30.0,40,2.5,75
那覇,2022-08-05,29.9,70,1.6,76
那覇,2022-08-06,29.8,20,1.9,73
那覇,2022-08-07,30.4,50,2.8,66
那覇,2022-08-08,30.2,90,3.2,69
那覇,2022-08-09,30.1,30,3.6,74
那覇,2022-08-10,30.7,30,2.9,66
那覇,2022-08-11,30.0,80,1.2,76
那覇,2022-08-12,30.1,30,1.4,77
那覇,2022-08-13,30.9,40,2.3,69
那覇,2022-08-14,30.2,100,4.9,73
那覇,2022-08-15,30.6,90,5.0,70
那覇,2022-08-16,30.7,80,4.2,71
那覇,2022-08-17,30.0,80,2.7,76
那覇,2022-08-18,30.8,50,6.1,70
那覇,2022-08-19,30.7,0,4.8,71
那覇,2022-08-20,30.6,0,3.8,72
那覇,2022-08-21,30.8,0,3.5,72
那覇,2022-08-22,31.0,20,3.3,71
那覇,2022-08-23,30.9,70,3.0,72
那覇,2022-08-24,31.0,60,3.2,71
那覇,2022-08-25,31.0,80,3.8,72
那覇,2022-08-26,31.0,60,3.5,73
那覇,2022-08-27,28.6,80,3.0,83
那覇,2022-08-28,30.2,80,3.0,79
那覇,2022-08-29,31.0,80,1.0,70
那覇,2022-08-30,30.7,90,2.9,71
那覇,2022-08-31,30.1,70,9.8,76
那覇,2022-09-01,29.7,100,9.4,75
那覇,2022-09-02,28.8,90,8.5,79
那覇,2022-09-03,26.8,100,13.1,89
那覇,2022-09-04,26.6,100,17.0,89
那覇,2022-09-05,28.0,90,12.0,85
那覇,2022-09-06,28.7,80,3.6,81
那覇,2022-09-07,28.2,0,5.5,65
那覇,2022-09-08,28.2,90,4.4,74
那覇,2022-09-09,29.4,70,2.9,74
那覇,2022-09-10,29.0,80,5.0,77
那覇,2022-09-11,27.2,100,6.0,84
那覇,2022-09-12,28.8,70,6.3,80
那覇,2022-09-13,29.2,70,7.5,77
那覇,2022-09-14,29.7,60,2.9,74
那覇,2022-09-15,29.1,20,4.6,82
那覇,2022-09-16,29.7,40,4.5,77
那覇,2022-09-17,28.0,100,10.1,84
那覇,2022-09-18,28.0,70,11.3,79
那覇,2022-09-19,28.0,40,6.6,73
那覇,2022-09-20,27.6,70,4.6,80
那覇,2022-09-21,27.8,0,4.6,60
那覇,2022-09-22,28.2,90,2.8,76
那覇,2022-09-23,28.9,20,2.6,74
那覇,2022-09-24,28.3,40,4.8,80
那覇,2022-09-25,28.2,80,4.5,81
那覇,2022-09-26,28.4,70,3.4,80
那覇,2022-09-27,28.9,70,3.2,72
那覇,2022-09-28,29.0,20,2.6,70
那覇,2022-09-29,28.9,30,3.8,72
那覇,2022-09-30,28.6,60,1.7,71
那覇,2022-10-01,28.2,50,2.4,73
那覇,2022-10-02,28.6,20,4.8,67
那覇,2022-10-03,28.4,70,4.4,71
那覇,2022-10-04,28.6,90,1.2,70
那覇,2022-10-05,28.5,80,2.7,70
那覇,2022-10-06,28.3,70,3.4,69
那覇,2022-10-07,27.0,40,4.9,76
那覇,2022-10-08,27.2,20,4.8,64
那覇,2022-10-09,27.9,0,3.9,62
那覇,2022-10-10,25.5,10,8.3,68
那覇,2022-10-11,25.0,0,6.7,53
那覇,2022-10-12,26.4,0,6.5,61
那覇,2022-10-13,27.8,20,8.1,69
那覇,2022-10-14,27.6,60,8.0,78
那覇,2022-10-15,28.2,70,7.6,79
那覇,2022-10-16,28.6,30,7.0,75
那覇,2022-10-17,26.5,80,5.0,83
那覇,2022-10-18,23.2,0,9.7,75
那覇,2022-10-19,24.4,0,9.0,68
那覇,2022-10-20,25.3,0,8.9,58
那覇,2022-10-21,27.0,40,8.0,75
那覇,2022-10-22,26.8,90,2.3,86
那覇,2022-10-23,26.7,60,6.9,84
那覇,2022-10-24,24.2,0,8.7,59
那覇,2022-10-25,22.8,0,6.6,56
那覇,2022-10-26,24.6,0,6.6,54
那覇,2022-10-27,25.7,20,6.7,61
那覇,2022-10-28,25.6,50,6.3,68
那覇,2022-10-29,25.7,50,8.1,74
那覇,2022-10-30,25.4,90,9.4,76
那覇,2022-10-31,23.8,100,9.6,88
那覇,2022-11-01,22.5,100,7.3,90
那覇,2022-11-02,24.2,50,6.0,80
那覇,2022-11-03,25.9,0,3.5,71
那覇,2022-11-04,24.5,0,5.9,67
那覇,2022-11-05,23.2,0,5.6,60
那覇,2022-11-06,22.9,0,4.1,59
那覇,2022-11-07,23.4,70,4.8,78
那覇,2022-11-08,24.8,40,5.4,72
那覇,2022-11-09,25.0,80,6.5,76
那覇,2022-11-10,23.8,100,5.2,87
那覇,2022-11-11,25.4,100,7.4,80
那覇,2022-11-12,25.4,100,6.2,86
那覇,2022-11-13,25.7,50,4.4,85
那覇,2022-11-14,23.2,20,5.8,71
那覇,2022-11-15,23.2,20,2.7,70
那覇,2022-11-16,23.4,0,5.9,67
那覇,2022-11-17,24.2,60,4.7,73
那覇,2022-11-18,26.3,80,2.6,79
那覇,2022-11-19,25.4,20,2.9,79
那覇,2022-11-20,25.3,0,4.5,71
那覇,2022-11-21,24.8,0,4.3,72
那覇,2022-11-22,25.4,90,4.5,75
那覇,2022-11-23,23.6,100,2.8,88
那覇,2022-11-24,23.7,30,3.5,74
那覇,2022-11-25,22.1,90,5.4,84
那覇,2022-11-26,23.8,10,7.3,79
那覇,2022-11-27,23.8,0,6.2,65
那覇,2022-11-28,24.4,30,4.8,83
那覇,2022-11-29,26.0,0,4.6,81
那覇,2022-11-30,21.8,60,8.2,81
那覇,2022-12-01,20.0,20,6.3,72
那覇,2022-12-02,20.0,20,8.4,73
那覇,2022-12-03,22.1,100,7.2,92
那覇,2022-12-04,25.0,50,2.7,77
那覇,2022-12-05,24.3,40,3.7,77
那覇,2022-12-06,19.9,30,7.0,68
那覇,2022-12-07,20.7,0,7.1,57
那覇,2022-12-08,22.4,0,7.9,60
那覇,2022-12-09,20.6,100,9.1,88
那覇,2022-12-10,22.7,20,7.0,72
那覇,2022-12-11,21.7,20,7.2,69
那覇,2022-12-12,20.5,0,5.6,63
那覇,2022-12-13,19.8,0,6.0,62
那覇,2022-12-14,18.3,0,7.1,63
那覇,2022-12-15,19.0,0,5.1,62
那覇,2022-12-16,20.9,100,6.5,89
那覇,2022-12-17,19.0,60,10.5,78
那覇,2022-12-18,13.5,0,8.9,59
那覇,2022-12-19,16.5,0,4.6,52
那覇,2022-12-20,19.6,0,5.7,55
那覇,2022-12-21,19.7,100,3.8,88
那覇,2022-12-22,16.8,0,9.0,48
那覇,2022-12-23,14.1,20,9.1,56
那覇,2022-12-24,14.6,10,9.5,57
那覇,2022-12-25,16.4,0,8.3,54
那覇,2022-12-26,17.6,0,4.8,58
那覇,2022-12-27,18.2,20,4.4,60
那覇,2022-12-28,19.3,30,4.1,70
那覇,2022-12-29,19.5,10,6.5,71
那覇,2022-12-30,16.5,100,7.9,87
那覇,2022-12-31,18.5,20,7.0,69
那覇,2023-01-01,17.8,0,5.7,62
那覇,2023-01-02,18.3,10,3.8,64
那覇,2023-01-03,18.6,70,3.8,74
那覇,2023-01-04,17.8,0,5.5,59
那覇,2023-01-05,18.3,0,6.3,54
那覇,2023-01-06,20.0,10,2.3,60
那覇,2023-01-07,17.5,0,6.5,61
那覇,2023-01-08,18.5,0,3.3,60
那覇,2023-01-09,20.2,0,2.6,59
那覇,2023-01-10,20.3,0,5.1,61
那覇,2023-01-11,20.4,10,6.0,68
那覇,2023-01-12,22.0,0,7.0,61
那覇,2023-01-13,22.7,10,7.4,69
那覇,2023-01-14,23.3,0,6.2,78
那覇,2023-01-15,20.6,80,6.8,86
那覇,2023-01-16,16.1,0,8.4,67
那覇,2023-01-17,17.5,20,5.2,64
那覇,2023-01-18,17.3,10,6.2,62
那覇,2023-01-19,17.4,0,4.3,58
那覇,2023-01-20,17.2,0,5.1,60
那覇,2023-01-21,18.8,0,3.4,57
那覇,2023-01-22,21.8,20,7.6,66
那覇,2023-01-23,20.6,50,2.7,78
那覇,2023-01-24,14.1,90,13.0,71
那覇,2023-01-25,13.5,0,5.3,59
那覇,2023-01-26,18.1,10,4.2,60
那覇,2023-01-27,14.8,10,11.5,66
那覇,2023-01-28,13.2,10,7.3,58
那覇,2023-01-29,14.3,10,4.6,54
那覇,2023-01-30,15.1,0,5.2,51
那覇,2023-01-31,16.8,0,2.7,58
那覇,2023-02-01,20.7,0,4.6,59
那覇,2023-02-02,20.1,20,4.6,76
那覇,2023-02-03,18.3,0,5.0,64
那覇,2023-02-04,18.2,10,3.9,68
那覇,2023-02-05,19.2,10,5.9,76
那覇,2023-02-06,20.0,100,5.8,87
那覇,2023-02-07,21.0,30,5.4,82
那覇,2023-02-08,20.5,40,4.6,74
那覇,2023-02-09,21.7,40,5.3,70
那覇,2023-02-10,20.7,40,6.2,81
那覇,2023-02-11,21.7,10,3.1,77
那覇,2023-02-12,22.9,80,5.8,83
那覇,2023-02-13,23.0,60,7.9,82
那覇,2023-02-14,17.5,80,7.2,79
那覇,2023-02-15,15.8,10,8.4,68
那覇,2023-02-16,18.5,30,5.0,64
那覇,2023-02-17,20.0,0,7.0,57
那覇,2023-02-18,20.8,0,5.0,59
那覇,2023-02-19,21.7,0,4.3,64
那覇,2023-02-20,17.4,0,7.2,60
那覇,2023-02-21,16.6,0,7.5,55
那覇,2023-02-22,19.3,0,7.5,62
那覇,2023-02-23,21.4,0,5.1,60
那覇,2023-02-24,21.5,60,3.4,75
那覇,2023-02-25,18.1,0,9.0,58
那覇,2023-02-26,16.0,10,7.1,52
那覇,2023-02-27,17.3,40,7.7,65
那覇,2023-02-28,19.3,0,5.6,56
那覇,2023-03-01,20.5,20,3.3,60
那覇,2023-03-02,17.0,30,8.6,68
那覇,2023-03-03,16.6,30,3.5,58
那覇,2023-03-04,18.8,0,2.7,55
那覇,2023-03-05,18.9,0,4.9,49
那覇,2023-03-06,19.0,0,4.8,47
那覇,2023-03-07,19.6,0,3.8,51
那覇,2023-03-08,20.8,50,4.4,58
那覇,2023-03-09,19.7,80,3.2,73
那覇,2023-03-10,20.8,0,5.2,62
那覇,2023-03-11,21.8,0,5.7,60
那覇,2023-03-12,21.6,50,4.5,67
那覇,2023-03-13,17.0,40,7.4,70
那覇,2023-03-14,18.5,10,3.6,57
那覇,2023-03-15,20.5,0,5.4,80
那覇,2023-03-16,22.0,60,3.6,75
那覇,2023-03-17,22.5,50,5.5,76
那覇,2023-03-18,21.1,40,6.0,73
那覇,2023-03-19,20.5,20,4.1,68
那覇,2023-03-20,21.0,60,5.0,76
那覇,2023-03-21,23.3,50,6.7,83
那覇,2023-03-22,23.7,90,5.2,90
那覇,2023-03-23,24.3,90,6.9,89
那覇,2023-03-24,24.6,40,4.2,85
那覇,2023-03-25,22.2,50,2.5,85
那覇,2023-03-26,19.9,60,5.4,82
那覇,2023-03-27,20.5,40,5.2,72
那覇,2023-03-28,20.5,0,5.0,56
那覇,2023-03-29,21.4,60,5.4,73
那覇,2023-03-30,21.3,20,8.9,74
那覇,2023-03-31,22.6,0,5.0,79
那覇,2023-04-01,22.4,60,5.5,76
那覇,2023-04-02,21.8,10,7.8,72
那覇,2023-04-03,22.1,10,6.1,62
那覇,2023-04-04,21.6,30,8.3,60
那覇,2023-04-05,23.1,20,6.2,58
那覇,2023-04-06,23.4,20,6.0,71
那覇,2023-04-07,20.6,90,6.7,86
那覇,2023-04-08,18.8,0,8.1,55
那覇,2023-04-09,19.7,0,3.5,48
那覇,2023-04-10,21.2,0,4.5,53
那覇,2023-04-11,23.6,0,3.6,64
那覇,2023-04-12,24.7,30,4.7,73
那覇,2023-04-13,23.4,10,7.2,75
那覇,2023-04-14,24.3,100,5.2,85
那覇,2023-04-15,22.8,90,5.3,90
那覇,2023-04-16,23.6,0,1.6,65
那覇,2023-04-17,24.4,0,3.1,70
那覇,2023-04-18,24.0,0,5.8,77
那覇,2023-04-19,24.3,100,8.1,88
那覇,2023-04-20,23.6,100,7.6,91
那覇,2023-04-21,23.9,70,7.2,81
那覇,2023-04-22,24.0,40,7.3,74
那覇,2023-04-23,23.7,0,5.1,70
那覇,2023-04-24,24.1,30,4.0,68
那覇,2023-04-25,24.9,0,3.0,64
那覇,2023-04-26,21.8,0,6.3,73
那覇,2023-04-27,22.4,0,5.3,64
那覇,2023-04-28,24.8,0,4.3,70
那覇,2023-04-29,25.4,50,5.4,86
那覇,2023-04-30,23.9,20,4.7,80
那覇,2023-05-01,22.4,60,5.8,73
那覇,2023-05-02,22.9,0,7.3,64
那覇,2023-05-03,24.1,30,6.2,75
那覇,2023-05-04,25.0,30,6.1,78
那覇,2023-05-05,25.5,100,6.8,85
那覇,2023-05-06,25.3,60,6.2,86
那覇,2023-05-07,24.7,80,7.0,91
那覇,2023-05-08,22.2,80,5.4,81
那覇,2023-05-09,23.0,60,4.9,67
那覇,2023-05-10,23.3,10,5.0,64
那覇,2023-05-11,22.9,0,5.0,55
那覇,2023-05-12,24.2,0,3.7,54
那覇,2023-05-13,25.1,0,4.3,60
那覇,2023-05-14,23.0,0,3.0,67
那覇,2023-05-15,24.2,0,2.1,71
那覇,2023-05-16,25.2,0,4.5,66
那覇,2023-05-17,25.0,0,7.2,66
那覇,2023-05-18,24.5,100,8.5,91
那覇,2023-05-19,24.8,0,5.1,78
那覇,2023-05-20,25.1,0,4.0,68
那覇,2023-05-21,24.5,50,1.3,75
那覇,2023-05-22,26.1,80,6.9,88
那覇,2023-05-23,23.9,10,6.8,65
那覇,2023-05-24,24.0,0,3.0,61
那覇,2023-05-25,25.9,70,2.7,66
那覇,2023-05-26,25.0,0,5.8,65
那覇,2023-05-27,25.5,80,7.5,82
那覇,2023-05-28,26.4,70,8.4,83
那覇,2023-05-29,26.9,0,8.4,84
那覇,2023-05-30,27.7,0,8.1,83
那覇,2023-05-31,27.5,50,10.1,83
那覇,2023-06-01,25.7,100,17.0,90
那覇,2023-06-02,26.0,100,13.0,87
那覇,2023-06-03,26.2,0,3.4,78
那覇,2023-06-04,27.1,0,0.8,74
那覇,2023-06-05,27.0,0,1.7,78
那覇,2023-06-06,26.9,0,5.6,79
那覇,2023-06-07,27.7,40,3.5,81
那覇,2023-06-08,27.3,0,5.5,81
那覇,2023-06-09,28.0,50,4.2,79
那覇,2023-06-10,28.3,0,5.6,80
那覇,2023-06-11,28.7,60,2.4,74
那覇,2023-06-12,27.3,60,3.5,80
那覇,2023-06-13,26.0,100,7.0,91
那覇,2023-06-14,25.7,100,4.9,92
那覇,2023-06-15,27.0,50,3.6,79
那覇,2023-06-16,26.3,60,3.2,86
那覇,2023-06-17,26.8,70,4.5,90
那覇,2023-06-18,28.2,70,7.0,83
那覇,2023-06-19,27.3,30,7.5,86
那覇,2023-06-20,28.6,20,6.4,83
那覇,2023-06-21,28.7,90,5.8,86
那覇,2023-06-22,26.9,90,3.4,88
那覇,2023-06-23,28.4,80,3.6,83
那覇,2023-06-24,28.0,30,4.2,82
那覇,2023-06-25,28.4,20,5.3,79
那覇,2023-06-26,28.8,20,4.8,78
那覇,2023-06-27,29.0,10,4.9,76
那覇,2023-06-28,28.8,40,4.1,77
那覇,2023-06-29,29.2,50,5.0,80
那覇,2023-06-30,29.0,70,6.8,79
那覇,2023-07-01,29.3,70,6.9,80
那覇,2023-07-02,29.4,90,5.2,81
那覇,2023-07-03,29.9,100,5.5,79
那覇,2023-07-04,29.6,20,6.3,78
那覇,2023-07-05,29.8,90,8.5,80
那覇,2023-07-06,30.6,0,6.6,80
那覇,2023-07-07,30.2,80,7.9,77
那覇,2023-07-08,30.4,40,6.7,74
那覇,2023-07-09,30.7,0,5.0,69
那覇,2023-07-10,30.4,70,3.7,72
那覇,2023-07-11,30.4,50,4.6,75
那覇,2023-07-12,30.7,40,4.3,70
那覇,2023-07-13,30.5,30,5.0,70
那覇,2023-07-14,30.7,80,6.8,72
那覇,2023-07-15,30.4,70,7.8,72
那覇,2023-07-16,29.4,100,8.9,74
那覇,2023-07-17,29.2,80,9.4,75
那覇,2023-07-18,30.0,60,6.1,76
那覇,2023-07-19,30.3,50,2.6,72
那覇,2023-07-20,30.4,40,2.3,70
那覇,2023-07-21,30.5,80,2.6,68
那覇,2023-07-22,30.7,90,3.3,74
那覇,2023-07-23,31.0,80,2.4,67
那覇,2023-07-24,31.0,20,5.1,67
那覇,2023-07-25,31.0,50,7.3,66
那覇,2023-07-26,29.0,100,7.5,78
那覇,2023-07-27,27.6,90,6.3,85
那覇,2023-07-28,30.3,70,6.9,74
那覇,2023-07-29,30.2,80,5.7,74
那覇,2023-07-30,30.3,50,5.8,73
那覇,2023-07-31,28.3,80,7.1,79
那覇,2023-08-01,28.4,100,15.8,81
那覇,2023-08-02,26.9,100,22.4,87
那覇,2023-08-03,27.9,100,12.5,85
那覇,2023-08-04,27.5,100,13.9,86
那覇,2023-08-05,27.0,100,18.4,87
那覇,2023-08-06,27.0,100,16.6,88
那覇,2023-08-07,28.6,80,11.8,84
那覇,2023-08-08,28.3,50,9.7,86
那覇,2023-08-09,28.4,20,6.8,86
那覇,2023-08-10,29.0,0,2.9,84
那覇,2023-08-11,29.2,90,1.3,79
那覇,2023-08-12,29.2,100,1.9,77
那覇,2023-08-13,29.5,0,3.4,76
那覇,2023-08-14,30.2,30,3.0,77
那覇,2023-08-15,29.4,80,4.1,81
那覇,2023-08-16,28.8,80,6.3,83
那覇,2023-08-17,28.7,50,3.6,80
那覇,2023-08-18,29.6,80,1.1,73
那覇,2023-08-19,30.5,50,3.3,75
那覇,2023-08-20,30.0,70,2.0,78
那覇,2023-08-21,29.7,60,2.2,78
那覇,2023-08-22,29.5,50,1.8,72
那覇,2023-08-23,30.5,0,2.8,68
那覇,2023-08-24,29.7,40,3.2,77
那覇,2023-08-25,28.8,70,3.1,80
那覇,2023-08-26,29.3,90,1.4,78
那覇,2023-08-27,29.2,80,1.6,74
那覇,2023-08-28,29.8,70,3.8,74
那覇,2023-08-29,30.3,60,4.8,74
那覇,2023-08-30,31.1,30,4.0,68
那覇,2023-08-31,29.9,80,5.0,78
那覇,2023-09-01,30.5,90,7.8,75
那覇,2023-09-02,29.4,100,9.6,77
那覇,2023-09-03,29.8,70,7.1,73
那覇,2023-09-04,29.9,60,4.7,71
那覇,2023-09-05,30.2,40,3.4,67
那覇,2023-09-06,30.2,30,5.3,69
那覇,2023-09-07,30.3,0,4.8,68
那覇,2023-09-08,29.2,20,3.5,66
那覇,2023-09-09,29.7,50,1.8,57
那覇,2023-09-10,30.0,90,3.3,61
那覇,2023-09-11,29.7,50,3.1,68
那覇,2023-09-12,30.1,70,4.0,67
那覇,2023-09-13,30.8,80,4.5,68
那覇,2023-09-14,31.3,30,3.6,63
那覇,2023-09-15,30.8,60,2.5,70
那覇,2023-09-16,28.2,90,2.8,79
那覇,2023-09-17,28.2,60,2.3,77
那覇,2023-09-18,29.6,60,2.2,74
那覇,2023-09-19,30.0,80,2.7,70
那覇,2023-09-20,30.4,80,1.3,66
那覇,2023-09-21,29.7,80,1.8,75
那覇,2023-09-22,29.4,70,2.1,77
那覇,2023-09-23,30.2,70,2.6,68
那覇,2023-09-24,30.1,70,2.8,71
那覇,2023-09-25,30.2,20,4.5,69
那覇,2023-09-26,30.3,30,4.2,65
那覇,2023-09-27,30.8,80,3.6,64
那覇,2023-09-28,29.2,90,5.0,78
那覇,2023-09-29,28.4,70,4.4,82
那覇,2023-09-30,29.2,80,3.2,78
那覇,2023-10-01,29.8,50,5.0,73
那覇,2023-10-02,29.9,70,6.9,69
那覇,2023-10-03,30.4,40,5.4,78
那覇,2023-10-04,30.0,60,5.3,79
那覇,2023-10-05,28.8,50,2.5,81
那覇,2023-10-06,27.8,0,5.5,71
那覇,2023-10-07,28.4,70,4.0,79
那覇,2023-10-08,29.1,80,3.0,79
那覇,2023-10-09,28.7,0,4.3,74
那覇,2023-10-10,28.1,0,6.0,65
那覇,2023-10-11,27.8,0,5.0,58
那覇,2023-10-12,27.5,30,6.1,59
那覇,2023-10-13,27.4,0,5.3,54
那覇,2023-10-14,27.4,0,5.5,56
那覇,2023-10-15,26.7,0,5.8,59
那覇,2023-10-16,26.8,0,4.4,43
那覇,2023-10-17,26.6,0,4.7,46
那覇,2023-10-18,27.0,0,3.2,47
那覇,2023-10-19,27.4,0,1.2,50
那覇,2023-10-20,27.4,0,2.4,57
那覇,2023-10-21,25.0,0,7.4,49
那覇,2023-10-22,26.0,0,4.3,41
那覇,2023-10-23,27.1,40,4.7,57
那覇,2023-10-24,26.9,30,4.8,62
那覇,2023-10-25,26.1,20,4.0,70
那覇,2023-10-26,25.9,0,3.3,60
那覇,2023-10-27,25.4,0,4.2,50
那覇,2023-10-28,24.5,0,3.8,58
那覇,2023-10-29,25.2,0,3.8,54
那覇,2023-10-30,25.8,0,4.4,51
那覇,2023-10-31,25.0,50,5.6,68
那覇,2023-11-01,25.4,40,5.1,67
那覇,2023-11-02,25.6,30,5.8,67
那覇,2023-11-03,26.5,50,4.6,61
那覇,2023-11-04,27.2,0,4.4,59
那覇,2023-11-05,27.2,10,5.5,64
那覇,2023-11-06,27.1,20,3.1,72
那覇,2023-11-07,24.4,0,7.1,60
那覇,2023-11-08,25.6,0,3.9,55
那覇,2023-11-09,26.6,90,3.8,74
那覇,2023-11-10,26.6,50,4.4,78
那覇,2023-11-11,24.5,50,5.2,76
那覇,2023-11-12,22.2,40,7.0,73
那覇,2023-11-13,20.6,30,8.0,60
那覇,2023-11-14,21.6,0,3.6,58
那覇,2023-11-15,22.6,0,5.0,59
那覇,2023-11-16,24.5,0,5.0,54
那覇,2023-11-17,19.9,0,7.8,56
那覇,2023-11-18,19.3,10,7.8,58
那覇,2023-11-19,20.8,0,4.3,54
那覇,2023-11-20,22.2,0,4.9,50
那覇,2023-11-21,22.8,20,4.3,57
那覇,2023-11-22,24.8,0,3.8,58
那覇,2023-11-23,24.4,0,4.2,59
那覇,2023-11-24,22.4,0,8.7,58
那覇,2023-11-25,21.0,0,5.9,55
那覇,2023-11-26,24.0,0,4.1,63
那覇,2023-11-27,23.6,0,4.9,71
那覇,2023-11-28,22.2,0,6.2,51
那覇,2023-11-29,23.2,0,3.8,59
那覇,2023-11-30,23.5,0,5.5,61
那覇,2023-12-01,19.7,10,6.1,64
那覇,2023-12-02,20.3,0,5.0,52
那覇,2023-12-03,22.1,10,4.5,53
那覇,2023-12-04,20.9,100,3.9,91
那覇,2023-12-05,22.4,10,7.1,76
那覇,2023-12-06,21.6,60,1.8,70
那覇,2023-12-07,19.8,0,4.3,64
那覇,2023-12-08,21.3,0,3.4,62
那覇,2023-12-09,23.9,0,3.6,64
那覇,2023-12-10,24.2,0,4.5,67
那覇,2023-12-11,25.1,0,3.5,70
那覇,2023-12-12,22.3,30,6.7,80
那覇,2023-12-13,22.1,10,2.6,69
那覇,2023-12-14,23.8,10,2.8,72
那覇,2023-12-15,24.0,40,3.9,75
那覇,2023-12-16,20.5,50,9.5,77
那覇,2023-12-17,16.6,0,7.3,64
那覇,2023-12-18,20.1,0,4.9,62
那覇,2023-12-19,23.7,20,4.9,68
那覇,2023-12-20,17.8,100,7.2,86
那覇,2023-12-21,15.0,10,9.0,63
那覇,2023-12-22,14.8,0,7.7,58
那覇,2023-12-23,16.2,50,5.9,69
那覇,2023-12-24,17.8,80,5.3,81
那覇,2023-12-25,16.9,0,7.0,62
那覇,2023-12-26,19.2,0,4.8,56
那覇,2023-12-27,20.6,0,6.1,68
那覇,2023-12-28,19.7,100,5.4,81
那覇,2023-12-29,21.2,50,5.8,84
那覇,2023-12-30,23.0,70,6.8,82
那覇,2023-12-31,21.0,0,6.7,69
那覇,2024-01-01,19.2,0,4.0,57
那覇,2024-01-02,20.1,0,2.4,54
那覇,2024-01-03,19.7,40,5.0,70
那覇,2024-01-04,17.9,0,5.4,54
那覇,2024-01-05,19.4,0,2.8,60
那覇,2024-01-06,19.8,50,3.2,69
那覇,2024-01-07,18.5,30,6.3,65
那覇,2024-01-08,18.3,10,2.3,58
那覇,2024-01-09,19.1,100,3.1,85
那覇,2024-01-10,18.2,50,9.6,69
那覇,2024-01-11,16.6,0,5.8,53
那覇,2024-01-12,17.6,0,3.0,57
那覇,2024-01-13,18.3,0,3.2,58
那覇,2024-01-14,19.7,0,2.5,56
那覇,2024-01-15,19.8,20,6.0,61
那覇,2024-01-16,18.3,0,5.4,52
那覇,2024-01-17,20.4,0,6.2,57
那覇,2024-01-18,22.4,0,6.7,60
那覇,2024-01-19,23.4,10,3.4,65
那覇,2024-01-20,23.4,20,3.8,72
那覇,2024-01-21,19.5,40,7.1,73
那覇,2024-01-22,18.1,10,8.6,69
那覇,2024-01-23,13.0,70,9.6,71
那覇,2024-01-24,13.8,10,7.8,60
那覇,2024-01-25,16.1,0,5.2,60
那覇,2024-01-26,17.1,0,5.6,57
那覇,2024-01-27,18.0,0,3.6,59
那覇,2024-01-28,17.2,0,7.5,56
那覇,2024-01-29,18.3,0,3.5,53
那覇,2024-01-30,21.6,0,5.7,58
那覇,2024-01-31,23.4,40,4.6,69
那覇,2024-02-01,23.3,0,5.1,68
那覇,2024-02-02,23.7,70,3.2,72
那覇,2024-02-03,23.4,50,4.1,75
那覇,2024-02-04,23.4,30,2.4,78
那覇,2024-02-05,18.6,40,7.3,80
那覇,2024-02-06,18.4,0,4.5,62
那覇,2024-02-07,18.6,60,2.5,80
那覇,2024-02-08,17.0,60,6.0,79
那覇,2024-02-09,15.5,90,5.8,83
那覇,2024-02-10,16.9,0,5.6,57
那覇,2024-02-11,17.0,0,5.4,51
那覇,2024-02-12,17.4,0,3.8,53
那覇,2024-02-13,20.4,0,5.3,53
那覇,2024-02-14,21.9,30,7.1,68
那覇,2024-02-15,23.2,50,3.4,71
那覇,2024-02-16,20.4,10,5.7,75
那覇,2024-02-17,20.8,0,1.4,63
那覇,2024-02-18,22.4,40,5.6,70
那覇,2024-02-19,23.7,40,6.2,78
那覇,2024-02-20,23.8,70,6.5,80
那覇,2024-02-21,23.8,20,6.3,74
那覇,2024-02-22,24.0,0,5.5,74
那覇,2024-02-23,21.5,20,5.7,75
那覇,2024-02-24,21.2,20,5.8,72
那覇,2024-02-25,17.4,10,8.8,70
那覇,2024-02-26,18.6,30,5.8,72
那覇,2024-02-27,19.4,20,3.5,66
那覇,2024-02-28,21.1,0,7.7,68
那覇,2024-02-29,22.6,70,7.5,79
那覇,2024-03-01,18.6,90,6.0,79
那覇,2024-03-02,15.4,20,5.7,68
那覇,2024-03-03,17.2,30,3.6,69
那覇,2024-03-04,21.4,90,7.0,79
那覇,2024-03-05,23.2,80,7.7,87
那覇,2024-03-06,21.2,50,7.2,80
那覇,2024-03-07,19.1,20,3.7,70
那覇,2024-03-08,16.4,0,7.5,55
那覇,2024-03-09,17.0,10,4.6,58
那覇,2024-03-10,18.4,10,4.0,56
那覇,2024-03-11,20.2,10,6.8,60
那覇,2024-03-12,19.2,0,9.1,53
那覇,2024-03-13,17.8,0,3.6,53
那覇,2024-03-14,20.3,0,2.0,50
那覇,2024-03-15,21.3,10,3.1,57
那覇,2024-03-16,21.2,10,4.6,64
那覇,2024-03-17,22.6,30,6.4,72
那覇,2024-03-18,21.2,0,4.6,65
那覇,2024-03-19,19.9,60,6.3,83
那覇,2024-03-20,16.9,0,8.7,50
那覇,2024-03-21,17.4,0,3.6,54
那覇,2024-03-22,20.1,0,4.9,54
那覇,2024-03-23,23.2,0,7.1,66
那覇,2024-03-24,24.4,0,6.2,75
那覇,2024-03-25,24.6,0,6.1,79
那覇,2024-03-26,21.3,30,7.8,79
那覇,2024-03-27,21.6,0,3.2,55
那覇,2024-03-28,23.2,20,5.9,64
那覇,2024-03-29,22.9,10,2.7,79
那覇,2024-03-30,23.1,0,1.5,79
那覇,2024-03-31,23.3,50,7.7,90
那覇,2024-04-01,24.0,0,5.1,71
那覇,2024-04-02,24.6,30,6.4,86
那覇,2024-04-03,25.2,70,8.6,86
那覇,2024-04-04,25.1,60,5.8,88
那覇,2024-04-05,24.4,80,5.6,86
那覇,2024-04-06,23.0,50,3.3,89
那覇,2024-04-07,23.8,90,2.1,88
那覇,2024-04-08,22.8,100,4.2,92
那覇,2024-04-09,22.1,20,7.9,72
那覇,2024-04-10,22.7,0,6.8,64
那覇,2024-04-11,23.9,20,3.0,68
那覇,2024-04-12,23.9,0,3.7,74
那覇,2024-04-13,24.4,20,2.8,85
那覇,2024-04-14,24.9,100,4.7,88
那覇,2024-04-15,23.8,50,4.2,88
那覇,2024-04-16,25.4,80,0.7,85
那覇,2024-04-17,26.1,30,3.3,81
那覇,2024-04-18,23.4,30,7.2,76
那覇,2024-04-19,23.0,0,3.4,66
那覇,2024-04-20,24.8,10,6.2,73
那覇,2024-04-21,26.5,60,6.0,87
那覇,2024-04-22,26.4,0,5.1,89
那覇,2024-04-23,23.8,60,6.6,87
那覇,2024-04-24,23.5,50,5.5,83
那覇,2024-04-25,24.3,40,3.8,78
那覇,2024-04-26,24.6,80,5.3,87
那覇,2024-04-27,26.3,10,4.8,84
那覇,2024-04-28,27.1,100,3.7,85
那覇,2024-04-29,26.4,70,6.8,88
那覇,2024-04-30,27.1,80,4.7,86
那覇,2024-05-01,25.0,10,5.0,80
那覇,2024-05-02,22.1,100,2.3,89
那覇,2024-05-03,25.4,70,1.8,76
那覇,2024-05-04,26.1,10,4.2,75
那覇,2024-05-05,26.6,0,5.4,74
那覇,2024-05-06,27.1,40,5.3,82
那覇,2024-05-07,25.7,20,5.4,73
那覇,2024-05-08,24.5,0,4.8,65
那覇,2024-05-09,23.3,0,5.4,61
那覇,2024-05-10,24.5,0,3.9,56
那覇,2024-05-11,26.5,20,3.9,65
那覇,2024-05-12,27.7,50,5.6,75
那覇,2024-05-13,23.6,100,5.3,88
那覇,2024-05-14,23.5,70,2.2,76
那覇,2024-05-15,25.0,0,5.2,68
那覇,2024-05-16,23.3,0,5.3,62
那覇,2024-05-17,24.1,10,5.1,65
那覇,2024-05-18,24.9,50,6.0,80
那覇,2024-05-19,26.1,40,5.5,73
那覇,2024-05-20,25.3,20,5.9,76
那覇,2024-05-21,23.8,100,6.7,94
那覇,2024-05-22,26.4,90,5.6,88
那覇,2024-05-23,26.6,90,4.5,91
那覇,2024-05-24,26.1,80,3.5,90
那覇,2024-05-25,26.8,70,1.5,85
那覇,2024-05-26,27.5,70,4.2,85
那覇,2024-05-27,26.5,100,5.2,89
那覇,2024-05-28,26.4,90,7.7,87
那覇,2024-05-29,26.6,0,4.9,73
那覇,2024-05-30,27.7,70,1.7,80
那覇,2024-05-31,27.9,90,5.2,91
那覇,2024-06-01,27.2,100,1.9,86
那覇,2024-06-02,23.4,100,4.4,88
那覇,2024-06-03,23.1,40,6.3,73
那覇,2024-06-04,25.9,0,5.3,62
那覇,2024-06-05,25.8,10,4.9,61
那覇,2024-06-06,24.6,50,1.7,73
那覇,2024-06-07,26.2,40,4.3,75
那覇,2024-06-08,27.4,70,6.3,84
那覇,2024-06-09,26.3,70,4.3,89
那覇,2024-06-10,27.1,90,1.9,84
那覇,2024-06-11,25.6,100,6.0,94
那覇,2024-06-12,26.1,100,6.1,93
那覇,2024-06-13,26.3,100,5.9,91
那覇,2024-06-14,26.6,100,6.9,92
那覇,2024-06-15,27.8,80,8.5,90
那覇,2024-06-16,28.1,70,3.9,87
那覇,2024-06-17,27.9,20,6.8,88
那覇,2024-06-18,25.5,100,5.2,93
那覇,2024-06-19,28.6,40,4.0,85
那覇,2024-06-20,29.1,60,6.6,84
那覇,2024-06-21,29.4,0,5.9,85
那覇,2024-06-22,29.6,50,7.2,85
那覇,2024-06-23,29.6,10,7.1,84
那覇,2024-06-24,29.8,10,5.9,82
那覇,2024-06-25,29.9,70,5.3,80
那覇,2024-06-26,30.3,30,4.6,75
那覇,2024-06-27,30.4,80,4.7,71
那覇,2024-06-28,30.2,90,5.1,78
那覇,2024-06-29,30.3,60,5.4,76
那覇,2024-06-30,30.2,80,7.0,77
那覇,2024-07-01,30.5,20,5.6,77
那覇,2024-07-02,30.9,60,5.9,73
那覇,2024-07-03,31.1,70,3.3,73
那覇,2024-07-04,31.6,0,2.5,69
那覇,2024-07-05,31.4,50,2.9,69
那覇,2024-07-06,31.9,0,3.9,67
那覇,2024-07-07,31.0,80,3.0,73
那覇,2024-07-08,32.1,50,4.1,63
那覇,2024-07-09,30.0,70,4.3,76
那覇,2024-07-10,30.5,90,6.3,76
那覇,2024-07-11,30.9,70,6.6,72
那覇,2024-07-12,30.6,60,6.0,75
那覇,2024-07-13,31.6,20,4.5,69
那覇,2024-07-14,31.8,0,4.9,67
那覇,2024-07-15,32.1,0,4.5,60
那覇,2024-07-16,30.1,80,4.9,73
那覇,2024-07-17,31.7,70,3.8,70
那覇,2024-07-18,32.2,10,3.4,66
那覇,2024-07-19,32.6,80,3.1,64
那覇,2024-07-20,32.9,0,4.2,60
那覇,2024-07-21,33.0,60,4.8,61
那覇,2024-07-22,32.1,90,7.4,64
那覇,2024-07-23,30.1,90,8.6,75
那覇,2024-07-24,29.1,90,11.6,81
那覇,2024-07-25,28.3,90,9.6,83
那覇,2024-07-26,28.2,100,8.9,86
那覇,2024-07-27,30.4,30,6.4,76
那覇,2024-07-28,30.6,60,5.9,73
那覇,2024-07-29,30.9,20,4.8,72
那覇,2024-07-30,31.1,80,2.1,72
那覇,2024-07-31,30.5,100,2.7,76
那覇,2024-08-01,30.8,70,3.6,76
那覇,2024-08-02,30.4,90,3.3,73
那覇,2024-08-03,31.4,0,4.2,69
那覇,2024-08-04,31.7,70,5.0,65
那覇,2024-08-05,30.5,80,5.6,75
那覇,2024-08-06,30.5,70,5.4,79
那覇,2024-08-07,30.7,90,2.8,78
那覇,2024-08-08,30.6,60,2.7,79
那覇,2024-08-09,31.4,60,1.8,67
那覇,2024-08-10,31.8,60,2.5,64
那覇,2024-08-11,31.2,80,1.7,68
那覇,2024-08-12,30.9,70,2.7,72
那覇,2024-08-13,31.7,30,3.0,63
那覇,2024-08-14,30.6,70,2.8,72
那覇,2024-08-15,29.5,70,1.9,78
那覇,2024-08-16,31.3,30,1.8,66
那覇,2024-08-17,30.4,90,3.5,73
那覇,2024-08-18,30.0,100,5.0,77
那覇,2024-08-19,30.0,90,11.7,73
那覇,2024-08-20,31.0,20,4.5,71
那覇,2024-08-21,30.6,0,3.0,76
那覇,2024-08-22,31.1,0,3.2,74
那覇,2024-08-23,30.8,30,3.2,74
那覇,2024-08-24,29.3,80,5.2,80
那覇,2024-08-25,30.6,40,4.3,74
那覇,2024-08-26,29.7,60,4.3,76
那覇,2024-08-27,30.3,60,8.4,74
那覇,2024-08-28,30.1,50,8.0,75
那覇,2024-08-29,29.9,90,6.2,79
那覇,2024-08-30,30.9,50,4.4,75
那覇,2024-08-31,30.7,30,4.0,72
那覇,2024-09-01,30.2,20,3.1,67
那覇,2024-09-02,30.9,0,2.4,57
那覇,2024-09-03,30.2,50,2.0,74
那覇,2024-09-04,30.4,50,0.9,74
那覇,2024-09-05,30.6,50,1.9,72
那覇,2024-09-06,29.7,80,3.1,75
那覇,2024-09-07,30.1,80,1.8,73
那覇,2024-09-08,30.9,40,4.6,67
那覇,2024-09-09,28.0,80,6.7,82
那覇,2024-09-10,29.1,100,7.9,82
那覇,2024-09-11,27.8,90,5.6,88
那覇,2024-09-12,30.4,0,7.1,67
那覇,2024-09-13,27.2,100,5.7,84
那覇,2024-09-14,29.1,50,4.8,82
那覇,2024-09-15,30.1,50,5.9,76
那覇,2024-09-16,30.0,80,7.3,79
那覇,2024-09-17,29.4,60,7.9,75
那覇,2024-09-18,28.9,70,8.9,78
那覇,2024-09-19,29.0,70,7.7,82
那覇,2024-09-20,29.7,80,8.8,77
那覇,2024-09-21,30.0,70,10.4,76
那覇,2024-09-22,29.5,70,7.6,76
那覇,2024-09-23,29.5,90,6.1,81
那覇,2024-09-24,27.3,90,5.7,85
那覇,2024-09-25,28.2,90,2.8,82
那覇,2024-09-26,29.6,60,5.0,73
那覇,2024-09-27,28.8,70,5.4,77
那覇,2024-09-28,27.3,80,4.2,86
那覇,2024-09-29,28.0,60,5.1,82
那覇,2024-09-30,28.6,50,4.7,80
那覇,2024-10-01,29.5,80,4.8,77
那覇,2024-10-02,27.6,80,4.4,84
那覇,2024-10-03,28.7,80,4.5,80
那覇,2024-10-04,26.5,100,4.1,89
那覇,2024-10-05,28.4,50,4.1,79
那覇,2024-10-06,28.7,30,4.4,74
那覇,2024-10-07,28.7,40,2.2,76
那覇,2024-10-08,27.5,80,6.0,75
那覇,2024-10-09,27.6,0,5.0,60
那覇,2024-10-10,26.6,0,4.8,64
那覇,2024-10-11,27.3,0,2.9,58
那覇,2024-10-12,28.3,0,4.1,60
那覇,2024-10-13,28.3,40,5.7,65
那覇,2024-10-14,28.6,0,4.4,62
那覇,2024-10-15,28.2,70,3.5,79
那覇,2024-10-16,28.6,70,2.1,77
那覇,2024-10-17,29.2,70,2.7,74
那覇,2024-10-18,29.1,60,4.7,74
那覇,2024-10-19,29.6,50,2.7,69
那覇,2024-10-20,28.5,90,5.2,74
那覇,2024-10-21,28.9,50,4.5,73
那覇,2024-10-22,28.9,40,4.7,75
那覇,2024-10-23,28.5,60,6.6,72
那覇,2024-10-24,26.0,100,5.0,92
那覇,2024-10-25,27.6,40,7.1,80
那覇,2024-10-26,28.4,20,5.2,74
那覇,2024-10-27,28.4,0,3.7,73
那覇,2024-10-28,28.5,10,5.4,70
那覇,2024-10-29,26.3,100,5.2,87
那覇,2024-10-30,28.0,80,6.3,85
那覇,2024-10-31,27.9,60,8.1,84
那覇,2024-11-01,28.7,40,9.0,84
那覇,2024-11-02,26.6,10,6.0,77
那覇,2024-11-03,26.4,10,5.0,71
那覇,2024-11-04,27.0,70,4.2,76
那覇,2024-11-05,26.1,50,5.4,70
那覇,2024-11-06,23.2,0,7.4,58
那覇,2024-11-07,23.4,40,4.9,68
那覇,2024-11-08,24.5,100,5.3,91
那覇,2024-11-09,25.9,60,2.6,85
那覇,2024-11-10,26.6,50,3.3,85
那覇,2024-11-11,27.2,20,3.2,81
那覇,2024-11-12,26.1,80,4.4,83
那覇,2024-11-13,25.3,70,4.3,87
那覇,2024-11-14,27.5,50,4.3,78
那覇,2024-11-15,26.8,80,3.6,85
那覇,2024-11-16,26.7,70,3.8,84
那覇,2024-11-17,25.7,50,3.0,87
那覇,2024-11-18,23.4,0,7.4,66
那覇,2024-11-19,23.1,0,4.7,69
那覇,2024-11-20,24.3,10,4.0,71
那覇,2024-11-21,23.2,30,5.6,76
那覇,2024-11-22,22.0,20,6.5,76
那覇,2024-11-23,21.9,0,6.1,63
那覇,2024-11-24,22.6,0,4.4,56
那覇,2024-11-25,23.2,60,5.9,69
那覇,2024-11-26,23.1,80,7.2,77
那覇,2024-11-27,20.2,0,6.1,57
那覇,2024-11-28,19.0,0,5.7,56
那覇,2024-11-29,18.5,0,7.7,54
那覇,2024-11-30,19.5,0,3.5,56
那覇,2024-12-01,21.6,0,1.7,55
那覇,2024-12-02,22.2,0,3.7,60
那覇,2024-12-03,22.6,20,4.7,65
那覇,2024-12-04,21.4,0,5.7,61
那覇,2024-12-05,20.9,0,4.1,59
那覇,2024-12-06,21.8,30,3.9,66
那覇,2024-12-07,20.1,100,6.1,87
那覇,2024-12-08,18.6,0,8.3,67
那覇,2024-12-09,19.1,0,3.9,57
那覇,2024-12-10,20.3,0,3.3,63
那覇,2024-12-11,22.5,0,1.5,62
那覇,2024-12-12,20.2,20,5.8,72
那覇,2024-12-13,20.7,20,3.5,76
那覇,2024-12-14,17.6,0,7.0,64
那覇,2024-12-15,16.8,10,6.3,64
那覇,2024-12-16,17.7,0,4.4,56
那覇,2024-12-17,19.5,0,2.8,56
那覇,2024-12-18,17.8,30,5.9,68
那覇,2024-12-19,16.0,0,7.0,56
那覇,2024-12-20,19.6,0,2.3,58
那覇,2024-12-21,19.4,40,5.0,68
那覇,2024-12-22,16.3,0,7.4,60
那覇,2024-12-23,17.9,0,4.2,56
那覇,2024-12-24,18.2,0,5.2,61
那覇,2024-12-25,20.2,0,5.1,56
那覇,2024-12-26,19.7,80,5.3,81
那覇,2024-12-27,18.8,0,4.7,58
那覇,2024-12-28,16.3,30,7.8,61
那覇,2024-12-29,16.3,0,4.8,50
那覇,2024-12-30,20.4,0,2.3,55
那覇,2024-12-31,18.3,0,6.7,62
高知,2019-01-01,8.6,0,1.4,59
高知,2019-01-02,7.7,0,1.8,50
高知,2019-01-03,9.1,0,1.5,52
高知,2019-01-04,9.4,0,1.1,66
高知,2019-01-05,11.6,0,1.2,71
高知,2019-01-06,8.2,0,3.1,62
高知,2019-01-07,9.5,0,2.2,63
高知,2019-01-08,11.0,0,2.0,52
高知,2019-01-09,6.5,0,2.8,51
高知,2019-01-10,8.7,0,1.4,66
高知,2019-01-11,11.2,0,1.1,51
高知,2019-01-12,9.1,90,1.1,95
高知,2019-01-13,10.9,0,1.9,57
高知,2019-01-14,10.4,0,1.9,54
高知,2019-01-15,10.6,30,1.5,82
高知,2019-01-16,8.4,0,2.3,56
高知,2019-01-17,8.5,0,1.9,47
高知,2019-01-18,10.8,0,1.4,54
高知,2019-01-19,9.8,0,1.5,55
高知,2019-01-20,11.8,30,2.9,68
高知,2019-01-21,9.4,0,1.7,48
高知,2019-01-22,10.5,0,1.2,52
高知,2019-01-23,10.6,0,2.2,54
高知,2019-01-24,9.1,0,2.6,56
高知,2019-01-25,9.1,10,1.6,60
高知,2019-01-26,5.0,30,4.9,48
高知,2019-01-27,8.1,0,2.3,48
高知,2019-01-28,8.8,50,1.8,69
高知,2019-01-29,8.2,0,2.3,52
高知,2019-01-30,10.2,0,1.4,65
高知,2019-01-31,8.5,90,2.5,91
高知,2019-02-01,8.5,0,2.8,54
高知,2019-02-02,8.4,0,1.4,50
高知,2019-02-03,10.9,60,1.0,82
高知,2019-02-04,13.6,0,2.2,59
高知,2019-02-05,11.3,0,1.2,57
高知,2019-02-06,11.4,20,1.4,83
高知,2019-02-07,14.6,0,1.4,78
高知,2019-02-08,8.6,0,2.1,58
高知,2019-02-09,9.7,40,2.0,66
高知,2019-02-10,8.3,0,2.0,51
高知,2019-02-11,8.7,40,1.3,81
高知,2019-02-12,9.1,0,1.4,50
高知,2019-02-13,10.1,0,2.0,57
高知,2019-02-14,7.5,0,3.8,55
高知,2019-02-15,7.4,90,0.8,90
高知,2019-02-16,10.6,0,2.5,60
高知,2019-02-17,9.8,0,2.2,48
高知,2019-02-18,11.1,0,1.5,59
高知,2019-02-19,13.6,90,2.1,98
高知,2019-02-20,15.4,0,2.6,58
高知,2019-02-21,11.3,0,3.1,50
高知,2019-02-22,11.4,0,0.9,68
高知,2019-02-23,10.9,0,3.4,52
高知,2019-02-24,11.2,0,1.2,52
高知,2019-02-25,14.4,20,1.6,64
高知,2019-02-26,13.8,0,2.1,45
高知,2019-02-27,11.4,0,1.2,53
高知,2019-02-28,12.7,30,3.6,74
高知,2019-03-01,13.8,0,1.1,42
高知,2019-03-02,12.3,10,1.5,55
高知,2019-03-03,11.1,50,2.0,83
高知,2019-03-04,14.3,0,3.6,64
高知,2019-03-05,13.2,0,1.9,55
高知,2019-03-06,12.0,80,2.5,89
高知,2019-03-07,11.5,50,4.2,61
高知,2019-03-08,11.3,0,1.9,42
高知,2019-03-09,12.8,0,2.1,58
高知,2019-03-10,13.3,100,3.9,97
高知,2019-03-11,15.8,0,2.5,53
高知,2019-03-12,14.3,0,3.3,48
高知,2019-03-13,9.8,0,3.8,37
高知,2019-03-14,11.8,0,1.8,42
高知,2019-03-15,12.4,30,1.9,51
高知,2019-03-16,12.4,0,3.8,44
高知,2019-03-17,12.7,10,3.3,49
高知,2019-03-18,11.9,0,1.9,60
高知,2019-03-19,10.4,80,3.6,91
高知,2019-03-20,16.1,0,1.6,54
高知,2019-03-21,18.7,60,1.5,96
高知,2019-03-22,14.4,0,2.5,60
高知,2019-03-23,11.9,0,2.6,48
高知,2019-03-24,11.2,0,2.6,56
高知,2019-03-25,12.7,0,0.9,57
高知,2019-03-26,16.2,0,2.8,50
高知,2019-03-27,16.6,0,2.8,52
高知,2019-03-28,16.9,20,1.5,72
高知,2019-03-29,15.8,0,1.9,67
高知,2019-03-30,14.9,80,0.8,94
高知,2019-03-31,12.1,0,4.1,41
高知,2019-04-01,10.8,0,4.6,41
高知,2019-04-02,12.5,0,2.4,42
高知,2019-04-03,12.1,0,1.8,41
高知,2019-04-04,13.6,0,2.5,55
高知,2019-04-05,16.8,0,1.9,55
高知,2019-04-06,19.5,0,1.9,56
高知,2019-04-07,18.6,0,2.2,56
高知,2019-04-08,19.8,20,3.2,49
高知,2019-04-09,15.3,0,2.3,44
高知,2019-04-10,15.7,40,2.4,81
高知,2019-04-11,14.5,0,3.0,50
高知,2019-04-12,14.3,30,1.6,64
高知,2019-04-13,14.8,0,2.1,54
高知,2019-04-14,14.2,100,1.3,98
高知,2019-04-15,17.0,0,2.8,48
高知,2019-04-16,17.3,0,2.0,61
高知,2019-04-17,18.2,0,1.6,57
高知,2019-04-18,19.3,0,2.3,64
高知,2019-04-19,21.1,0,1.8,62
高知,2019-04-20,18.9,0,2.1,74
高知,2019-04-21,22.0,0,1.9,72
高知,2019-04-22,21.9,0,1.9,72
高知,2019-04-23,20.6,50,2.3,75
高知,2019-04-24,19.7,100,2.6,98
高知,2019-04-25,22.7,70,1.7,83
高知,2019-04-26,23.1,0,3.9,54
高知,2019-04-27,15.5,0,3.9,41
高知,2019-04-28,15.3,10,1.4,63
高知,2019-04-29,14.6,100,1.9,94
高知,2019-04-30,19.6,70,1.7,91
高知,2019-05-01,18.8,70,0.6,98
高知,2019-05-02,21.1,0,1.9,60
高知,2019-05-03,21.8,10,1.5,62
高知,2019-05-04,22.9,0,1.8,54
高知,2019-05-05,21.5,0,2.1,57
高知,2019-05-06,19.6,60,1.4,80
高知,2019-05-07,18.1,0,3.2,36
高知,2019-05-08,18.7,0,2.1,52
高知,2019-05-09,18.6,40,1.3,75
高知,2019-05-10,21.5,0,1.6,60
高知,2019-05-11,22.7,0,1.9,60
高知,2019-05-12,22.8,0,1.7,56
高知,2019-05-13,22.2,0,1.9,64
高知,2019-05-14,19.2,100,1.3,80
高知,2019-05-15,21.6,0,2.2,67
高知,2019-05-16,22.2,0,2.2,64
高知,2019-05-17,22.0,30,4.1,66
高知,2019-05-18,20.1,80,4.7,77
高知,2019-05-19,20.2,60,4.3,83
高知,2019-05-20,19.6,100,6.4,99
高知,2019-05-21,23.5,0,2.8,42
高知,2019-05-22,23.8,0,2.2,55
高知,2019-05-23,23.6,0,1.8,49
高知,2019-05-24,25.9,0,1.7,51
高知,2019-05-25,27.2,0,1.8,53
高知,2019-05-26,25.6,0,1.7,63
高知,2019-05-27,22.8,0,1.9,74
高知,2019-05-28,22.4,100,2.9,98
高知,2019-05-29,24.1,0,1.3,43
高知,2019-05-30,23.7,0,2.2,59
高知,2019-05-31,21.8,70,1.2,78
高知,2019-06-01,22.9,0,1.8,59
高知,2019-06-02,20.5,90,0.9,97
高知,2019-06-03,24.0,0,1.6,70
高知,2019-06-04,23.4,100,2.6,83
高知,2019-06-05,25.0,30,2.1,68
高知,2019-06-06,26.2,0,2.2,69
高知,2019-06-07,25.1,90,4.2,94
高知,2019-06-08,26.1,0,2.8,56
高知,2019-06-09,23.4,30,2.3,72
高知,2019-06-10,23.3,60,1.7,77
高知,2019-06-11,23.2,80,1.7,78
高知,2019-06-12,24.4,0,1.7,55
高知,2019-06-13,24.4,30,2.6,65
高知,2019-06-14,20.8,100,4.8,99
高知,2019-06-15,20.4,100,2.3,97
高知,2019-06-16,25.4,20,2.7,54
高知,2019-06-17,23.0,30,1.6,67
高知,2019-06-18,23.0,60,1.2,82
高知,2019-06-19,25.0,0,1.9,71
高知,2019-06-20,26.1,0,2.1,66
高知,2019-06-21,24.4,60,1.8,80
高知,2019-06-22,25.5,40,1.8,70
高知,2019-06-23,23.9,80,1.2,81
高知,2019-06-24,24.4,40,1.8,69
高知,2019-06-25,25.6,0,2.1,67
高知,2019-06-26,23.4,100,0.8,94
高知,2019-06-27,24.1,100,4.7,99
高知,2019-06-28,26.3,100,2.1,89
高知,2019-06-29,26.9,100,2.1,86
高知,2019-06-30,26.4,90,1.9,99
高知,2019-07-01,23.8,100,1.2,95
高知,2019-07-02,23.3,70,0.8,94
高知,2019-07-03,22.8,100,1.3,98
高知,2019-07-04,26.3,20,1.5,79
高知,2019-07-05,27.7,0,2.0,71
高知,2019-07-06,27.6,80,1.2,76
高知,2019-07-07,26.3,40,2.1,78
高知,2019-07-08,26.1,60,1.9,80
高知,2019-07-09,24.7,100,2.5,86
高知,2019-07-10,22.6,100,4.2,98
高知,2019-07-11,25.8,100,3.2,94
高知,2019-07-12,28.5,0,2.1,65
高知,2019-07-13,23.5,90,2.1,95
高知,2019-07-14,25.4,90,1.1,93
高知,2019-07-15,27.3,60,1.7,79
高知,2019-07-16,26.6,70,1.6,82
高知,2019-07-17,27.2,60,1.8,80
高知,2019-07-18,25.2,100,1.7,96
高知,2019-07-19,25.1,90,1.0,99
高知,2019-07-20,26.6,100,3.8,96
高知,2019-07-21,25.7,100,3.3,99
高知,2019-07-22,26.5,100,1.7,96
高知,2019-07-23,29.4,40,1.6,80
高知,2019-07-24,28.4,0,1.7,76
高知,2019-07-25,29.4,0,1.9,72
高知,2019-07-26,29.4,40,1.9,72
高知,2019-07-27,30.4,50,2.0,73
高知,2019-07-28,28.8,90,1.8,83
高知,2019-07-29,29.9,60,1.8,79
高知,2019-07-30,29.3,80,1.6,84
高知,2019-07-31,30.1,40,1.9,77
高知,2019-08-01,30.6,0,1.3,72
高知,2019-08-02,30.8,0,1.9,70
高知,2019-08-03,29.8,50,2.0,75
高知,2019-08-04,30.0,0,2.0,72
高知,2019-08-05,31.4,50,2.6,66
高知,2019-08-06,25.6,100,5.4,99
高知,2019-08-07,27.6,100,2.0,92
高知,2019-08-08,29.3,20,2.0,78
高知,2019-08-09,28.9,0,1.7,74
高知,2019-08-10,29.2,0,1.7,69
高知,2019-08-11,29.4,50,2.3,76
高知,2019-08-12,30.7,60,2.8,73
高知,2019-08-13,32.0,30,3.2,64
高知,2019-08-14,27.9,100,5.4,91
高知,2019-08-15,26.5,100,6.2,99
高知,2019-08-16,29.6,50,3.4,80
高知,2019-08-17,29.8,0,1.8,69
高知,2019-08-18,29.6,0,1.5,70
高知,2019-08-19,26.2,90,2.0,94
高知,2019-08-20,28.3,100,1.1,88
高知,2019-08-21,29.4,10,1.7,80
高知,2019-08-22,28.9,70,2.4,80
高知,2019-08-23,27.5,70,1.3,89
高知,2019-08-24,25.6,60,1.8,88
高知,2019-08-25,25.8,0,1.4,74
高知,2019-08-26,26.6,10,1.9,73
高知,2019-08-27,24.9,100,1.4,94
高知,2019-08-28,26.1,70,1.6,98
高知,2019-08-29,28.4,90,2.2,86
高知,2019-08-30,27.1,90,0.8,90
高知,2019-08-31,25.6,80,1.0,87
高知,2019-09-01,27.4,0,1.5,76
高知,2019-09-02,28.6,10,1.4,75
高知,2019-09-03,28.8,20,1.5,73
高知,2019-09-04,27.0,80,2.0,86
高知,2019-09-05,25.5,100,1.7,97
高知,2019-09-06,27.6,100,4.1,85
高知,2019-09-07,27.3,100,4.7,88
高知,2019-09-08,28.4,60,1.4,86
高知,2019-09-09,29.3,60,1.8,77
高知,2019-09-10,29.8,20,1.3,79
高知,2019-09-11,29.8,40,1.2,80
高知,2019-09-12,28.9,60,2.0,75
高知,2019-09-13,26.0,70,1.4,82
高知,2019-09-14,27.3,60,1.1,75
高知,2019-09-15,28.5,0,2.1,71
高知,2019-09-16,29.6,0,4.1,54
高知,2019-09-17,30.1,0,2.5,56
高知,2019-09-18,28.6,30,1.8,68
高知,2019-09-19,27.3,0,3.2,50
高知,2019-09-20,21.9,70,1.5,80
高知,2019-09-21,24.4,50,2.1,81
高知,2019-09-22,25.3,100,7.2,96
高知,2019-09-23,28.2,0,2.7,60
高知,2019-09-24,24.5,80,0.9,83
高知,2019-09-25,25.4,0,1.5,63
高知,2019-09-26,26.5,0,1.3,60
高知,2019-09-27,23.2,100,1.4,98
高知,2019-09-28,25.3,70,2.0,84
高知,2019-09-29,26.5,40,1.3,80
高知,2019-09-30,27.5,50,1.0,80
高知,2019-10-01,27.0,10,0.9,82
高知,2019-10-02,25.6,100,3.4,83
高知,2019-10-03,24.7,100,4.7,97
高知,2019-10-04,27.3,0,2.4,58
高知,2019-10-05,25.4,0,1.7,59
高知,2019-10-06,25.3,0,2.7,59
高知,2019-10-07,24.1,20,1.2,70
高知,2019-10-08,24.7,0,3.1,63
高知,2019-10-09,22.6,0,2.6,49
高知,2019-10-10,25.1,10,1.3,71
高知,2019-10-11,27.7,0,4.8,64
高知,2019-10-12,24.3,0,3.7,65
高知,2019-10-13,22.0,0,6.2,52
高知,2019-10-14,24.3,0,1.9,66
高知,2019-10-15,21.5,0,5.0,53
高知,2019-10-16,21.1,0,1.9,52
高知,2019-10-17,23.6,0,1.1,68
高知,2019-10-18,22.4,90,2.3,92
高知,2019-10-19,24.2,90,1.1,96
高知,2019-10-20,23.3,0,2.9,59
高知,2019-10-21,20.2,60,2.8,84
高知,2019-10-22,23.7,0,2.6,59
高知,2019-10-23,22.5,0,0.9,67
高知,2019-10-24,19.2,100,2.7,98
高知,2019-10-25,23.3,0,2.2,66
高知,2019-10-26,22.0,0,1.2,68
高知,2019-10-27,21.5,10,1.7,64
高知,2019-10-28,20.7,30,1.2,66
高知,2019-10-29,17.8,40,1.2,90
高知,2019-10-30,20.2,0,1.4,64
高知,2019-10-31,19.6,0,0.9,62
高知,2019-11-01,20.6,0,1.2,61
高知,2019-11-02,19.6,0,1.3,70
高知,2019-11-03,20.2,10,1.4,76
高知,2019-11-04,17.9,0,3.0,58
高知,2019-11-05,17.8,0,1.3,52
高知,2019-11-06,18.4,0,1.4,53
高知,2019-11-07,17.8,10,1.0,71
高知,2019-11-08,18.9,0,2.2,51
高知,2019-11-09,18.5,0,1.7,50
高知,2019-11-10,17.5,0,1.4,62
高知,2019-11-11,18.5,0,2.6,61
高知,2019-11-12,18.8,0,1.0,60
高知,2019-11-13,18.5,30,1.7,74
高知,2019-11-14,14.6,0,3.2,50
高知,2019-11-15,14.9,0,1.2,44
高知,2019-11-16,16.9,0,1.6,51
高知,2019-11-17,18.9,10,1.8,58
高知,2019-11-18,19.3,100,1.3,93
高知,2019-11-19,13.2,0,3.1,54
高知,2019-11-20,12.6,0,2.5,47
高知,2019-11-21,14.2,0,1.5,56
高知,2019-11-22,15.3,80,1.7,87
高知,2019-11-23,18.6,0,1.5,78
高知,2019-11-24,17.8,20,1.0,80
高知,2019-11-25,19.9,30,2.0,74
高知,2019-11-26,16.8,0,1.5,62
高知,2019-11-27,17.6,20,1.5,73
高知,2019-11-28,8.8,50,4.4,81
高知,2019-11-29,12.0,0,1.0,49
高知,2019-11-30,12.1,0,1.1,56
高知,2019-12-01,14.7,50,1.4,76
高知,2019-12-02,16.1,40,3.1,68
高知,2019-12-03,10.4,0,2.3,52
高知,2019-12-04,11.0,0,2.2,54
高知,2019-12-05,10.8,0,2.1,50
高知,2019-12-06,9.0,0,2.8,53
高知,2019-12-07,10.4,0,1.4,60
高知,2019-12-08,11.6,0,2.0,50
高知,2019-12-09,12.9,0,0.9,67
高知,2019-12-10,13.0,0,1.1,62
高知,2019-12-11,13.9,0,1.0,65
高知,2019-12-12,11.5,0,2.6,56
高知,2019-12-13,11.2,0,1.2,58
高知,2019-12-14,13.7,0,2.4,59
高知,2019-12-15,12.3,0,1.6,56
高知,2019-12-16,13.1,0,1.1,73
高知,2019-12-17,15.2,30,1.1,86
高知,2019-12-18,17.0,10,2.6,70
高知,2019-12-19,13.8,50,1.3,76
高知,2019-12-20,11.3,0,1.6,54
高知,2019-12-21,12.2,0,1.4,55
高知,2019-12-22,7.9,80,4.4,80
高知,2019-12-23,11.9,0,1.9,66
高知,2019-12-24,12.5,0,0.9,63
高知,2019-12-25,14.0,10,1.4,73
高知,2019-12-26,13.6,90,1.1,90
高知,2019-12-27,10.2,10,2.7,56
高知,2019-12-28,10.2,0,1.4,59
高知,2019-12-29,11.2,0,1.2,75
高知,2019-12-30,14.8,60,1.3,94
高知,2019-12-31,8.9,0,2.3,61
高知,2020-01-01,9.5,0,1.2,52
高知,2020-01-02,10.4,0,1.9,61
高知,2020-01-03,11.8,0,2.3,58
高知,2020-01-04,11.2,0,1.8,54
高知,2020-01-05,9.6,0,2.5,52
高知,2020-01-06,9.9,0,0.7,60
高知,2020-01-07,12.4,30,1.5,90
高知,2020-01-08,13.6,0,3.5,63
高知,2020-01-09,13.0,0,2.5,55
高知,2020-01-10,10.6,0,2.0,48
高知,2020-01-11,11.2,0,1.3,63
高知,2020-01-12,10.7,20,1.5,75
高知,2020-01-13,10.2,0,2.2,51
高知,2020-01-14,7.9,50,1.4,74
高知,2020-01-15,8.6,0,2.2,56
高知,2020-01-16,8.5,0,1.3,60
高知,2020-01-17,7.7,30,1.0,87
高知,2020-01-18,10.1,0,2.5,52
高知,2020-01-19,10.3,0,1.3,61
高知,2020-01-20,10.7,0,2.9,50
高知,2020-01-21,9.9,0,2.2,51
高知,2020-01-22,11.4,30,1.5,76
高知,2020-01-23,16.3,20,1.3,89
高知,2020-01-24,15.3,0,2.4,65
高知,2020-01-25,11.8,0,1.4,59
高知,2020-01-26,12.6,0,1.4,76
高知,2020-01-27,11.5,90,2.7,91
高知,2020-01-28,15.0,90,3.0,85
高知,2020-01-29,12.9,0,3.1,56
高知,2020-01-30,11.2,0,2.8,50
高知,2020-01-31,7.5,0,3.0,50
高知,2020-02-01,9.6,0,2.1,50
高知,2020-02-02,10.0,0,1.3,60
高知,2020-02-03,11.1,0,1.7,57
高知,2020-02-04,9.3,0,1.3,51
高知,2020-02-05,9.7,0,3.1,46
高知,2020-02-06,6.5,0,2.5,50
高知,2020-02-07,7.7,100,1.0,82
高知,2020-02-08,10.1,0,2.4,57
高知,2020-02-09,6.5,0,2.8,45
高知,2020-02-10,10.2,0,2.1,47
高知,2020-02-11,10.3,0,1.6,53
高知,2020-02-12,13.2,70,1.2,85
高知,2020-02-13,18.0,0,2.7,64
高知,2020-02-14,14.4,60,0.8,96
高知,2020-02-15,15.0,30,1.5,85
高知,2020-02-16,15.1,70,2.3,90
高知,2020-02-17,7.6,20,5.1,50
高知,2020-02-18,7.2,0,2.9,47
高知,2020-02-19,9.0,0,1.1,52
高知,2020-02-20,11.9,0,1.6,56
高知,2020-02-21,12.8,0,1.7,55
高知,2020-02-22,13.1,50,2.2,77
高知,2020-02-23,12.3,0,1.5,42
高知,2020-02-24,11.7,0,1.4,47
高知,2020-02-25,15.9,0,1.5,66
高知,2020-02-26,14.1,0,3.6,63
高知,2020-02-27,10.1,0,3.5,43
高知,2020-02-28,8.5,0,1.3,56
高知,2020-02-29,10.0,100,2.4,98
高知,2020-03-01,13.2,40,1.3,82
高知,2020-03-02,16.1,0,2.6,59
高知,2020-03-03,13.8,0,1.5,51
高知,2020-03-04,11.8,80,1.5,98
高知,2020-03-05,8.8,0,3.6,48
高知,2020-03-06,10.2,0,1.5,58
高知,2020-03-07,11.5,60,1.4,80
高知,2020-03-08,14.2,0,3.5,63
高知,2020-03-09,15.9,0,1.5,65
高知,2020-03-10,17.5,80,2.4,84
高知,2020-03-11,14.0,0,3.4,45
高知,2020-03-12,12.5,0,1.7,52
高知,2020-03-13,13.9,0,0.8,67
高知,2020-03-14,12.0,30,2.2,66
高知,2020-03-15,11.3,20,4.1,44
高知,2020-03-16,9.6,0,4.7,47
高知,2020-03-17,11.9,0,1.8,58
高知,2020-03-18,16.4,0,2.1,58
高知,2020-03-19,17.5,20,1.8,67
高知,2020-03-20,15.0,0,2.4,39
高知,2020-03-21,16.9,0,1.8,47
高知,2020-03-22,18.2,0,1.5,60
高知,2020-03-23,16.8,0,2.7,37
高知,2020-03-24,14.7,0,1.0,35
高知,2020-03-25,14.3,0,2.0,65
高知,2020-03-26,16.6,30,1.4,74
高知,2020-03-27,17.4,100,3.9,99
高知,2020-03-28,17.2,80,2.9,81
高知,2020-03-29,14.6,0,3.8,54
高知,2020-03-30,13.5,100,1.2,87
高知,2020-03-31,16.5,70,0.8,84
高知,2020-04-01,14.9,100,3.5,94
高知,2020-04-02,15.0,0,3.2,46
高知,2020-04-03,15.3,40,1.7,65
高知,2020-04-04,18.0,0,2.0,65
高知,2020-04-05,13.1,0,3.8,41
高知,2020-04-06,13.5,0,1.8,48
高知,2020-04-07,15.8,0,1.5,52
高知,2020-04-08,18.9,0,2.7,48
高知,2020-04-09,16.6,0,2.5,58
高知,2020-04-10,15.2,0,2.6,41
高知,2020-04-11,13.4,0,1.8,60
高知,2020-04-12,10.9,100,1.9,98
高知,2020-04-13,7.6,100,5.1,94
高知,2020-04-14,16.2,0,3.2,44
高知,2020-04-15,17.8,0,1.7,46
高知,2020-04-16,18.8,0,2.1,53
高知,2020-04-17,17.8,40,2.4,71
高知,2020-04-18,17.6,10,4.6,53
高知,2020-04-19,16.9,0,2.0,61
高知,2020-04-20,20.8,0,3.8,60
高知,2020-04-21,17.4,0,2.3,53
高知,2020-04-22,13.9,0,3.5,41
高知,2020-04-23,13.7,0,4.9,44
高知,2020-04-24,14.4,0,3.3,44
高知,2020-04-25,16.2,0,3.8,48
高知,2020-04-26,18.8,10,2.6,63
高知,2020-04-27,18.1,0,2.5,43
高知,2020-04-28,17.5,40,2.2,52
高知,2020-04-29,19.3,0,2.1,51
高知,2020-04-30,20.6,0,2.4,60
高知,2020-05-01,21.8,0,2.1,60
高知,2020-05-02,22.5,0,2.3,63
高知,2020-05-03,17.5,90,2.0,91
高知,2020-05-04,22.0,20,1.7,80
高知,2020-05-05,22.9,0,2.4,79
高知,2020-05-06,22.4,60,1.9,79
高知,2020-05-07,21.1,0,4.4,36
高知,2020-05-08,20.2,0,2.9,57
高知,2020-05-09,19.1,70,4.1,78
高知,2020-05-10,22.8,90,2.4,96
高知,2020-05-11,24.4,0,1.7,62
高知,2020-05-12,23.0,0,2.0,61
高知,2020-05-13,22.7,0,2.5,42
高知,2020-05-14,22.4,0,2.0,45
高知,2020-05-15,20.3,30,3.3,71
高知,2020-05-16,20.9,90,1.5,94
高知,2020-05-17,23.5,30,2.2,80
高知,2020-05-18,21.5,90,2.9,93
高知,2020-05-19,23.6,30,3.2,55
高知,2020-05-20,22.2,0,2.0,52
高知,2020-05-21,19.7,0,2.1,64
高知,2020-05-22,22.0,0,2.1,64
高知,2020-05-23,23.2,30,2.4,68
高知,2020-05-24,23.4,10,3.1,69
高知,2020-05-25,23.3,10,1.6,69
高知,2020-05-26,22.6,70,1.0,85
高知,2020-05-27,24.0,0,2.4,63
高知,2020-05-28,23.1,0,1.9,63
高知,2020-05-29,24.1,0,2.3,49
高知,2020-05-30,24.3,20,2.1,56
高知,2020-05-31,19.2,100,3.0,95
高知,2020-06-01,23.1,0,1.6,76
高知,2020-06-02,25.2,0,2.1,70
高知,2020-06-03,23.9,20,1.3,73
高知,2020-06-04,25.1,0,1.7,60
高知,2020-06-05,26.0,0,1.8,64
高知,2020-06-06,24.0,20,1.3,76
高知,2020-06-07,26.0,0,2.2,62
高知,2020-06-08,25.9,0,2.3,62
高知,2020-06-09,24.2,60,3.2,76
高知,2020-06-10,23.0,100,3.9,99
高知,2020-06-11,23.2,100,3.3,99
高知,2020-06-12,27.0,100,1.4,85
高知,2020-06-13,26.1,100,1.3,98
高知,2020-06-14,26.4,80,2.0,93
高知,2020-06-15,27.9,0,2.2,76
高知,2020-06-16,26.5,0,1.7,51
高知,2020-06-17,26.0,0,2.1,66
高知,2020-06-18,20.5,100,1.5,98
高知,2020-06-19,24.5,80,1.8,83
高知,2020-06-20,24.4,0,2.0,67
高知,2020-06-21,24.6,10,1.6,69
高知,2020-06-22,26.2,80,1.9,70
高知,2020-06-23,26.6,0,2.2,65
高知,2020-06-24,25.6,10,2.4,70
高知,2020-06-25,23.8,100,1.7,92
高知,2020-06-26,27.8,70,1.4,91
高知,2020-06-27,25.3,50,2.1,85
高知,2020-06-28,27.7,0,1.5,74
高知,2020-06-29,26.2,0,2.3,76
高知,2020-06-30,24.7,100,6.3,98
高知,2020-07-01,26.2,40,2.0,74
高知,2020-07-02,25.4,0,2.2,68
高知,2020-07-03,21.8,100,1.7,98
高知,2020-07-04,26.0,90,2.3,91
高知,2020-07-05,26.5,80,2.3,79
高知,2020-07-06,24.8,100,4.9,99
高知,2020-07-07,25.7,100,3.0,99
高知,2020-07-08,26.5,70,1.7,86
高知,2020-07-09,24.4,100,2.2,92
高知,2020-07-10,25.0,100,3.9,97
高知,2020-07-11,27.1,100,1.7,95
高知,2020-07-12,25.0,70,0.7,93
高知,2020-07-13,23.3,100,2.1,97
高知,2020-07-14,26.4,70,3.0,90
高知,2020-07-15,25.5,50,1.7,74
高知,2020-07-16,24.4,90,2.0,80
高知,2020-07-17,26.2,30,2.2,76
高知,2020-07-18,26.5,30,2.3,77
高知,2020-07-19,27.4,0,1.9,71
高知,2020-07-20,29.2,20,1.8,79
高知,2020-07-21,30.0,10,1.4,73
高知,2020-07-22,29.2,20,1.7,76
高知,2020-07-23,29.3,60,0.8,81
高知,2020-07-24,25.5,100,4.3,99
高知,2020-07-25,26.2,90,4.6,84
高知,2020-07-26,25.3,100,2.7,91
高知,2020-07-27,25.7,100,2.3,96
高知,2020-07-28,27.6,100,1.6,94
高知,2020-07-29,29.4,40,0.9,79
高知,2020-07-30,29.6,30,1.3,77
高知,2020-07-31,30.1,10,1.8,71
高知,2020-08-01,29.4,0,1.7,74
高知,2020-08-02,29.6,0,1.8,73
高知,2020-08-03,29.2,0,1.9,76
高知,2020-08-04,29.1,0,1.8,70
高知,2020-08-05,29.8,0,1.9,72
高知,2020-08-06,29.6,80,2.5,74
高知,2020-08-07,29.5,60,1.2,80
高知,2020-08-08,29.0,100,2.0,84
高知,2020-08-09,28.6,100,2.6,86
高知,2020-08-10,28.3,100,4.6,91
高知,2020-08-11,28.8,80,1.7,89
高知,2020-08-12,31.3,0,1.3,72
高知,2020-08-13,31.9,0,2.2,69
高知,2020-08-14,31.3,0,2.0,68
高知,2020-08-15,32.1,0,2.1,67
高知,2020-08-16,32.7,0,2.2,60
高知,2020-08-17,32.7,0,1.8,57
高知,2020-08-18,32.2,0,2.1,65
高知,2020-08-19,31.7,0,2.1,67
高知,2020-08-20,31.7,0,1.7,66
高知,2020-08-21,31.8,0,1.9,66
高知,2020-08-22,29.6,60,1.5,77
高知,2020-08-23,29.3,30,1.6,79
高知,2020-08-24,30.2,30,1.8,72
高知,2020-08-25,29.6,100,2.1,78
高知,2020-08-26,28.3,100,3.1,84
高知,2020-08-27,29.4,100,2.1,81
高知,2020-08-28,30.6,0,1.8,71
高知,2020-08-29,30.4,50,2.0,73
高知,2020-08-30,30.1,50,1.3,77
高知,2020-08-31,30.9,10,1.4,72
高知,2020-09-01,30.4,60,2.7,72
高知,2020-09-02,27.2,100,5.3,94
高知,2020-09-03,29.7,60,5.2,75
高知,2020-09-04,27.5,100,1.4,89
高知,2020-09-05,28.6,70,1.9,81
高知,2020-09-06,27.3,90,6.4,86
高知,2020-09-07,27.4,100,8.4,80
高知,2020-09-08,28.0,0,2.1,67
高知,2020-09-09,25.0,70,2.2,85
高知,2020-09-10,26.4,80,1.9,78
高知,2020-09-11,24.7,100,1.4,98
高知,2020-09-12,25.8,100,1.8,96
高知,2020-09-13,27.1,90,1.4,81
高知,2020-09-14,25.9,0,1.3,68
高知,2020-09-15,25.3,50,1.6,77
高知,2020-09-16,23.7,90,1.7,95
高知,2020-09-17,25.4,100,1.5,96
高知,2020-09-18,27.9,90,1.7,87
高知,2020-09-19,26.2,0,1.5,59
高知,2020-09-20,22.9,0,1.0,73
高知,2020-09-21,25.1,0,2.4,54
高知,2020-09-22,26.4,0,1.4,60
高知,2020-09-23,27.3,0,2.3,62
高知,2020-09-24,24.8,70,1.0,81
高知,2020-09-25,23.7,50,3.6,80
高知,2020-09-26,25.4,0,1.6,63
高知,2020-09-27,24.5,0,4.6,58
高知,2020-09-28,24.2,0,2.7,56
高知,2020-09-29,22.6,70,1.0,82
高知,2020-09-30,21.4,80,1.0,91
高知,2020-10-01,25.0,0,1.7,60
高知,2020-10-02,24.2,0,1.4,66
高知,2020-10-03,25.0,0,1.3,67
高知,2020-10-04,23.8,50,1.2,83
高知,2020-10-05,23.7,0,2.5,65
高知,2020-10-06,21.6,0,3.5,50
高知,2020-10-07,23.2,30,3.2,60
高知,2020-10-08,15.6,100,3.8,90
高知,2020-10-09,18.7,100,2.5,98
高知,2020-10-10,25.0,10,4.0,66
高知,2020-10-11,25.3,0,1.9,65
高知,2020-10-12,23.9,30,1.7,80
高知,2020-10-13,24.4,0,2.5,58
高知,2020-10-14,23.3,0,3.5,52
高知,2020-10-15,21.9,0,3.8,53
高知,2020-10-16,20.7,0,1.8,59
高知,2020-10-17,15.0,100,2.0,93
高知,2020-10-18,18.9,0,1.6,63
高知,2020-10-19,17.4,30,1.0,87
高知,2020-10-20,21.3,0,1.6,59
高知,2020-10-21,21.6,0,3.2,63
高知,2020-10-22,20.3,100,2.9,94
高知,2020-10-23,19.2,10,2.4,64
高知,2020-10-24,17.2,0,3.1,50
高知,2020-10-25,16.8,0,1.8,62
高知,2020-10-26,19.3,0,1.3,64
高知,2020-10-27,19.9,10,1.6,74
高知,2020-10-28,20.4,0,1.0,71
高知,2020-10-29,20.3,0,1.6,62
高知,2020-10-30,17.6,0,3.8,51
高知,2020-10-31,16.8,0,1.4,53
高知,2020-11-01,20.2,70,1.9,71
高知,2020-11-02,18.4,100,0.6,99
高知,2020-11-03,17.2,0,2.7,51
高知,2020-11-04,14.7,0,0.9,49
高知,2020-11-05,16.4,0,1.2,60
高知,2020-11-06,18.9,0,1.0,75
高知,2020-11-07,20.5,50,1.3,94
高知,2020-11-08,18.5,0,1.1,72
高知,2020-11-09,15.9,0,2.0,54
高知,2020-11-10,14.5,0,1.9,55
高知,2020-11-11,15.0,0,3.2,52
高知,2020-11-12,16.0,0,0.7,62
高知,2020-11-13,17.5,80,1.6,89
高知,2020-11-14,18.5,0,2.9,53
高知,2020-11-15,19.8,0,1.2,67
高知,2020-11-16,19.5,50,1.1,80
高知,2020-11-17,20.4,0,1.3,72
高知,2020-11-18,20.8,0,1.2,64
高知,2020-11-19,21.7,90,2.9,83
高知,2020-11-20,21.4,30,2.4,73
高知,2020-11-21,16.4,0,2.9,55
高知,2020-11-22,18.4,20,1.2,68
高知,2020-11-23,15.9,0,2.0,61
高知,2020-11-24,16.4,10,1.1,65
高知,2020-11-25,15.8,10,1.2,85
高知,2020-11-26,17.3,0,1.9,64
高知,2020-11-27,17.2,0,1.6,68
高知,2020-11-28,13.4,0,2.3,54
高知,2020-11-29,12.7,0,1.3,56
高知,2020-11-30,12.4,0,2.3,56
高知,2020-12-01,13.1,0,3.5,49
高知,2020-12-02,14.3,0,1.3,63
高知,2020-12-03,13.4,0,2.4,56
高知,2020-12-04,12.5,0,1.7,52
高知,2020-12-05,13.7,0,1.1,58
高知,2020-12-06,14.7,0,1.3,70
高知,2020-12-07,15.6,20,1.3,69
高知,2020-12-08,13.3,0,1.7,58
高知,2020-12-09,13.4,0,1.7,60
高知,2020-12-10,15.9,0,1.9,73
高知,2020-12-11,15.6,10,1.5,61
高知,2020-12-12,14.0,0,2.3,50
高知,2020-12-13,12.4,0,1.3,48
高知,2020-12-14,9.0,0,3.1,47
高知,2020-12-15,5.8,0,2.3,40
高知,2020-12-16,5.9,0,3.9,39
高知,2020-12-17,6.7,0,2.3,43
高知,2020-12-18,8.5,0,2.4,50
高知,2020-12-19,9.0,0,2.9,48
高知,2020-12-20,8.3,0,2.3,45
高知,2020-12-21,8.6,0,1.2,43
高知,2020-12-22,9.8,0,1.9,50
高知,2020-12-23,10.1,0,1.0,52
高知,2020-12-24,9.8,90,1.1,90
高知,2020-12-25,8.7,0,1.7,50
高知,2020-12-26,9.6,0,1.0,49
高知,2020-12-27,11.3,20,1.1,60
高知,2020-12-28,13.8,0,2.4,58
高知,2020-12-29,14.0,10,2.1,67
高知,2020-12-30,7.3,0,4.6,53
高知,2020-12-31,4.5,0,3.9,43
高知,2021-01-01,6.0,0,1.8,48
高知,2021-01-02,7.8,0,2.4,51
高知,2021-01-03,8.3,0,1.4,46
高知,2021-01-04,9.4,0,1.6,50
高知,2021-01-05,8.6,0,1.0,60
高知,2021-01-06,7.3,0,2.0,48
高知,2021-01-07,2.9,30,3.8,50
高知,2021-01-08,0.4,0,2.6,39
高知,2021-01-09,2.2,0,3.5,37
高知,2021-01-10,4.2,0,2.1,44
高知,2021-01-11,6.0,0,1.1,48
高知,2021-01-12,6.9,20,1.5,65
高知,2021-01-13,8.6,0,1.4,64
高知,2021-01-14,12.2,0,1.7,68
高知,2021-01-15,12.9,10,1.8,74
高知,2021-01-16,14.0,10,2.2,59
高知,2021-01-17,7.1,0,2.9,44
高知,2021-01-18,6.9,0,2.1,44
高知,2021-01-19,6.6,0,2.5,49
高知,2021-01-20,9.6,0,1.5,58
高知,2021-01-21,13.4,20,1.6,70
高知,2021-01-22,15.8,10,1.4,84
高知,2021-01-23,11.7,100,3.5,98
高知,2021-01-24,10.2,50,5.3,78
高知,2021-01-25,12.9,0,2.2,58
高知,2021-01-26,13.8,100,3.5,91
高知,2021-01-27,13.4,0,4.4,55
高知,2021-01-28,12.2,0,1.7,57
高知,2021-01-29,3.9,0,3.0,45
高知,2021-01-30,7.7,0,2.5,44
高知,2021-01-31,10.6,0,1.6,58
高知,2021-02-01,13.5,30,2.8,70
高知,2021-02-02,11.3,0,2.6,48
高知,2021-02-03,7.9,0,1.2,47
高知,2021-02-04,8.6,0,2.8,58
高知,2021-02-05,9.8,0,1.3,53
高知,2021-02-06,11.8,0,1.2,68
高知,2021-02-07,14.3,0,2.8,54
高知,2021-02-08,11.3,0,4.6,39
高知,2021-02-09,8.4,0,1.9,59
高知,2021-02-10,10.2,0,1.5,51
高知,2021-02-11,11.5,0,2.0,57
高知,2021-02-12,13.8,0,1.4,53
高知,2021-02-13,15.1,70,2.5,75
高知,2021-02-14,16.3,20,2.4,68
高知,2021-02-15,16.7,10,5.0,60
高知,2021-02-16,10.3,0,2.7,38
高知,2021-02-17,3.3,10,5.6,44
高知,2021-02-18,3.2,0,3.1,44
高知,2021-02-19,6.7,0,1.6,60
高知,2021-02-20,13.9,0,1.9,54
高知,2021-02-21,17.5,0,2.6,64
高知,2021-02-22,17.2,0,1.9,63
高知,2021-02-23,14.3,0,2.9,47
高知,2021-02-24,12.2,0,2.2,51
高知,2021-02-25,12.0,0,1.7,55
高知,2021-02-26,6.7,100,5.3,95
高知,2021-02-27,10.3,0,3.6,45
高知,2021-02-28,12.9,20,3.4,70
高知,2021-03-01,15.8,50,3.6,74
高知,2021-03-02,11.2,40,3.9,67
高知,2021-03-03,10.8,0,3.0,47
高知,2021-03-04,13.5,60,2.6,69
高知,2021-03-05,14.4,90,2.8,94
高知,2021-03-06,15.9,0,5.3,61
高知,2021-03-07,12.8,20,1.4,63
高知,2021-03-08,14.5,10,1.5,52
高知,2021-03-09,13.4,0,1.0,75
高知,2021-03-10,15.9,0,2.9,46
高知,2021-03-11,14.8,0,1.6,56
高知,2021-03-12,14.9,90,2.8,84
高知,2021-03-13,14.5,0,3.0,58
高知,2021-03-14,15.1,0,1.6,48
高知,2021-03-15,15.4,0,1.9,55
高知,2021-03-16,17.4,10,1.1,78
高知,2021-03-17,19.0,20,1.7,60
高知,2021-03-18,17.0,0,1.9,65
高知,2021-03-19,17.3,0,2.0,64
高知,2021-03-20,16.1,100,3.6,93
高知,2021-03-21,19.0,50,1.9,79
高知,2021-03-22,12.5,0,4.1,43
高知,2021-03-23,12.8,0,1.9,56
高知,2021-03-24,16.0,0,2.5,61
高知,2021-03-25,15.2,40,1.2,83
高知,2021-03-26,19.9,0,2.4,38
高知,2021-03-27,17.2,0,2.3,63
高知,2021-03-28,16.4,100,3.8,98
高知,2021-03-29,20.6,0,2.2,58
高知,2021-03-30,19.1,30,1.1,74
高知,2021-03-31,19.2,0,1.7,67
高知,2021-04-01,19.7,0,2.1,60
高知,2021-04-02,18.8,70,5.1,69
高知,2021-04-03,18.4,20,3.8,67
高知,2021-04-04,18.7,100,1.8,99
高知,2021-04-05,15.1,0,5.7,51
高知,2021-04-06,13.7,100,2.0,86
高知,2021-04-07,18.6,0,1.2,50
高知,2021-04-08,17.5,0,1.6,57
高知,2021-04-09,17.0,0,2.7,38
高知,2021-04-10,15.0,0,2.8,39
高知,2021-04-11,16.8,0,2.4,49
高知,2021-04-12,14.8,100,3.3,92
高知,2021-04-13,16.9,100,3.7,98
高知,2021-04-14,17.4,0,2.2,53
高知,2021-04-15,15.5,0,2.6,45
高知,2021-04-16,18.4,90,4.0,75
高知,2021-04-17,15.9,80,1.2,97
高知,2021-04-18,14.6,0,4.8,41
高知,2021-04-19,16.3,0,2.8,56
高知,2021-04-20,19.5,0,1.3,51
高知,2021-04-21,20.8,0,2.2,62
高知,2021-04-22,21.2,0,1.6,59
高知,2021-04-23,19.9,10,3.8,61
高知,2021-04-24,18.8,10,2.3,65
高知,2021-04-25,21.7,0,3.0,40
高知,2021-04-26,18.1,0,2.9,40
高知,2021-04-27,17.8,0,2.5,62
高知,2021-04-28,16.6,100,1.5,99
高知,2021-04-29,16.1,90,1.8,97
高知,2021-04-30,19.6,30,2.1,62
高知,2021-05-01,18.8,90,2.2,81
高知,2021-05-02,15.2,60,4.5,55
高知,2021-05-03,17.6,0,2.9,57
高知,2021-05-04,19.4,0,2.4,67
高知,2021-05-05,18.8,90,3.4,96
高知,2021-05-06,20.9,0,1.9,60
高知,2021-05-07,16.4,90,0.9,91
高知,2021-05-08,19.1,0,1.1,84
高知,2021-05-09,23.8,10,2.8,44
高知,2021-05-10,20.6,0,1.7,61
高知,2021-05-11,21.5,0,1.8,73
高知,2021-05-12,17.5,100,2.2,96
高知,2021-05-13,21.4,0,1.4,84
高知,2021-05-14,23.2,0,1.7,74
高知,2021-05-15,20.7,80,2.5,91
高知,2021-05-16,22.5,90,2.9,94
高知,2021-05-17,23.8,100,1.8,98
高知,2021-05-18,22.1,80,2.2,92
高知,2021-05-19,22.4,70,1.5,91
高知,2021-05-20,21.3,100,2.3,99
高知,2021-05-21,22.2,60,2.4,92
高知,2021-05-22,20.3,70,1.8,75
高知,2021-05-23,23.7,0,2.0,60
高知,2021-05-24,18.2,100,1.4,96
高知,2021-05-25,23.6,0,2.5,67
高知,2021-05-26,21.0,0,1.2,64
高知,2021-05-27,19.5,40,1.7,88
高知,2021-05-28,21.5,0,2.0,71
高知,2021-05-29,25.2,0,2.6,52
高知,2021-05-30,23.1,0,2.2,62
高知,2021-05-31,23.7,0,1.9,62
高知,2021-06-01,24.2,0,2.2,62
高知,2021-06-02,23.6,0,2.3,67
高知,2021-06-03,21.5,70,4.8,84
高知,2021-06-04,23.2,90,1.1,99
高知,2021-06-05,21.6,10,1.3,80
高知,2021-06-06,21.7,0,1.4,73
高知,2021-06-07,24.7,0,1.6,64
高知,2021-06-08,25.4,0,1.9,69
高知,2021-06-09,26.4,0,2.3,63
高知,2021-06-10,24.8,0,3.2,70
高知,2021-06-11,23.0,100,4.1,81
高知,2021-06-12,24.0,80,2.8,83
高知,2021-06-13,23.8,90,2.7,87
高知,2021-06-14,24.3,50,2.1,80
高知,2021-06-15,24.5,60,1.8,80
高知,2021-06-16,21.7,90,1.6,92
高知,2021-06-17,24.7,10,2.0,71
高知,2021-06-18,21.6,100,1.9,98
高知,2021-06-19,27.1,20,1.7,77
高知,2021-06-20,26.4,0,1.6,58
高知,2021-06-21,25.9,0,2.1,70
高知,2021-06-22,23.9,50,1.3,85
高知,2021-06-23,24.8,50,1.3,76
高知,2021-06-24,24.2,70,1.9,82
高知,2021-06-25,23.8,80,1.4,87
高知,2021-06-26,22.3,100,1.5,96
高知,2021-06-27,22.7,60,1.3,86
高知,2021-06-28,24.5,50,1.0,79
高知,2021-06-29,25.9,80,1.7,80
高知,2021-06-30,25.6,100,3.4,82
高知,2021-07-01,23.9,100,1.9,99
高知,2021-07-02,27.4,70,2.1,86
高知,2021-07-03,28.2,60,1.3,84
高知,2021-07-04,27.2,80,3.2,92
高知,2021-07-05,28.9,70,1.5,81
高知,2021-07-06,28.3,80,1.8,81
高知,2021-07-07,28.1,30,1.3,84
高知,2021-07-08,27.9,100,1.2,89
高知,2021-07-09,27.2,100,0.9,94
高知,2021-07-10,26.6,100,1.2,92
高知,2021-07-11,28.7,10,1.6,72
高知,2021-07-12,28.7,30,1.3,76
高知,2021-07-13,27.9,70,1.4,79
高知,2021-07-14,27.5,80,1.2,80
高知,2021-07-15,25.5,100,1.4,86
高知,2021-07-16,23.9,100,2.6,98
高知,2021-07-17,26.0,90,3.5,85
高知,2021-07-18,24.8,100,3.3,98
高知,2021-07-19,28.6,40,2.6,75
高知,2021-07-20,28.7,0,1.9,68
高知,2021-07-21,28.7,20,2.4,69
高知,2021-07-22,28.6,0,2.1,70
高知,2021-07-23,28.6,50,2.2,73
高知,2021-07-24,28.5,20,2.2,72
高知,2021-07-25,28.8,10,2.5,65
高知,2021-07-26,29.0,0,1.8,67
高知,2021-07-27,32.1,0,1.1,53
高知,2021-07-28,29.7,0,1.8,70
高知,2021-07-29,29.2,10,2.1,71
高知,2021-07-30,29.9,0,2.1,70
高知,2021-07-31,30.8,0,2.1,59
高知,2021-08-01,30.4,40,2.4,63
高知,2021-08-02,29.4,30,2.6,71
高知,2021-08-03,30.2,10,2.5,64
高知,2021-08-04,29.6,100,2.3,75
高知,2021-08-05,30.0,0,2.7,71
高知,2021-08-06,29.7,90,3.0,72
高知,2021-08-07,30.6,40,1.6,71
高知,2021-08-08,29.2,50,2.2,80
高知,2021-08-09,28.5,50,3.6,72
高知,2021-08-10,29.3,0,1.8,67
高知,2021-08-11,26.0,100,1.7,88
高知,2021-08-12,24.4,100,1.5,99
高知,2021-08-13,25.1,100,5.6,98
高知,2021-08-14,26.4,100,3.5,96
高知,2021-08-15,27.3,80,1.7,87
高知,2021-08-16,24.2,100,1.2,98
高知,2021-08-17,24.6,100,5.3,99
高知,2021-08-18,25.0,100,2.4,99
高知,2021-08-19,24.6,100,2.3,97
高知,2021-08-20,24.2,100,2.5,98
高知,2021-08-21,25.1,100,3.5,97
高知,2021-08-22,26.9,100,1.5,94
高知,2021-08-23,26.8,100,1.1,96
高知,2021-08-24,26.2,100,3.9,95
高知,2021-08-25,29.1,100,1.9,85
高知,2021-08-26,29.2,40,1.3,80
高知,2021-08-27,30.1,0,1.7,71
高知,2021-08-28,29.9,0,1.8,65
高知,2021-08-29,30.1,0,1.5,68
高知,2021-08-30,29.8,0,1.6,67
高知,2021-08-31,28.8,60,2.0,80
高知,2021-09-01,28.4,70,1.7,83
高知,2021-09-02,27.3,60,1.4,82
高知,2021-09-03,25.6,90,1.0,92
高知,2021-09-04,28.3,70,1.0,77
高知,2021-09-05,26.4,50,1.1,77
高知,2021-09-06,26.9,0,1.8,71
高知,2021-09-07,25.4,60,1.9,82
高知,2021-09-08,26.4,100,1.3,93
高知,2021-09-09,27.9,50,2.2,77
高知,2021-09-10,27.5,40,1.7,75
高知,2021-09-11,26.7,60,1.3,80
高知,2021-09-12,24.6,90,1.1,95
高知,2021-09-13,25.6,0,1.2,85
高知,2021-09-14,20.8,100,1.5,98
高知,2021-09-15,26.6,20,0.9,79
高知,2021-09-16,25.1,60,1.0,84
高知,2021-09-17,24.2,100,4.9,99
高知,2021-09-18,29.6,0,2.3,63
高知,2021-09-19,27.2,10,2.7,67
高知,2021-09-20,26.4,30,2.4,71
高知,2021-09-21,26.4,0,1.9,75
高知,2021-09-22,26.4,70,1.4,84
高知,2021-09-23,28.2,0,1.7,60
高知,2021-09-24,26.2,0,1.7,62
高知,2021-09-25,25.9,0,1.4,63
高知,2021-09-26,25.9,30,1.8,72
高知,2021-09-27,24.4,100,1.5,79
高知,2021-09-28,24.2,60,1.5,82
高知,2021-09-29,26.0,20,2.7,72
高知,2021-09-30,27.2,0,1.8,67
高知,2021-10-01,27.7,0,3.0,55
高知,2021-10-02,26.1,0,2.1,54
高知,2021-10-03,26.3,0,1.6,51
高知,2021-10-04,26.4,0,1.9,66
高知,2021-10-05,25.8,0,1.3,62
高知,2021-10-06,26.3,0,1.6,61
高知,2021-10-07,26.7,0,2.0,64
高知,2021-10-08,25.6,30,1.8,70
高知,2021-10-09,26.3,30,2.4,67
高知,2021-10-10,26.7,10,2.4,65
高知,2021-10-11,23.6,100,3.1,98
高知,2021-10-12,26.2,0,1.5,79
高知,2021-10-13,25.7,60,1.0,82
高知,2021-10-14,24.6,70,1.8,84
高知,2021-10-15,24.7,0,1.3,76
高知,2021-10-16,23.3,100,0.9,92
高知,2021-10-17,19.1,0,3.9,60
高知,2021-10-18,19.2,0,1.8,51
高知,2021-10-19,20.7,10,1.9,62
高知,2021-10-20,16.6,0,2.7,53
高知,2021-10-21,15.8,30,1.6,58
高知,2021-10-22,17.2,30,1.5,71
高知,2021-10-23,17.2,0,3.4,51
高知,2021-10-24,17.8,0,1.5,55
高知,2021-10-25,13.6,100,3.5,95
高知,2021-10-26,20.1,0,2.5,56
高知,2021-10-27,19.9,0,1.3,67
高知,2021-10-28,20.1,0,2.1,52
高知,2021-10-29,18.0,0,3.4,51
高知,2021-10-30,19.3,0,1.3,63
高知,2021-10-31,18.5,10,1.5,80
高知,2021-11-01,20.8,0,1.4,63
高知,2021-11-02,19.7,0,2.0,53
高知,2021-11-03,19.2,0,1.4,61
高知,2021-11-04,18.9,10,1.1,58
高知,2021-11-05,18.9,0,2.2,51
高知,2021-11-06,17.7,0,1.1,63
高知,2021-11-07,20.8,0,2.8,58
高知,2021-11-08,18.7,100,4.8,91
高知,2021-11-09,16.2,0,3.0,57
高知,2021-11-10,14.3,0,2.5,58
高知,2021-11-11,14.9,30,2.5,62
高知,2021-11-12,13.4,0,2.8,55
高知,2021-11-13,13.9,0,1.8,66
高知,2021-11-14,15.9,0,1.3,65
高知,2021-11-15,16.7,0,1.7,69
高知,2021-11-16,17.2,0,1.3,59
高知,2021-11-17,16.8,0,1.8,55
高知,2021-11-18,17.0,0,1.2,66
高知,2021-11-19,17.3,0,1.4,67
高知,2021-11-20,17.9,0,1.5,60
高知,2021-11-21,17.8,0,1.0,59
高知,2021-11-22,15.8,70,2.8,86
高知,2021-11-23,11.5,0,3.0,50
高知,2021-11-24,12.2,0,3.0,52
高知,2021-11-25,14.9,0,1.6,61
高知,2021-11-26,15.3,0,1.8,54
高知,2021-11-27,11.4,0,2.9,52
高知,2021-11-28,12.4,0,1.9,53
高知,2021-11-29,13.2,0,1.3,66
高知,2021-11-30,15.8,90,3.9,87
高知,2021-12-01,10.3,0,3.6,47
高知,2021-12-02,8.7,0,1.6,61
高知,2021-12-03,11.0,0,1.4,68
高知,2021-12-04,9.6,0,2.5,52
高知,2021-12-05,11.2,0,1.3,60
高知,2021-12-06,13.4,0,1.1,69
高知,2021-12-07,14.6,0,4.2,57
高知,2021-12-08,13.4,0,6.2,52
高知,2021-12-09,12.9,0,1.1,59
高知,2021-12-10,14.5,0,0.9,72
高知,2021-12-11,14.7,0,1.0,66
高知,2021-12-12,15.9,0,2.7,59
高知,2021-12-13,11.4,0,2.5,54
高知,2021-12-14,10.8,0,1.3,56
高知,2021-12-15,12.9,0,1.8,54
高知,2021-12-16,13.5,20,1.2,70
高知,2021-12-17,11.1,10,5.5,56
高知,2021-12-18,6.4,0,2.0,47
高知,2021-12-19,8.5,0,2.9,53
高知,2021-12-20,9.1,0,2.2,63
高知,2021-12-21,12.2,0,1.2,74
高知,2021-12-22,13.7,0,1.0,67
高知,2021-12-23,12.2,30,1.6,78
高知,2021-12-24,12.7,20,1.4,83
高知,2021-12-25,10.4,0,3.1,52
高知,2021-12-26,3.4,0,4.2,43
高知,2021-12-27,4.0,0,2.5,51
高知,2021-12-28,8.7,0,1.2,56
高知,2021-12-29,9.3,0,1.6,68
高知,2021-12-30,9.0,0,5.5,46
高知,2021-12-31,5.2,0,4.0,47
高知,2022-01-01,7.1,0,2.2,56
高知,2022-01-02,9.3,0,1.6,62
高知,2022-01-03,10.3,0,1.7,55
高知,2022-01-04,9.5,0,1.8,52
高知,2022-01-05,8.7,0,1.3,58
高知,2022-01-06,8.3,40,1.2,85
高知,2022-01-07,8.4,0,1.7,49
高知,2022-01-08,9.5,30,1.5,66
高知,2022-01-09,11.6,0,1.4,58
高知,2022-01-10,11.6,0,1.4,56
高知,2022-01-11,8.0,30,3.5,69
高知,2022-01-12,6.1,0,2.7,46
高知,2022-01-13,6.2,0,3.6,50
高知,2022-01-14,5.8,0,2.1,47
高知,2022-01-15,7.7,0,1.0,59
高知,2022-01-16,10.5,0,2.1,57
高知,2022-01-17,8.6,0,2.3,45
高知,2022-01-18,6.9,0,1.6,47
高知,2022-01-19,7.2,0,1.6,49
高知,2022-01-20,6.4,0,3.5,48
高知,2022-01-21,6.0,0,2.6,52
高知,2022-01-22,8.7,0,1.4,62
高知,2022-01-23,9.2,100,1.3,98
高知,2022-01-24,9.1,0,4.1,59
高知,2022-01-25,9.9,0,1.3,74
高知,2022-01-26,12.2,0,2.4,52
高知,2022-01-27,10.6,0,1.9,48
高知,2022-01-28,11.2,0,1.4,49
高知,2022-01-29,8.7,0,1.3,64
高知,2022-01-30,8.4,0,3.1,48
高知,2022-01-31,9.1,0,2.4,43
高知,2022-02-01,9.0,0,2.9,52
高知,2022-02-02,8.2,0,2.1,45
高知,2022-02-03,7.9,0,1.4,50
高知,2022-02-04,8.1,0,2.2,44
高知,2022-02-05,5.2,0,5.0,36
高知,2022-02-06,5.4,0,3.3,40
高知,2022-02-07,7.3,0,2.0,53
高知,2022-02-08,7.0,70,1.0,85
高知,2022-02-09,10.0,0,1.8,59
高知,2022-02-10,8.7,20,2.2,71
高知,2022-02-11,11.2,0,2.0,47
高知,2022-02-12,10.8,30,1.8,64
高知,2022-02-13,8.2,90,2.6,89
高知,2022-02-14,11.0,0,3.4,51
高知,2022-02-15,11.1,0,3.3,48
高知,2022-02-16,5.7,0,4.4,38
高知,2022-02-17,3.6,0,3.0,40
高知,2022-02-18,8.0,0,1.7,48
高知,2022-02-19,7.2,100,3.2,92
高知,2022-02-20,6.2,0,4.4,46
高知,2022-02-21,5.9,0,3.0,42
高知,2022-02-22,6.8,0,2.9,43
高知,2022-02-23,5.4,0,1.5,52
高知,2022-02-24,6.5,0,2.9,46
高知,2022-02-25,8.2,0,2.8,57
高知,2022-02-26,10.3,0,1.7,49
高知,2022-02-27,13.2,0,1.7,44
高知,2022-02-28,12.8,0,1.8,44
高知,2022-03-01,11.6,80,1.0,90
高知,2022-03-02,14.0,20,2.6,48
高知,2022-03-03,12.6,0,2.3,48
高知,2022-03-04,11.1,20,1.7,53
高知,2022-03-05,14.2,10,2.6,46
高知,2022-03-06,10.6,0,2.3,38
高知,2022-03-07,9.0,0,2.2,46
高知,2022-03-08,11.8,0,2.4,49
高知,2022-03-09,14.0,0,1.1,41
高知,2022-03-10,14.2,0,1.9,56
高知,2022-03-11,15.6,0,1.5,62
高知,2022-03-12,17.9,0,1.8,60
高知,2022-03-13,17.9,50,2.5,73
高知,2022-03-14,20.2,50,1.6,72
高知,2022-03-15,22.6,0,2.3,39
高知,2022-03-16,18.9,0,2.1,58
高知,2022-03-17,19.0,0,2.1,51
高知,2022-03-18,13.8,80,3.4,95
高知,2022-03-19,13.8,50,3.0,66
高知,2022-03-20,13.2,0,2.4,53
高知,2022-03-21,13.3,10,2.4,62
高知,2022-03-22,10.6,30,2.7,73
高知,2022-03-23,11.4,60,1.9,73
高知,2022-03-24,13.8,0,2.5,62
高知,2022-03-25,16.1,0,2.4,66
高知,2022-03-26,16.3,90,4.2,98
高知,2022-03-27,18.0,0,2.3,56
高知,2022-03-28,15.1,0,2.4,53
高知,2022-03-29,14.7,30,1.3,72
高知,2022-03-30,17.1,0,1.5,76
高知,2022-03-31,17.2,70,1.6,88
高知,2022-04-01,12.5,0,4.0,38
高知,2022-04-02,11.9,0,1.7,54
高知,2022-04-03,15.1,20,1.5,59
高知,2022-04-04,17.9,0,1.5,39
高知,2022-04-05,16.3,0,2.2,60
高知,2022-04-06,17.7,0,1.6,63
高知,2022-04-07,18.4,0,1.8,61
高知,2022-04-08,18.7,0,2.0,54
高知,2022-04-09,19.3,0,2.0,66
高知,2022-04-10,20.2,0,2.1,67
高知,2022-04-11,19.0,20,1.9,72
高知,2022-04-12,20.8,0,1.8,73
高知,2022-04-13,22.6,10,1.8,74
高知,2022-04-14,20.0,100,1.1,90
高知,2022-04-15,21.0,0,3.8,66
高知,2022-04-16,15.8,0,3.8,44
高知,2022-04-17,18.3,0,1.7,40
高知,2022-04-18,19.2,0,1.9,50
高知,2022-04-19,20.5,0,2.2,38
高知,2022-04-20,20.8,0,2.3,48
高知,2022-04-21,16.9,100,1.2,92
高知,2022-04-22,20.6,0,1.6,69
高知,2022-04-23,19.6,50,1.4,75
高知,2022-04-24,18.6,70,1.0,94
高知,2022-04-25,21.9,20,1.6,75
高知,2022-04-26,21.5,100,3.8,94
高知,2022-04-27,23.3,80,1.4,89
高知,2022-04-28,22.3,0,1.9,71
高知,2022-04-29,18.5,70,4.6,88
高知,2022-04-30,17.8,0,2.8,55
高知,2022-05-01,19.4,30,1.9,62
高知,2022-05-02,19.4,0,3.1,40
高知,2022-05-03,17.5,0,2.3,58
高知,2022-05-04,19.7,0,2.1,63
高知,2022-05-05,20.9,0,1.8,61
高知,2022-05-06,20.7,10,3.0,68
高知,2022-05-07,22.2,0,1.6,66
高知,2022-05-08,21.2,10,2.6,65
高知,2022-05-09,18.1,90,0.8,88
高知,2022-05-10,20.5,0,2.0,65
高知,2022-05-11,20.0,100,2.1,92
高知,2022-05-12,19.9,100,2.0,98
高知,2022-05-13,20.8,100,1.5,100
高知,2022-05-14,24.6,0,1.7,56
高知,2022-05-15,19.7,20,1.4,65
高知,2022-05-16,18.3,40,1.6,76
高知,2022-05-17,19.7,0,1.6,69
高知,2022-05-18,21.9,0,2.0,52
高知,2022-05-19,23.3,0,1.3,49
高知,2022-05-20,22.2,0,1.0,60
高知,2022-05-21,19.4,20,1.4,72
高知,2022-05-22,22.4,0,2.4,63
高知,2022-05-23,23.8,0,1.4,68
高知,2022-05-24,24.3,0,2.1,59
高知,2022-05-25,23.7,50,2.6,69
高知,2022-05-26,20.9,90,2.3,90
高知,2022-05-27,25.9,0,2.3,43
高知,2022-05-28,27.0,0,1.1,53
高知,2022-05-29,25.3,0,1.9,56
高知,2022-05-30,20.1,90,1.3,95
高知,2022-05-31,27.2,0,2.2,54
高知,2022-06-01,23.5,0,1.0,59
高知,2022-06-02,24.2,0,1.9,55
高知,2022-06-03,24.1,20,2.0,69
高知,2022-06-04,24.6,0,2.3,62
高知,2022-06-05,20.8,60,1.6,82
高知,2022-06-06,24.5,30,1.9,72
高知,2022-06-07,24.9,0,2.0,50
高知,2022-06-08,21.8,70,1.8,74
高知,2022-06-09,23.5,70,2.1,72
高知,2022-06-10,23.7,70,1.7,79
高知,2022-06-11,20.7,80,1.4,96
高知,2022-06-12,26.9,0,2.0,55
高知,2022-06-13,21.7,80,1.4,81
高知,2022-06-14,20.5,100,1.5,97
高知,2022-06-15,21.8,90,2.2,98
高知,2022-06-16,23.9,60,1.5,85
高知,2022-06-17,26.0,0,1.7,77
高知,2022-06-18,25.7,20,1.5,79
高知,2022-06-19,25.2,50,2.2,82
高知,2022-06-20,25.4,80,1.9,82
高知,2022-06-21,23.2,100,2.8,99
高知,2022-06-22,27.0,90,1.0,85
高知,2022-06-23,28.3,60,2.3,78
高知,2022-06-24,28.4,40,5.2,79
高知,2022-06-25,27.0,100,2.0,89
高知,2022-06-26,27.4,40,1.8,78
高知,2022-06-27,27.8,100,1.9,83
高知,2022-06-28,27.6,100,3.4,85
高知,2022-06-29,28.1,100,2.9,81
高知,2022-06-30,28.9,0,2.1,78
高知,2022-07-01,29.9,0,1.9,69
高知,2022-07-02,27.1,60,2.6,80
高知,2022-07-03,25.9,100,1.3,94
高知,2022-07-04,23.8,100,2.4,99
高知,2022-07-05,26.1,100,2.2,93
高知,2022-07-06,29.2,80,1.2,83
高知,2022-07-07,28.3,50,1.7,79
高知,2022-07-08,25.9,100,1.3,92
高知,2022-07-09,27.4,90,2.4,82
高知,2022-07-10,28.3,80,2.1,79
高知,2022-07-11,28.2,40,1.8,79
高知,2022-07-12,28.2,90,1.5,85
高知,2022-07-13,28.6,20,2.2,72
高知,2022-07-14,26.6,90,2.0,87
高知,2022-07-15,28.2,10,1.9,82
高知,2022-07-16,24.8,90,2.2,93
高知,2022-07-17,28.5,20,1.9,74
高知,2022-07-18,27.9,40,2.0,77
高知,2022-07-19,27.2,100,2.5,95
高知,2022-07-20,29.6,0,2.0,76
高知,2022-07-21,30.1,30,1.9,74
高知,2022-07-22,30.6,0,3.5,56
高知,2022-07-23,28.7,0,2.7,64
高知,2022-07-24,28.4,0,2.3,69
高知,2022-07-25,29.6,20,1.9,72
高知,2022-07-26,31.1,30,1.6,68
高知,2022-07-27,27.8,90,1.7,84
高知,2022-07-28,29.7,50,2.6,74
高知,2022-07-29,30.0,60,4.0,71
高知,2022-07-30,25.7,100,4.0,96
高知,2022-07-31,27.2,80,1.8,88
高知,2022-08-01,29.4,100,3.5,79
高知,2022-08-02,29.6,80,2.0,79
高知,2022-08-03,30.4,10,1.9,77
高知,2022-08-04,31.9,20,1.2,71
高知,2022-08-05,29.9,90,1.6,78
高知,2022-08-06,28.9,50,1.4,80
高知,2022-08-07,29.9,60,1.6,77
高知,2022-08-08,30.0,70,1.4,81
高知,2022-08-09,29.3,100,1.8,80
高知,2022-08-10,29.8,100,1.8,77
高知,2022-08-11,29.0,80,1.5,82
高知,2022-08-12,29.6,60,1.3,81
高知,2022-08-13,29.9,60,1.3,79
高知,2022-08-14,30.7,60,1.4,78
高知,2022-08-15,30.7,90,2.3,78
高知,2022-08-16,29.9,80,1.8,84
高知,2022-08-17,28.9,70,1.5,84
高知,2022-08-18,29.2,80,2.3,83
高知,2022-08-19,28.8,0,2.0,74
高知,2022-08-20,30.5,10,1.1,77
高知,2022-08-21,29.9,40,1.6,78
高知,2022-08-22,29.6,80,2.4,80
高知,2022-08-23,29.9,0,1.3,71
高知,2022-08-24,29.8,20,1.7,79
高知,2022-08-25,30.7,0,2.8,67
高知,2022-08-26,29.4,0,1.5,62
高知,2022-08-27,29.3,0,1.5,67
高知,2022-08-28,29.6,0,2.7,54
高知,2022-08-29,28.9,30,1.9,66
高知,2022-08-30,29.9,20,1.6,71
高知,2022-08-31,27.7,100,1.9,86
高知,2022-09-01,27.1,80,1.3,87
高知,2022-09-02,28.8,20,1.3,77
高知,2022-09-03,26.9,90,1.0,86
高知,2022-09-04,28.1,100,3.1,81
高知,2022-09-05,28.2,80,4.2,79
高知,2022-09-06,27.8,80,5.1,91
高知,2022-09-07,29.7,0,3.0,64
高知,2022-09-08,28.8,0,1.9,69
高知,2022-09-09,28.7,60,1.9,74
高知,2022-09-10,27.2,80,1.0,83
高知,2022-09-11,28.4,10,1.6,72
高知,2022-09-12,29.8,40,1.5,69
高知,2022-09-13,28.8,60,1.5,79
高知,2022-09-14,30.2,10,1.6,69
高知,2022-09-15,28.5,50,2.8,76
高知,2022-09-16,28.3,0,3.1,61
高知,2022-09-17,28.1,40,2.5,81
高知,2022-09-18,25.7,100,8.2,93
高知,2022-09-19,25.4,100,10.8,96
高知,2022-09-20,23.9,0,4.8,54
高知,2022-09-21,22.3,0,4.2,56
高知,2022-09-22,24.6,80,1.2,88
高知,2022-09-23,28.7,20,1.5,72
高知,2022-09-24,28.1,0,2.3,53
高知,2022-09-25,25.8,0,1.7,69
高知,2022-09-26,26.7,10,1.5,72
高知,2022-09-27,25.0,100,1.4,86
高知,2022-09-28,24.4,70,1.0,83
高知,2022-09-29,24.9,40,1.0,79
高知,2022-09-30,25.4,0,1.4,62
高知,2022-10-01,25.7,0,1.7,70
高知,2022-10-02,26.1,0,1.4,59
高知,2022-10-03,25.2,70,1.7,75
高知,2022-10-04,26.0,60,2.4,82
高知,2022-10-05,24.4,0,3.8,66
高知,2022-10-06,21.9,20,1.9,67
高知,2022-10-07,20.8,30,1.1,85
高知,2022-10-08,21.1,0,4.4,54
高知,2022-10-09,20.5,10,1.6,75
高知,2022-10-10,21.6,0,4.1,55
高知,2022-10-11,20.8,0,1.6,51
高知,2022-10-12,19.3,0,3.1,65
高知,2022-10-13,24.0,0,2.2,65
高知,2022-10-14,23.8,0,1.5,64
高知,2022-10-15,24.1,0,1.6,69
高知,2022-10-16,24.2,0,1.5,66
高知,2022-10-17,20.8,100,0.7,97
高知,2022-10-18,20.3,0,3.4,56
高知,2022-10-19,19.2,0,2.7,50
高知,2022-10-20,19.3,0,1.8,55
高知,2022-10-21,21.0,0,1.6,67
高知,2022-10-22,21.6,0,0.7,72
高知,2022-10-23,23.7,0,1.3,58
高知,2022-10-24,18.8,0,2.4,50
高知,2022-10-25,17.0,0,3.6,53
高知,2022-10-26,17.9,0,2.0,48
高知,2022-10-27,18.2,0,0.9,63
高知,2022-10-28,20.9,0,1.6,54
高知,2022-10-29,18.6,0,3.4,51
高知,2022-10-30,18.5,0,3.1,47
高知,2022-10-31,19.0,0,1.4,53
高知,2022-11-01,17.6,100,1.8,99
高知,2022-11-02,21.1,0,1.3,70
高知,2022-11-03,20.6,0,1.1,76
高知,2022-11-04,19.7,0,1.5,55
高知,2022-11-05,18.2,0,0.8,58
高知,2022-11-06,17.9,0,1.8,58
高知,2022-11-07,16.4,90,1.0,86
高知,2022-11-08,17.8,0,1.3,63
高知,2022-11-09,18.3,0,1.4,64
高知,2022-11-10,19.2,0,1.5,70
高知,2022-11-11,19.9,0,1.3,70
高知,2022-11-12,20.9,0,1.1,68
高知,2022-11-13,21.0,50,2.2,86
高知,2022-11-14,16.7,0,2.7,57
高知,2022-11-15,16.5,0,2.2,61
高知,2022-11-16,16.2,0,2.4,51
高知,2022-11-17,15.3,0,1.0,68
高知,2022-11-18,17.1,0,1.1,59
高知,2022-11-19,15.3,0,1.2,62
高知,2022-11-20,19.0,0,1.4,60
高知,2022-11-21,19.5,0,2.0,61
高知,2022-11-22,18.6,10,1.4,69
高知,2022-11-23,16.7,60,1.7,96
高知,2022-11-24,17.8,0,0.9,68
高知,2022-11-25,16.5,0,1.1,64
高知,2022-11-26,16.4,20,0.9,86
高知,2022-11-27,16.6,0,1.1,64
高知,2022-11-28,17.8,0,1.3,71
高知,2022-11-29,18.8,70,1.9,99
高知,2022-11-30,14.8,0,2.6,60
高知,2022-12-01,10.5,0,2.7,54
高知,2022-12-02,8.8,0,3.1,55
高知,2022-12-03,12.6,0,1.0,68
高知,2022-12-04,12.3,40,1.6,87
高知,2022-12-05,11.8,30,3.4,59
高知,2022-12-06,10.2,0,2.1,58
高知,2022-12-07,10.7,0,1.7,58
高知,2022-12-08,11.8,0,1.4,63
高知,2022-12-09,13.8,0,1.2,65
高知,2022-12-10,15.1,0,1.3,70
高知,2022-12-11,14.2,0,2.6,59
高知,2022-12-12,11.3,0,2.1,55
高知,2022-12-13,13.4,0,1.9,50
高知,2022-12-14,7.8,0,3.5,49
高知,2022-12-15,7.9,0,1.6,49
高知,2022-12-16,10.6,0,1.4,64
高知,2022-12-17,6.7,90,1.6,97
高知,2022-12-18,3.6,0,3.4,48
高知,2022-12-19,5.3,0,2.8,48
高知,2022-12-20,7.8,0,1.6,58
高知,2022-12-21,10.1,60,2.1,77
高知,2022-12-22,8.1,0,3.9,57
高知,2022-12-23,2.5,70,3.7,52
高知,2022-12-24,6.3,0,2.0,56
高知,2022-12-25,9.4,0,2.2,54
高知,2022-12-26,9.2,0,2.1,56
高知,2022-12-27,10.4,0,1.6,57
高知,2022-12-28,10.5,0,0.9,62
高知,2022-12-29,9.1,0,1.4,52
高知,2022-12-30,8.2,0,1.4,53
高知,2022-12-31,9.1,0,2.1,55
高知,2023-01-01,9.2,0,1.7,57
高知,2023-01-02,9.5,0,1.3,57
高知,2023-01-03,8.3,0,1.6,53
高知,2023-01-04,8.5,0,2.2,47
高知,2023-01-05,9.0,0,1.8,49
高知,2023-01-06,9.5,0,1.8,63
高知,2023-01-07,9.7,0,2.9,54
高知,2023-01-08,9.8,0,2.0,61
高知,2023-01-09,11.3,0,1.5,53
高知,2023-01-10,8.9,0,2.7,49
高知,2023-01-11,10.9,0,1.5,56
高知,2023-01-12,14.0,0,1.4,67
高知,2023-01-13,15.7,50,2.0,78
高知,2023-01-14,17.3,30,1.2,90
高知,2023-01-15,14.7,50,1.8,76
高知,2023-01-16,12.5,10,3.2,60
高知,2023-01-17,10.2,10,1.6,64
高知,2023-01-18,10.1,0,2.6,60
高知,2023-01-19,9.3,0,1.4,59
高知,2023-01-20,10.0,0,2.9,54
高知,2023-01-21,7.4,0,2.1,50
高知,2023-01-22,9.1,10,1.2,69
高知,2023-01-23,7.6,70,2.0,91
高知,2023-01-24,4.0,60,6.1,53
高知,2023-01-25,2.1,0,3.0,45
高知,2023-01-26,6.3,0,2.0,54
高知,2023-01-27,5.0,70,2.1,78
高知,2023-01-28,4.4,0,3.5,49
高知,2023-01-29,5.6,0,2.4,57
高知,2023-01-30,7.5,10,3.2,49
高知,2023-01-31,7.4,0,2.6,62
高知,2023-02-01,9.3,20,1.3,66
高知,2023-02-02,8.7,0,3.0,52
高知,2023-02-03,8.6,0,1.5,59
高知,2023-02-04,11.1,0,2.2,53
高知,2023-02-05,9.8,0,1.6,57
高知,2023-02-06,10.4,0,1.2,58
高知,2023-02-07,10.3,60,2.2,86
高知,2023-02-08,12.0,0,2.4,56
高知,2023-02-09,10.8,0,1.7,57
高知,2023-02-10,10.6,90,2.6,92
高知,2023-02-11,12.7,0,1.5,60
高知,2023-02-12,14.2,0,1.6,72
高知,2023-02-13,12.0,60,3.0,82
高知,2023-02-14,7.4,0,3.9,48
高知,2023-02-15,5.2,0,2.9,51
高知,2023-02-16,7.6,0,2.1,47
高知,2023-02-17,10.2,0,1.7,62
高知,2023-02-18,13.3,0,1.0,76
高知,2023-02-19,15.2,30,1.9,77
高知,2023-02-20,10.6,0,3.4,44
高知,2023-02-21,6.8,0,3.9,44
高知,2023-02-22,7.7,0,1.6,56
高知,2023-02-23,10.1,20,1.3,86
高知,2023-02-24,8.2,80,0.9,97
高知,2023-02-25,10.1,0,1.5,53
高知,2023-02-26,7.9,0,2.8,48
高知,2023-02-27,10.7,0,1.6,57
高知,2023-02-28,12.8,0,1.5,66
高知,2023-03-01,15.3,0,1.8,63
高知,2023-03-02,9.5,0,4.4,49
高知,2023-03-03,9.4,0,1.4,48
高知,2023-03-04,12.3,0,1.7,57
高知,2023-03-05,13.5,0,1.9,52
高知,2023-03-06,14.0,0,1.8,65
高知,2023-03-07,15.2,0,1.6,44
高知,2023-03-08,17.2,0,1.8,52
高知,2023-03-09,17.0,50,2.0,71
高知,2023-03-10,18.0,0,1.7,67
高知,2023-03-11,20.0,0,1.5,54
高知,2023-03-12,17.7,50,2.5,66
高知,2023-03-13,12.0,0,2.2,45
高知,2023-03-14,13.5,0,1.7,39
高知,2023-03-15,16.1,0,1.8,54
高知,2023-03-16,18.0,30,1.5,69
高知,2023-03-17,15.8,80,1.5,89
高知,2023-03-18,15.2,0,3.2,67
高知,2023-03-19,14.5,0,2.0,56
高知,2023-03-20,16.0,0,2.2,61
高知,2023-03-21,14.2,100,1.6,95
高知,2023-03-22,19.3,30,2.2,71
高知,2023-03-23,19.9,100,3.3,96
高知,2023-03-24,21.0,80,2.2,80
高知,2023-03-25,15.5,60,2.3,76
高知,2023-03-26,15.1,60,2.6,77
高知,2023-03-27,15.8,0,1.8,53
高知,2023-03-28,16.5,0,2.0,51
高知,2023-03-29,16.4,10,2.2,60
高知,2023-03-30,17.2,0,1.8,54
高知,2023-03-31,17.7,0,1.3,54
高知,2023-04-01,19.9,0,2.2,46
高知,2023-04-02,20.2,0,1.7,45
高知,2023-04-03,18.5,0,2.8,59
高知,2023-04-04,18.1,0,2.3,61
高知,2023-04-05,16.8,100,3.9,75
高知,2023-04-06,17.6,100,3.9,95
高知,2023-04-07,18.1,70,2.5,94
高知,2023-04-08,14.6,0,4.2,36
高知,2023-04-09,15.4,0,2.4,56
高知,2023-04-10,17.8,0,3.1,57
高知,2023-04-11,19.2,10,4.2,67
高知,2023-04-12,19.8,40,1.3,73
高知,2023-04-13,17.8,0,2.3,53
高知,2023-04-14,17.2,40,1.3,78
高知,2023-04-15,16.6,80,1.2,94
高知,2023-04-16,18.7,20,2.6,56
高知,2023-04-17,17.1,0,2.3,57
高知,2023-04-18,18.8,0,3.0,63
高知,2023-04-19,21.0,0,1.6,81
高知,2023-04-20,21.4,0,1.9,70
高知,2023-04-21,21.2,0,2.1,69
高知,2023-04-22,18.4,0,5.8,39
高知,2023-04-23,20.3,0,2.2,30
高知,2023-04-24,14.0,30,4.2,41
高知,2023-04-25,14.0,100,3.3,98
高知,2023-04-26,19.0,0,3.2,60
高知,2023-04-27,17.8,0,2.0,60
高知,2023-04-28,19.1,0,2.0,56
高知,2023-04-29,18.1,90,2.4,92
高知,2023-04-30,18.3,10,1.4,75
高知,2023-05-01,21.2,0,2.9,44
高知,2023-05-02,19.2,0,2.0,48
高知,2023-05-03,19.9,0,2.3,58
高知,2023-05-04,19.9,10,1.7,71
高知,2023-05-05,20.6,30,3.0,75
高知,2023-05-06,20.9,90,3.4,90
高知,2023-05-07,20.6,100,2.5,100
高知,2023-05-08,19.0,0,4.0,51
高知,2023-05-09,19.9,0,2.3,57
高知,2023-05-10,20.5,0,1.8,57
高知,2023-05-11,22.0,0,2.3,51
高知,2023-05-12,21.3,0,2.0,52
高知,2023-05-13,17.5,70,1.7,84
高知,2023-05-14,20.5,70,1.9,80
高知,2023-05-15,21.3,40,1.6,66
高知,2023-05-16,23.4,0,1.7,66
高知,2023-05-17,25.1,0,1.8,69
高知,2023-05-18,21.2,60,2.9,83
高知,2023-05-19,20.9,40,3.8,80
高知,2023-05-20,23.9,0,2.2,70
高知,2023-05-21,23.9,0,1.8,72
高知,2023-05-22,23.9,10,2.0,73
高知,2023-05-23,22.0,0,3.9,52
高知,2023-05-24,21.2,0,2.2,54
高知,2023-05-25,21.2,0,2.1,60
高知,2023-05-26,20.6,100,1.6,81
高知,2023-05-27,22.8,0,2.0,69
高知,2023-05-28,22.9,0,2.1,67
高知,2023-05-29,24.7,10,1.6,83
高知,2023-05-30,22.1,100,1.3,99
高知,2023-05-31,19.6,50,1.3,84
高知,2023-06-01,22.3,60,1.5,82
高知,2023-06-02,22.0,100,1.1,99
高知,2023-06-03,26.0,0,3.0,46
高知,2023-06-04,23.2,0,1.1,64
高知,2023-06-05,23.4,0,0.8,60
高知,2023-06-06,17.6,100,0.7,97
高知,2023-06-07,23.7,0,1.9,70
高知,2023-06-08,19.6,90,1.1,96
高知,2023-06-09,24.0,0,1.5,71
高知,2023-06-10,22.1,60,1.3,82
高知,2023-06-11,22.2,100,1.5,92
高知,2023-06-12,23.5,40,1.2,88
高知,2023-06-13,25.2,20,1.8,77
高知,2023-06-14,24.9,10,1.1,77
高知,2023-06-15,23.0,60,1.5,89
高知,2023-06-16,25.5,0,2.4,60
高知,2023-06-17,26.0,0,1.9,65
高知,2023-06-18,24.0,0,1.0,76
高知,2023-06-19,26.8,0,2.1,64
高知,2023-06-20,25.5,0,2.2,68
高知,2023-06-21,23.3,70,4.8,88
高知,2023-06-22,24.0,90,1.0,95
高知,2023-06-23,24.6,30,1.8,76
高知,2023-06-24,25.8,0,2.2,73
高知,2023-06-25,25.9,0,1.7,76
高知,2023-06-26,25.7,60,1.4,85
高知,2023-06-27,28.2,50,2.4,79
高知,2023-06-28,27.6,80,1.2,82
高知,2023-06-29,28.2,70,1.4,80
高知,2023-06-30,25.6,100,1.4,97
高知,2023-07-01,24.6,80,1.2,98
高知,2023-07-02,28.4,0,1.8,75
高知,2023-07-03,26.1,70,0.7,86
高知,2023-07-04,28.3,0,1.7,70
高知,2023-07-05,25.1,90,1.5,96
高知,2023-07-06,29.1,0,1.6,66
高知,2023-07-07,27.3,40,1.3,78
高知,2023-07-08,29.2,60,3.7,82
高知,2023-07-09,28.3,100,2.1,89
高知,2023-07-10,29.0,100,1.5,80
高知,2023-07-11,29.6,30,2.2,75
高知,2023-07-12,28.6,80,2.0,84
高知,2023-07-13,28.2,40,1.3,83
高知,2023-07-14,27.7,60,3.0,85
高知,2023-07-15,29.2,60,3.7,78
高知,2023-07-16,29.0,60,2.6,78
高知,2023-07-17,29.8,0,2.1,75
高知,2023-07-18,30.0,0,2.1,76
高知,2023-07-19,28.1,100,1.5,86
高知,2023-07-20,27.6,80,1.4,84
高知,2023-07-21,28.9,50,2.1,69
高知,2023-07-22,28.8,20,2.2,72
高知,2023-07-23,28.6,50,2.4,73
高知,2023-07-24,27.3,90,2.0,82
高知,2023-07-25,29.4,40,1.7,73
高知,2023-07-26,30.5,0,1.6,69
高知,2023-07-27,31.1,0,1.8,67
高知,2023-07-28,30.4,10,1.6,74
高知,2023-07-29,29.6,0,2.0,68
高知,2023-07-30,29.8,10,2.0,72
高知,2023-07-31,29.3,0,1.4,71
高知,2023-08-01,30.5,20,2.3,67
高知,2023-08-02,29.1,70,2.5,75
高知,2023-08-03,28.5,100,2.3,80
高知,2023-08-04,29.5,80,2.0,75
高知,2023-08-05,27.9,90,2.4,86
高知,2023-08-06,29.2,70,2.4,81
高知,2023-08-07,25.9,100,3.7,96
高知,2023-08-08,28.0,100,4.4,89
高知,2023-08-09,26.9,100,6.4,92
高知,2023-08-10,26.7,100,6.0,95
高知,2023-08-11,27.6,70,1.1,87
高知,2023-08-12,31.0,0,1.3,63
高知,2023-08-13,31.8,0,1.8,61
高知,2023-08-14,30.0,30,3.0,65
高知,2023-08-15,27.9,100,3.8,87
高知,2023-08-16,29.7,30,2.3,77
高知,2023-08-17,25.0,100,2.8,98
高知,2023-08-18,28.8,80,2.2,83
高知,2023-08-19,30.0,0,1.4,76
高知,2023-08-20,30.8,0,1.8,72
高知,2023-08-21,30.6,20,1.9,74
高知,2023-08-22,29.6,70,1.8,77
高知,2023-08-23,25.9,100,1.9,97
高知,2023-08-24,27.4,70,1.7,87
高知,2023-08-25,27.5,90,1.9,82
高知,2023-08-26,27.8,60,1.8,80
高知,2023-08-27,28.7,60,1.4,77
高知,2023-08-28,29.2,0,1.9,74
高知,2023-08-29,28.3,80,2.4,78
高知,2023-08-30,26.2,100,3.0,93
高知,2023-08-31,25.4,80,1.6,95
高知,2023-09-01,27.3,90,1.8,82
高知,2023-09-02,28.5,0,1.1,74
高知,2023-09-03,30.1,0,1.5,68
高知,2023-09-04,32.3,0,3.5,51
高知,2023-09-05,28.1,90,2.4,78
高知,2023-09-06,29.1,40,1.3,77
高知,2023-09-07,29.4,0,4.6,56
高知,2023-09-08,28.6,60,1.6,67
高知,2023-09-09,27.4,40,1.3,76
高知,2023-09-10,25.1,100,1.3,91
高知,2023-09-11,25.3,90,1.7,85
高知,2023-09-12,26.9,80,1.7,81
高知,2023-09-13,27.3,60,1.4,81
高知,2023-09-14,27.5,90,1.0,83
高知,2023-09-15,29.0,10,1.7,76
高知,2023-09-16,28.8,0,1.8,74
高知,2023-09-17,28.8,50,2.0,75
高知,2023-09-18,27.6,90,1.1,81
高知,2023-09-19,27.9,50,1.5,78
高知,2023-09-20,27.8,70,1.4,81
高知,2023-09-21,28.9,80,2.5,84
高知,2023-09-22,26.7,30,0.8,78
高知,2023-09-23,27.4,0,2.7,61
高知,2023-09-24,26.6,0,2.1,58
高知,2023-09-25,25.3,60,0.9,83
高知,2023-09-26,27.3,0,1.1,63
高知,2023-09-27,27.7,0,1.4,73
高知,2023-09-28,29.7,0,1.7,63
高知,2023-09-29,27.7,20,1.8,67
高知,2023-09-30,26.9,100,1.7,78
高知,2023-10-01,26.7,40,1.0,70
高知,2023-10-02,24.4,0,3.5,46
高知,2023-10-03,23.1,0,1.0,55
高知,2023-10-04,25.4,20,1.6,60
高知,2023-10-05,22.9,0,1.9,56
高知,2023-10-06,21.8,0,2.9,45
高知,2023-10-07,22.5,0,3.3,44
高知,2023-10-08,16.2,90,1.8,93
高知,2023-10-09,24.8,10,1.3,74
高知,2023-10-10,23.5,0,2.9,50
高知,2023-10-11,22.4,0,3.9,48
高知,2023-10-12,22.7,0,2.5,50
高知,2023-10-13,21.9,0,1.8,51
高知,2023-10-14,20.5,50,1.0,73
高知,2023-10-15,22.7,0,3.8,50
高知,2023-10-16,22.8,0,1.8,50
高知,2023-10-17,22.7,0,1.9,50
高知,2023-10-18,23.2,0,1.7,58
高知,2023-10-19,23.9,0,1.7,59
高知,2023-10-20,22.7,20,2.5,62
高知,2023-10-21,18.8,0,3.2,38
高知,2023-10-22,18.7,0,1.4,52
高知,2023-10-23,21.0,0,1.5,55
高知,2023-10-24,21.2,60,1.4,63
高知,2023-10-25,22.2,0,1.2,43
高知,2023-10-26,22.1,0,1.9,45
高知,2023-10-27,21.8,0,1.7,45
高知,2023-10-28,20.6,0,2.4,46
高知,2023-10-29,18.7,0,2.9,43
高知,2023-10-30,19.4,0,1.5,48
高知,2023-10-31,20.3,0,1.8,53
高知,2023-11-01,20.7,0,1.3,48
高知,2023-11-02,22.2,0,1.2,52
高知,2023-11-03,22.6,0,1.5,59
高知,2023-11-04,23.0,0,1.0,56
高知,2023-11-05,23.1,40,2.0,61
高知,2023-11-06,22.1,100,3.3,95
高知,2023-11-07,19.1,0,1.3,54
高知,2023-11-08,19.0,0,1.2,62
高知,2023-11-09,20.1,0,1.4,75
高知,2023-11-10,18.8,80,1.2,95
高知,2023-11-11,18.2,0,2.3,57
高知,2023-11-12,16.4,10,2.2,59
高知,2023-11-13,12.1,0,2.8,53
高知,2023-11-14,13.3,0,1.1,56
高知,2023-11-15,15.2,0,1.6,59
高知,2023-11-16,15.6,60,1.5,74
高知,2023-11-17,13.9,0,3.6,56
高知,2023-11-18,8.4,40,4.8,52
高知,2023-11-19,13.9,0,2.1,56
高知,2023-11-20,16.1,0,1.6,55
高知,2023-11-21,16.1,0,1.2,70
高知,2023-11-22,17.3,0,1.0,70
高知,2023-11-23,18.0,0,1.3,76
高知,2023-11-24,15.1,0,2.1,54
高知,2023-11-25,11.6,0,2.0,51
高知,2023-11-26,13.6,0,1.1,68
高知,2023-11-27,13.5,60,1.3,91
高知,2023-11-28,14.2,0,3.6,51
高知,2023-11-29,13.8,0,2.1,56
高知,2023-11-30,12.3,0,2.0,53
高知,2023-12-01,9.6,0,2.9,48
高知,2023-12-02,10.3,0,0.8,54
高知,2023-12-03,12.0,0,1.9,58
高知,2023-12-04,11.3,0,1.3,55
高知,2023-12-05,11.5,90,1.7,98
高知,2023-12-06,13.8,0,0.7,73
高知,2023-12-07,14.0,0,1.9,51
高知,2023-12-08,13.4,0,1.2,62
高知,2023-12-09,16.6,0,1.0,76
高知,2023-12-10,16.2,0,0.9,71
高知,2023-12-11,15.1,70,1.9,87
高知,2023-12-12,18.2,10,4.2,71
高知,2023-12-13,14.7,0,1.5,61
高知,2023-12-14,14.7,10,1.1,69
高知,2023-12-15,18.3,20,1.6,89
高知,2023-12-16,14.3,50,2.4,75
高知,2023-12-17,4.8,0,2.6,49
高知,2023-12-18,6.8,0,1.3,58
高知,2023-12-19,6.6,100,1.6,85
高知,2023-12-20,9.6,0,2.1,64
高知,2023-12-21,4.3,0,3.1,47
高知,2023-12-22,2.8,0,3.1,48
高知,2023-12-23,5.6,0,1.2,55
高知,2023-12-24,8.0,0,1.6,59
高知,2023-12-25,8.2,0,3.1,55
高知,2023-12-26,8.6,0,1.4,57
高知,2023-12-27,11.9,0,1.0,62
高知,2023-12-28,12.1,0,1.0,70
高知,2023-12-29,12.3,0,1.2,64
高知,2023-12-30,13.1,0,1.1,66
高知,2023-12-31,12.8,10,2.4,74
高知,2024-01-01,10.5,0,3.3,56
高知,2024-01-02,11.4,20,1.6,71
高知,2024-01-03,11.5,30,1.0,70
高知,2024-01-04,10.7,0,1.7,56
高知,2024-01-05,11.2,0,0.9,59
高知,2024-01-06,12.9,10,1.3,70
高知,2024-01-07,8.4,0,3.6,46
高知,2024-01-08,6.7,0,1.6,51
高知,2024-01-09,8.9,0,0.6,54
高知,2024-01-10,11.2,0,1.8,65
高知,2024-01-11,11.0,0,1.7,43
高知,2024-01-12,11.8,0,2.8,54
高知,2024-01-13,10.4,0,3.9,46
高知,2024-01-14,10.9,0,1.3,66
高知,2024-01-15,10.1,0,3.3,63
高知,2024-01-16,8.1,0,2.6,46
高知,2024-01-17,10.4,0,1.1,61
高知,2024-01-18,15.1,40,1.2,76
高知,2024-01-19,13.7,0,3.6,68
高知,2024-01-20,14.2,30,1.5,75
高知,2024-01-21,13.9,10,3.6,68
高知,2024-01-22,12.5,0,2.5,59
高知,2024-01-23,4.2,0,3.4,45
高知,2024-01-24,3.4,0,4.8,39
高知,2024-01-25,5.8,0,1.5,47
高知,2024-01-26,7.9,0,1.7,47
高知,2024-01-27,9.6,0,1.3,53
高知,2024-01-28,9.1,10,1.8,54
高知,2024-01-29,9.8,0,1.3,56
高知,2024-01-30,11.3,0,1.3,60
高知,2024-01-31,14.3,40,1.1,82
高知,2024-02-01,13.6,10,2.1,66
高知,2024-02-02,11.2,0,2.9,54
高知,2024-02-03,10.8,10,1.5,53
高知,2024-02-04,11.6,10,1.5,75
高知,2024-02-05,11.1,90,2.5,92
高知,2024-02-06,11.2,0,2.0,50
高知,2024-02-07,11.6,0,1.7,50
高知,2024-02-08,10.2,0,4.1,46
高知,2024-02-09,9.8,0,1.4,55
高知,2024-02-10,10.8,0,2.9,47
高知,2024-02-11,8.9,20,2.3,49
高知,2024-02-12,10.3,0,1.3,51
高知,2024-02-13,13.4,0,1.3,66
高知,2024-02-14,16.1,30,1.4,69
高知,2024-02-15,15.5,80,2.0,94
高知,2024-02-16,10.7,0,4.8,52
高知,2024-02-17,12.5,0,1.1,62
高知,2024-02-18,16.0,0,1.8,72
高知,2024-02-19,16.4,70,2.3,92
高知,2024-02-20,19.3,0,1.7,82
高知,2024-02-21,17.0,100,1.3,97
高知,2024-02-22,13.0,50,3.4,76
高知,2024-02-23,7.4,90,4.5,82
高知,2024-02-24,10.2,0,2.6,54
高知,2024-02-25,10.5,40,3.3,82
高知,2024-02-26,10.4,0,4.5,50
高知,2024-02-27,8.1,0,3.4,47
高知,2024-02-28,10.8,0,1.3,55
高知,2024-02-29,10.3,100,1.8,94
高知,2024-03-01,12.4,0,3.1,49
高知,2024-03-02,6.9,0,2.6,47
高知,2024-03-03,9.7,0,3.0,47
高知,2024-03-04,12.7,0,2.0,54
高知,2024-03-05,10.8,100,1.8,99
高知,2024-03-06,11.2,0,6.4,64
高知,2024-03-07,11.8,0,3.3,42
高知,2024-03-08,10.8,0,3.9,39
高知,2024-03-09,9.2,0,3.1,45
高知,2024-03-10,9.2,0,1.8,47
高知,2024-03-11,12.5,0,2.2,56
高知,2024-03-12,12.7,20,3.3,69
高知,2024-03-13,12.4,0,1.3,49
高知,2024-03-14,12.4,0,2.0,59
高知,2024-03-15,14.3,0,1.3,46
高知,2024-03-16,17.5,0,1.7,50
高知,2024-03-17,14.2,80,1.1,83
高知,2024-03-18,12.0,0,3.4,44
高知,2024-03-19,10.4,50,1.4,75
高知,2024-03-20,8.2,20,6.9,48
高知,2024-03-21,7.9,10,2.1,57
高知,2024-03-22,11.2,0,2.3,53
高知,2024-03-23,16.9,70,2.0,86
高知,2024-03-24,16.6,80,1.8,98
高知,2024-03-25,17.2,70,1.3,92
高知,2024-03-26,16.3,40,2.7,76
高知,2024-03-27,14.9,0,2.2,43
高知,2024-03-28,13.8,50,2.8,80
高知,2024-03-29,21.1,0,2.0,52
高知,2024-03-30,20.1,0,2.5,60
高知,2024-03-31,20.7,0,1.5,58
高知,2024-04-01,21.1,0,2.0,43
高知,2024-04-02,18.7,0,1.2,60
高知,2024-04-03,16.9,100,1.3,97
高知,2024-04-04,20.8,10,2.5,65
高知,2024-04-05,16.9,0,1.7,72
高知,2024-04-06,17.8,40,1.7,76
高知,2024-04-07,19.1,0,1.4,72
高知,2024-04-08,20.1,50,1.2,82
高知,2024-04-09,15.7,0,6.5,57
高知,2024-04-10,16.4,0,2.3,48
高知,2024-04-11,17.3,0,2.7,62
高知,2024-04-12,19.5,0,2.4,60
高知,2024-04-13,19.8,0,1.9,62
高知,2024-04-14,20.4,0,1.9,61
高知,2024-04-15,18.2,80,4.5,78
高知,2024-04-16,19.5,70,3.1,87
高知,2024-04-17,21.8,0,1.4,67
高知,2024-04-18,20.2,10,1.3,68
高知,2024-04-19,21.8,0,1.9,48
高知,2024-04-20,21.2,10,1.7,57
高知,2024-04-21,19.3,100,1.4,97
高知,2024-04-22,20.4,60,1.8,92
高知,2024-04-23,18.2,100,3.7,99
高知,2024-04-24,20.2,100,1.6,94
高知,2024-04-25,20.5,0,1.7,68
高知,2024-04-26,19.7,20,1.0,74
高知,2024-04-27,19.5,60,1.2,82
高知,2024-04-28,22.2,0,1.6,70
高知,2024-04-29,20.1,100,0.7,94
高知,2024-04-30,23.6,90,1.9,84
高知,2024-05-01,17.6,60,2.7,85
高知,2024-05-02,18.7,0,1.6,62
高知,2024-05-03,20.3,0,2.0,66
高知,2024-05-04,22.0,0,1.8,54
高知,2024-05-05,21.0,50,3.9,69
高知,2024-05-06,19.6,100,3.1,95
高知,2024-05-07,23.0,0,3.5,54
高知,2024-05-08,19.3,30,3.4,57
高知,2024-05-09,18.3,0,3.4,45
高知,2024-05-10,20.2,0,2.3,62
高知,2024-05-11,21.7,0,2.4,60
高知,2024-05-12,20.3,100,3.8,93
高知,2024-05-13,18.9,40,4.9,64
高知,2024-05-14,21.0,0,1.9,52
高知,2024-05-15,21.4,80,1.6,78
高知,2024-05-16,18.4,0,4.8,46
高知,2024-05-17,21.3,0,2.1,53
高知,2024-05-18,23.7,0,1.5,50
高知,2024-05-19,16.7,90,1.3,92
高知,2024-05-20,22.7,0,1.7,64
高知,2024-05-21,25.2,0,2.0,60
高知,2024-05-22,22.4,0,1.2,68
高知,2024-05-23,21.4,10,1.6,70
高知,2024-05-24,23.5,0,1.7,66
高知,2024-05-25,24.8,0,2.3,55
高知,2024-05-26,23.8,10,2.9,63
高知,2024-05-27,24.6,70,1.7,86
高知,2024-05-28,21.4,70,3.9,91
高知,2024-05-29,23.7,0,1.6,50
高知,2024-05-30,22.9,0,1.7,61
高知,2024-05-31,20.1,70,0.8,93
高知,2024-06-01,22.9,0,1.9,61
高知,2024-06-02,22.6,80,2.1,72
高知,2024-06-03,23.2,0,1.9,49
高知,2024-06-04,23.8,0,2.9,50
高知,2024-06-05,23.0,0,2.4,59
高知,2024-06-06,21.7,40,1.9,71
高知,2024-06-07,24.1,40,2.4,64
高知,2024-06-08,22.4,70,3.8,78
高知,2024-06-09,19.5,100,3.5,99
高知,2024-06-10,23.8,0,2.1,73
高知,2024-06-11,24.6,0,2.0,77
高知,2024-06-12,25.4,0,2.0,70
高知,2024-06-13,26.1,0,2.2,65
高知,2024-06-14,26.7,0,1.7,66
高知,2024-06-15,24.4,70,1.5,79
高知,2024-06-16,26.4,30,2.5,79
高知,2024-06-17,23.5,70,1.0,89
高知,2024-06-18,26.2,0,2.1,65
高知,2024-06-19,27.0,0,1.7,62
高知,2024-06-20,23.4,70,1.5,85
高知,2024-06-21,25.5,0,2.3,79
高知,2024-06-22,24.1,70,1.5,89
高知,2024-06-23,28.2,90,2.3,91
高知,2024-06-24,24.9,100,1.5,97
高知,2024-06-25,26.7,10,1.0,84
高知,2024-06-26,25.4,90,1.4,83
高知,2024-06-27,23.7,100,1.2,96
高知,2024-06-28,25.1,100,2.6,94
高知,2024-06-29,27.0,40,2.0,84
高知,2024-06-30,26.8,100,3.6,90
高知,2024-07-01,26.5,100,0.9,98
高知,2024-07-02,28.8,80,1.6,82
高知,2024-07-03,29.7,0,1.9,78
高知,2024-07-04,30.7,0,2.4,74
高知,2024-07-05,30.8,0,2.2,67
高知,2024-07-06,31.9,0,1.9,69
高知,2024-07-07,30.4,0,2.4,70
高知,2024-07-08,30.6,0,2.3,69
高知,2024-07-09,31.4,50,2.0,72
高知,2024-07-10,27.3,70,2.2,90
高知,2024-07-11,25.0,90,1.2,98
高知,2024-07-12,28.3,0,1.9,65
高知,2024-07-13,25.5,90,1.6,89
高知,2024-07-14,26.3,90,1.3,90
高知,2024-07-15,24.5,100,1.2,98
高知,2024-07-16,27.5,50,1.2,84
高知,2024-07-17,29.5,10,2.0,77
高知,2024-07-18,28.7,80,2.5,80
高知,2024-07-19,29.5,100,1.9,82
高知,2024-07-20,30.7,10,1.6,77
高知,2024-07-21,31.2,0,1.7,75
高知,2024-07-22,30.7,10,1.6,76
高知,2024-07-23,30.1,90,2.1,78
高知,2024-07-24,29.4,100,1.7,81
高知,2024-07-25,29.0,90,2.0,80
高知,2024-07-26,27.9,70,2.0,87
高知,2024-07-27,30.0,80,1.8,81
高知,2024-07-28,31.4,0,1.5,72
高知,2024-07-29,33.7,0,2.3,66
高知,2024-07-30,34.1,0,2.0,61
高知,2024-07-31,33.8,0,1.9,59
高知,2024-08-01,32.0,0,2.2,67
高知,2024-08-02,32.0,0,1.8,65
高知,2024-08-03,32.3,0,2.0,65
高知,2024-08-04,32.4,10,1.6,68
高知,2024-08-05,31.0,70,1.2,74
高知,2024-08-06,32.1,30,1.6,68
高知,2024-08-07,31.4,30,1.8,70
高知,2024-08-08,31.8,40,2.2,69
高知,2024-08-09,32.3,20,1.5,62
高知,2024-08-10,32.3,20,2.2,59
高知,2024-08-11,31.0,0,2.5,66
高知,2024-08-12,30.9,20,2.7,63
高知,2024-08-13,31.7,20,2.2,59
高知,2024-08-14,31.9,10,2.2,63
高知,2024-08-15,32.4,0,1.7,59
高知,2024-08-16,33.6,30,2.1,59
高知,2024-08-17,31.5,50,2.2,68
高知,2024-08-18,31.2,0,2.0,69
高知,2024-08-19,25.7,100,1.0,99
高知,2024-08-20,29.1,80,1.3,84
高知,2024-08-21,30.4,20,1.4,78
高知,2024-08-22,30.8,50,2.1,75
高知,2024-08-23,30.4,90,1.8,77
高知,2024-08-24,30.5,40,1.5,74
高知,2024-08-25,30.3,50,2.1,72
高知,2024-08-26,29.4,70,2.7,75
高知,2024-08-27,27.5,100,2.2,86
高知,2024-08-28,26.6,100,2.6,89
高知,2024-08-29,25.1,100,6.4,98
高知,2024-08-30,26.2,100,5.0,97
高知,2024-08-31,32.0,0,2.9,62
高知,2024-09-01,30.0,30,2.0,70
高知,2024-09-02,29.7,40,1.4,70
高知,2024-09-03,29.0,0,1.6,72
高知,2024-09-04,28.8,10,1.6,70
高知,2024-09-05,28.8,10,1.6,71
高知,2024-09-06,29.4,0,1.7,68
高知,2024-09-07,29.8,0,1.5,67
高知,2024-09-08,30.2,0,1.8,64
高知,2024-09-09,30.3,0,2.1,65
高知,2024-09-10,26.8,100,1.5,92
高知,2024-09-11,29.3,70,1.4,82
高知,2024-09-12,29.5,50,1.2,77
高知,2024-09-13,29.4,0,1.7,75
高知,2024-09-14,28.2,90,3.0,84
高知,2024-09-15,26.9,100,1.9,93
高知,2024-09-16,28.9,80,1.6,83
高知,2024-09-17,29.4,0,1.7,76
高知,2024-09-18,30.1,0,1.6,75
高知,2024-09-19,30.3,0,1.3,77
高知,2024-09-20,29.3,70,2.1,80
高知,2024-09-21,29.0,50,3.4,74
高知,2024-09-22,26.3,90,1.3,94
高知,2024-09-23,26.0,0,3.9,53
高知,2024-09-24,26.1,10,1.5,68
高知,2024-09-25,25.6,0,1.7,67
高知,2024-09-26,27.7,0,2.1,66
高知,2024-09-27,28.9,0,1.6,69
高知,2024-09-28,28.3,0,1.7,68
高知,2024-09-29,27.0,30,1.3,73
高知,2024-09-30,25.3,60,1.5,77
高知,2024-10-01,27.0,0,2.0,71
高知,2024-10-02,25.9,30,1.4,73
高知,2024-10-03,23.7,80,1.0,95
高知,2024-10-04,24.1,30,2.7,77
高知,2024-10-05,25.2,20,1.6,78
高知,2024-10-06,26.5,0,1.3,73
高知,2024-10-07,25.6,100,1.6,89
高知,2024-10-08,24.0,80,1.1,86
高知,2024-10-09,23.8,0,3.1,57
高知,2024-10-10,23.8,0,1.6,62
高知,2024-10-11,23.0,0,1.5,64
高知,2024-10-12,23.0,0,1.4,62
高知,2024-10-13,24.4,0,1.3,57
高知,2024-10-14,24.3,40,2.9,66
高知,2024-10-15,24.9,0,2.1,67
高知,2024-10-16,25.2,30,1.4,80
高知,2024-10-17,25.5,20,1.6,75
高知,2024-10-18,25.4,20,1.6,79
高知,2024-10-19,24.4,90,1.1,92
高知,2024-10-20,19.9,0,5.5,56
高知,2024-10-21,22.1,0,3.5,67
高知,2024-10-22,22.4,40,3.0,82
高知,2024-10-23,25.6,50,2.2,76
高知,2024-10-24,22.7,50,0.9,83
高知,2024-10-25,24.1,0,1.4,70
高知,2024-10-26,21.1,90,1.0,98
高知,2024-10-27,24.1,0,1.2,75
高知,2024-10-28,21.0,0,3.6,67
高知,2024-10-29,20.8,30,1.3,82
高知,2024-10-30,21.5,0,3.3,57
高知,2024-10-31,20.6,0,1.0,64
高知,2024-11-01,20.9,100,2.5,99
高知,2024-11-02,23.0,70,4.7,92
高知,2024-11-03,21.1,0,3.5,56
高知,2024-11-04,22.0,0,1.1,67
高知,2024-11-05,21.1,0,1.0,66
高知,2024-11-06,19.0,0,1.8,54
高知,2024-11-07,16.1,0,4.2,55
高知,2024-11-08,17.3,0,1.1,56
高知,2024-11-09,18.4,0,0.9,57
高知,2024-11-10,19.6,30,1.1,70
高知,2024-11-11,21.2,0,2.3,62
高知,2024-11-12,20.2,90,1.2,83
高知,2024-11-13,21.0,0,1.9,59
高知,2024-11-14,20.0,0,0.9,71
高知,2024-11-15,18.7,100,0.7,92
高知,2024-11-16,20.2,40,1.5,82
高知,2024-11-17,22.2,70,1.0,82
高知,2024-11-18,16.4,0,2.9,55
高知,2024-11-19,12.8,0,3.9,49
高知,2024-11-20,15.8,0,1.1,62
高知,2024-11-21,16.8,0,1.2,54
高知,2024-11-22,16.3,0,1.9,50
高知,2024-11-23,13.1,0,3.1,51
高知,2024-11-24,12.1,0,2.9,51
高知,2024-11-25,13.6,0,1.8,54
高知,2024-11-26,16.9,100,2.4,94
高知,2024-11-27,14.0,0,2.5,59
高知,2024-11-28,11.0,0,2.6,60
高知,2024-11-29,11.3,0,2.9,54
高知,2024-11-30,12.8,0,2.9,52
高知,2024-12-01,12.7,0,1.4,60
高知,2024-12-02,15.4,0,1.1,65
高知,2024-12-03,17.0,0,2.2,55
高知,2024-12-04,13.1,0,2.6,49
高知,2024-12-05,12.3,0,3.0,51
高知,2024-12-06,12.7,0,2.9,48
高知,2024-12-07,10.8,0,2.4,46
高知,2024-12-08,8.8,0,2.4,50
高知,2024-12-09,11.4,0,0.8,51
高知,2024-12-10,11.9,0,1.3,53
高知,2024-12-11,11.1,0,1.1,56
高知,2024-12-12,11.2,20,1.9,59
高知,2024-12-13,11.2,0,1.6,62
高知,2024-12-14,8.9,0,3.2,44
高知,2024-12-15,8.9,0,3.0,50
高知,2024-12-16,10.1,0,2.1,55
高知,2024-12-17,10.6,0,2.9,52
高知,2024-12-18,9.1,0,2.1,48
高知,2024-12-19,7.6,0,3.9,47
高知,2024-12-20,7.9,0,1.0,49
高知,2024-12-21,11.7,0,1.9,59
高知,2024-12-22,8.7,0,2.5,49
高知,2024-12-23,9.4,0,1.5,47
高知,2024-12-24,9.7,0,0.8,48
高知,2024-12-25,9.6,0,1.8,61
高知,2024-12-26,12.4,0,3.4,55
高知,2024-12-27,9.1,0,2.3,43
高知,2024-12-28,7.3,0,2.6,47
高知,2024-12-29,7.8,0,2.4,47
高知,2024-12-30,8.1,0,1.3,56
高知,2024-12-31,11.1,0,2.2,51
